#VRML V2.0 utf8

Shape {
  appearance Appearance {
    material Material {
      diffuseColor 0.2510 0.2510 0.2510
      specularColor 0.1255 0.1255 0.1255
      ambientIntensity 0.2
      transparency 0.0000
      shininess 0.5
    }
  }
  geometry IndexedFaceSet {
    ccw TRUE
    solid FALSE
    coord DEF co Coordinate {
      point [
        -0.682012 -0.812843 -0.196850,
        -0.930954 -0.812843 -0.196850,
        -0.930954 -0.647133 -0.196850,
        0.680058 -0.567433 -0.196850,
        0.687740 -0.633930 -0.196850,
        0.680058 -0.647133 -0.196850,
        0.687740 -0.642572 -0.196850,
        0.696133 -0.646019 -0.196850,
        0.699312 -0.567433 -0.196850,
        0.696844 -0.567604 -0.196850,
        0.687740 -0.570074 -0.196850,
        0.687740 -0.580637 -0.196850,
        0.696609 -0.576839 -0.196850,
        0.689151 -0.634712 -0.196850,
        0.706180 -0.575595 -0.196850,
        0.713933 -0.576466 -0.196850,
        0.719827 -0.578593 -0.196850,
        0.725277 -0.582239 -0.196850,
        0.730031 -0.587488 -0.196850,
        0.735752 -0.608124 -0.196850,
        0.734955 -0.616648 -0.196850,
        0.732816 -0.623420 -0.196850,
        0.715294 -0.638148 -0.196850,
        0.707950 -0.638971 -0.196850,
        0.721032 -0.636035 -0.196850,
        0.725864 -0.632778 -0.196850,
        0.729559 -0.628880 -0.196850,
        0.697498 -0.637811 -0.196850,
        0.733278 -0.593568 -0.196850,
        0.735377 -0.601997 -0.196850,
        0.742159 -0.588652 -0.196850,
        0.737544 -0.581291 -0.196850,
        0.749676 -0.567433 -0.196850,
        0.726741 -0.643981 -0.196850,
        0.733075 -0.639936 -0.196850,
        0.749676 -0.647133 -0.196850,
        0.738989 -0.633709 -0.196850,
        0.743184 -0.626222 -0.196850,
        0.730435 -0.574454 -0.196850,
        0.722956 -0.570149 -0.196850,
        0.714178 -0.567598 -0.196850,
        0.745554 -0.617888 -0.196850,
        0.746315 -0.608769 -0.196850,
        0.745182 -0.597574 -0.196850,
        0.704090 -0.647133 -0.196850,
        0.707252 -0.647577 -0.196850,
        0.680058 -0.812843 -0.196850,
        0.749676 -0.812843 -0.196850,
        0.709406 -0.647614 -0.196850,
        0.714036 -0.647133 -0.196850,
        0.719109 -0.646607 -0.196850,
        0.453818 -0.812843 -0.196850,
        0.453818 -0.647133 -0.196850,
        0.548504 -0.812843 -0.196850,
        0.548504 -0.647133 -0.196850,
        0.622443 -0.812843 -0.196850,
        0.622443 -0.647133 -0.196850,
        0.753037 -0.638011 -0.196850,
        0.753037 -0.646654 -0.196850,
        0.793367 -0.646654 -0.196850,
        0.782804 -0.638011 -0.196850,
        0.782804 -0.567913 -0.196850,
        0.793367 -0.567913 -0.196850,
        0.930954 -0.567433 -0.196850,
        0.930954 -0.647133 -0.196850,
        0.930954 -0.812843 -0.196850,
        0.632046 -0.567913 -0.196850,
        0.622443 -0.567433 -0.196850,
        0.632046 -0.576556 -0.196850,
        0.630125 -0.638011 -0.196850,
        0.630125 -0.646654 -0.196850,
        0.672376 -0.646654 -0.196850,
        0.672376 -0.567913 -0.196850,
        0.661813 -0.611124 -0.196850,
        0.661813 -0.638011 -0.196850,
        0.633966 -0.611124 -0.196850,
        0.633966 -0.602482 -0.196850,
        0.661813 -0.602482 -0.196850,
        0.661813 -0.576556 -0.196850,
        0.555317 -0.625072 -0.196850,
        0.559832 -0.632115 -0.196850,
        0.566313 -0.638321 -0.196850,
        0.574535 -0.643098 -0.196850,
        0.592541 -0.567913 -0.196850,
        0.548504 -0.567433 -0.196850,
        0.581165 -0.569129 -0.196850,
        0.571952 -0.572364 -0.196850,
        0.563382 -0.578107 -0.196850,
        0.563300 -0.578180 -0.196850,
        0.557731 -0.584354 -0.196850,
        0.554072 -0.591126 -0.196850,
        0.583608 -0.645803 -0.196850,
        0.593351 -0.646654 -0.196850,
        0.614761 -0.646654 -0.196850,
        0.614761 -0.567913 -0.196850,
        0.551957 -0.598884 -0.196850,
        0.551385 -0.606293 -0.196850,
        0.552490 -0.616831 -0.196850,
        0.494056 -0.624568 -0.196850,
        0.526584 -0.624568 -0.196850,
        0.486088 -0.646654 -0.196850,
        0.534101 -0.646654 -0.196850,
        0.474565 -0.646654 -0.196850,
        0.545624 -0.646654 -0.196850,
        0.515856 -0.567913 -0.196850,
        0.505293 -0.567913 -0.196850,
        0.453818 -0.567433 -0.196850,
        0.712151 -0.567433 -0.196850,
        0.749676 0.812843 -0.196850,
        0.930954 0.812843 -0.196850,
        -0.433071 0.137795 -0.196850,
        -0.393701 0.137795 -0.196850,
        -0.393701 -0.137795 -0.196850,
        0.393701 -0.137795 -0.196850,
        0.393701 0.137795 -0.196850,
        0.433071 -0.137795 -0.196850,
        0.433071 0.137795 -0.196850,
        0.453818 0.812843 -0.196850,
        -0.433071 -0.137795 -0.196850,
        -0.682012 -0.567433 -0.196850,
        -0.433071 0.255906 -0.196850,
        -0.682012 0.812843 -0.196850,
        0.433071 0.255906 -0.196850,
        0.393701 0.255906 -0.196850,
        0.393701 0.413386 -0.196850,
        -0.433071 -0.255906 -0.196850,
        -0.393701 -0.255906 -0.196850,
        -0.393701 -0.413386 -0.196850,
        -0.682012 -0.647133 -0.196850,
        -0.393701 0.255906 -0.196850,
        -0.393701 0.413386 -0.196850,
        0.393701 -0.413386 -0.196850,
        0.393701 -0.255906 -0.196850,
        0.433071 -0.255906 -0.196850,
        0.706270 -0.566953 -0.196850,
        0.680058 0.812843 -0.196850,
        0.622443 0.812843 -0.196850,
        0.548504 0.812843 -0.196850,
        -0.930954 -0.567433 -0.196850,
        -0.930954 0.812843 -0.196850,
      ]
    }
    coordIndex [
      0, 1, 2, -1,
      3, 4, 5, -1,
      5, 4, 6, -1,
      5, 6, 7, -1,
      3, 8, 9, -1,
      9, 10, 3, -1,
      3, 10, 11, -1,
      3, 11, 4, -1,
      4, 11, 12, -1,
      4, 12, 13, -1,
      13, 12, 14, -1,
      13, 14, 15, -1,
      15, 16, 13, -1,
      13, 16, 17, -1,
      13, 17, 18, -1,
      19, 20, 13, -1,
      13, 20, 21, -1,
      22, 23, 24, -1,
      24, 23, 25, -1,
      21, 26, 13, -1,
      13, 26, 25, -1,
      13, 25, 27, -1,
      27, 25, 23, -1,
      18, 28, 13, -1,
      13, 28, 29, -1,
      13, 29, 19, -1,
      30, 31, 32, -1,
      33, 34, 35, -1,
      35, 34, 36, -1,
      35, 36, 37, -1,
      31, 38, 32, -1,
      32, 38, 39, -1,
      32, 39, 40, -1,
      37, 41, 35, -1,
      35, 41, 42, -1,
      35, 42, 32, -1,
      32, 42, 43, -1,
      32, 43, 30, -1,
      44, 45, 46, -1,
      46, 45, 47, -1,
      45, 48, 47, -1,
      47, 48, 49, -1,
      47, 49, 35, -1,
      35, 49, 50, -1,
      35, 50, 33, -1,
      51, 52, 53, -1,
      53, 52, 54, -1,
      53, 54, 55, -1,
      55, 54, 56, -1,
      55, 56, 46, -1,
      46, 56, 5, -1,
      46, 5, 44, -1,
      44, 5, 7, -1,
      32, 57, 35, -1,
      35, 57, 58, -1,
      35, 58, 59, -1,
      60, 57, 61, -1,
      61, 57, 32, -1,
      61, 32, 62, -1,
      62, 32, 63, -1,
      62, 63, 59, -1,
      59, 63, 64, -1,
      59, 64, 35, -1,
      35, 64, 65, -1,
      35, 65, 47, -1,
      66, 67, 3, -1,
      66, 68, 67, -1,
      67, 68, 69, -1,
      67, 69, 56, -1,
      56, 69, 70, -1,
      56, 70, 5, -1,
      5, 70, 71, -1,
      5, 71, 3, -1,
      3, 71, 72, -1,
      3, 72, 66, -1,
      73, 74, 75, -1,
      75, 74, 69, -1,
      75, 69, 76, -1,
      76, 69, 68, -1,
      76, 68, 77, -1,
      77, 68, 78, -1,
      79, 80, 54, -1,
      54, 80, 81, -1,
      54, 81, 82, -1,
      83, 84, 67, -1,
      83, 85, 84, -1,
      84, 85, 86, -1,
      84, 86, 87, -1,
      87, 88, 84, -1,
      84, 88, 89, -1,
      84, 89, 90, -1,
      82, 91, 54, -1,
      54, 91, 92, -1,
      54, 92, 56, -1,
      56, 92, 93, -1,
      56, 93, 67, -1,
      67, 93, 94, -1,
      67, 94, 83, -1,
      90, 95, 84, -1,
      84, 95, 96, -1,
      84, 96, 54, -1,
      54, 96, 97, -1,
      54, 97, 79, -1,
      98, 99, 100, -1,
      100, 99, 101, -1,
      102, 100, 52, -1,
      52, 100, 101, -1,
      52, 101, 54, -1,
      54, 101, 103, -1,
      54, 103, 84, -1,
      84, 103, 104, -1,
      84, 104, 105, -1,
      102, 52, 105, -1,
      105, 52, 106, -1,
      105, 106, 84, -1,
      40, 107, 32, -1,
      32, 107, 108, -1,
      32, 108, 63, -1,
      63, 108, 109, -1,
      110, 111, 112, -1,
      113, 114, 115, -1,
      115, 114, 116, -1,
      115, 116, 117, -1,
      112, 118, 110, -1,
      110, 118, 119, -1,
      110, 119, 120, -1,
      120, 119, 121, -1,
      122, 123, 124, -1,
      118, 125, 119, -1,
      119, 125, 126, -1,
      119, 126, 127, -1,
      127, 106, 119, -1,
      119, 106, 52, -1,
      119, 52, 128, -1,
      128, 52, 51, -1,
      128, 51, 0, -1,
      129, 120, 130, -1,
      130, 120, 121, -1,
      130, 121, 124, -1,
      124, 121, 117, -1,
      124, 117, 122, -1,
      122, 117, 116, -1,
      127, 131, 106, -1,
      106, 131, 132, -1,
      106, 132, 133, -1,
      107, 134, 108, -1,
      108, 134, 8, -1,
      108, 8, 135, -1,
      135, 8, 3, -1,
      135, 3, 136, -1,
      136, 3, 67, -1,
      136, 67, 137, -1,
      137, 67, 84, -1,
      137, 84, 117, -1,
      117, 84, 106, -1,
      117, 106, 115, -1,
      115, 106, 133, -1,
      0, 2, 128, -1,
      128, 2, 138, -1,
      128, 138, 119, -1,
      119, 138, 139, -1,
      119, 139, 121, -1,
    ]
  }
}

Shape {
  appearance Appearance {
    material Material {
      diffuseColor 1.0000 1.0000 1.0000
      specularColor 0.5020 0.5020 0.5020
      ambientIntensity 0.2
      transparency 0.0000
      shininess 0.5
    }
  }
  geometry IndexedFaceSet {
    ccw TRUE
    solid FALSE
    coord DEF co Coordinate {
      point [
        -0.393701 0.137795 -0.196850,
        -0.393701 -0.137795 -0.196850,
        0.393701 -0.137795 -0.196850,
        0.393701 0.137795 -0.196850,
        0.393701 0.255906 -0.196850,
        0.393701 0.413386 -0.196850,
        -0.393701 -0.255906 -0.196850,
        -0.393701 -0.413386 -0.196850,
        -0.393701 0.255906 -0.196850,
        -0.393701 0.413386 -0.196850,
        0.393701 -0.413386 -0.196850,
        0.393701 -0.255906 -0.196850,
        0.393701 0.137795 -0.236220,
        0.393701 -0.137795 -0.236220,
        0.393701 -0.413386 -0.236220,
        0.393701 -0.255906 -0.236220,
        -0.393701 0.137795 -0.236220,
        -0.393701 -0.137795 -0.236220,
        -0.393701 -0.413386 -0.236220,
        -0.393701 -0.255906 -0.236220,
        0.393701 0.413386 -0.236220,
        0.393701 0.255906 -0.236220,
        -0.393701 0.413386 -0.236220,
        -0.393701 0.255906 -0.236220,
      ]
    }
    coordIndex [
      12, 3, 13, -1,
      13, 3, 2, -1,
      10, 14, 11, -1,
      11, 14, 15, -1,
      0, 16, 1, -1,
      1, 16, 17, -1,
      18, 7, 19, -1,
      19, 7, 6, -1,
      20, 5, 21, -1,
      21, 5, 4, -1,
      9, 22, 8, -1,
      8, 22, 23, -1,
    ]
  }
}

Shape {
  appearance Appearance {
    material Material {
      diffuseColor 0.2510 0.2510 0.2510
      specularColor 0.1255 0.1255 0.1255
      ambientIntensity 0.2
      transparency 0.0000
      shininess 0.5
    }
  }
  geometry IndexedFaceSet {
    ccw TRUE
    solid FALSE
    coord DEF co Coordinate {
      point [
        -0.930954 -0.812843 -0.196850,
        0.930954 -0.812843 -0.196850,
        0.930954 0.812843 -0.196850,
        -0.930954 0.812843 -0.196850,
        0.942965 0.864075 -0.023622,
        0.930954 0.852064 -0.160912,
        0.840551 0.864075 -0.023622,
        -0.930954 0.852064 -0.160912,
        0.694882 0.864075 -0.023622,
        0.694882 0.866142 0.000000,
        0.840551 0.866142 0.000000,
        -0.942965 0.864075 -0.023622,
        -0.840551 0.864075 -0.023622,
        -0.840551 0.866142 0.000000,
        -0.694882 0.866142 0.000000,
        -0.694882 0.864075 -0.023622,
        -0.584646 0.864075 -0.023622,
        -0.584646 0.866142 0.000000,
        -0.438976 0.866142 0.000000,
        -0.438976 0.864075 -0.023622,
        -0.328740 0.864075 -0.023622,
        -0.328740 0.866142 0.000000,
        -0.183071 0.866142 0.000000,
        -0.183071 0.864075 -0.023622,
        -0.072835 0.864075 -0.023622,
        -0.072835 0.866142 0.000000,
        0.072835 0.866142 0.000000,
        0.072835 0.864075 -0.023622,
        0.183071 0.864075 -0.023622,
        0.183071 0.866142 0.000000,
        0.328740 0.866142 0.000000,
        0.328740 0.864075 -0.023622,
        0.438976 0.864075 -0.023622,
        0.438976 0.866142 0.000000,
        0.584646 0.866142 0.000000,
        0.584646 0.864075 -0.023622,
        0.970174 0.812843 -0.160912,
        0.968774 0.822947 -0.161673,
        0.984252 0.826922 0.000000,
        0.982919 0.837091 0.000000,
        0.981272 0.841953 0.000000,
        0.964821 0.832368 -0.162152,
        0.979007 0.846555 0.000000,
        0.976161 0.850819 0.000000,
        0.958582 0.840472 -0.162315,
        0.972783 0.854672 0.000000,
        0.968929 0.858051 0.000000,
        0.950478 0.846711 -0.162152,
        0.964665 0.860897 0.000000,
        0.941057 0.850663 -0.161673,
        0.950787 0.863292 -0.023622,
        0.960063 0.863162 0.000000,
        0.955202 0.864808 0.000000,
        0.950787 0.865720 0.000000,
        -0.840551 0.864764 0.015748,
        -0.943654 0.864764 0.015748,
        -0.930954 0.852064 0.160912,
        0.930954 0.852064 0.160912,
        0.840551 0.864764 0.015748,
        0.943654 0.864764 0.015748,
        0.584646 0.864764 0.015748,
        0.694882 0.864764 0.015748,
        0.328740 0.864764 0.015748,
        0.183071 0.864764 0.015748,
        0.072835 0.864764 0.015748,
        0.438976 0.864764 0.015748,
        -0.183071 0.864764 0.015748,
        -0.328740 0.864764 0.015748,
        -0.438976 0.864764 0.015748,
        -0.072835 0.864764 0.015748,
        -0.694882 0.864764 0.015748,
        -0.584646 0.864764 0.015748,
        -0.950787 0.863292 -0.023622,
        -0.941057 0.850663 -0.161673,
        -0.950787 0.865720 -0.000000,
        -0.955122 0.864525 -0.000000,
        -0.960063 0.863162 -0.000000,
        -0.950478 0.846711 -0.162152,
        -0.964665 0.860897 -0.000000,
        -0.968929 0.858051 -0.000000,
        -0.958582 0.840472 -0.162315,
        -0.972783 0.854672 -0.000000,
        -0.976161 0.850819 -0.000000,
        -0.964821 0.832368 -0.162152,
        -0.979007 0.846555 -0.000000,
        -0.981272 0.841953 -0.000000,
        -0.968774 0.822947 -0.161673,
        -0.982919 0.837091 -0.000000,
        -0.970174 0.812843 -0.160912,
        -0.984252 0.826922 -0.000000,
        0.840551 -0.864764 0.015748,
        0.943654 -0.864764 0.015748,
        0.930954 -0.852064 0.160912,
        -0.930954 -0.852064 0.160912,
        -0.840551 -0.864764 0.015748,
        -0.943654 -0.864764 0.015748,
        -0.584646 -0.864764 0.015748,
        -0.694882 -0.864764 0.015748,
        -0.694882 -0.866142 0.000000,
        -0.840551 -0.866142 0.000000,
        -0.328740 -0.864764 0.015748,
        -0.328740 -0.866142 0.000000,
        -0.183071 -0.866142 0.000000,
        -0.183071 -0.864764 0.015748,
        -0.072835 -0.864764 0.015748,
        -0.438976 -0.864764 0.015748,
        -0.438976 -0.866142 0.000000,
        -0.584646 -0.866142 0.000000,
        0.183071 -0.864764 0.015748,
        0.183071 -0.866142 0.000000,
        0.328740 -0.866142 0.000000,
        0.328740 -0.864764 0.015748,
        0.438976 -0.864764 0.015748,
        0.072835 -0.864764 0.015748,
        0.072835 -0.866142 0.000000,
        -0.072835 -0.866142 0.000000,
        0.694882 -0.864764 0.015748,
        0.694882 -0.866142 0.000000,
        0.840551 -0.866142 0.000000,
        0.584646 -0.864764 0.015748,
        0.584646 -0.866142 0.000000,
        0.438976 -0.866142 0.000000,
        0.970174 -0.812843 0.160912,
        0.968774 -0.822947 0.161673,
        0.984252 -0.826922 -0.000000,
        0.982919 -0.837091 0.000000,
        0.981272 -0.841953 0.000000,
        0.964821 -0.832368 0.162152,
        0.979007 -0.846555 0.000000,
        0.976161 -0.850819 0.000000,
        0.958582 -0.840472 0.162315,
        0.972783 -0.854672 0.000000,
        0.968929 -0.858051 0.000000,
        0.950478 -0.846711 0.162152,
        0.964665 -0.860897 0.000000,
        0.941057 -0.850663 0.161673,
        0.950787 -0.864114 0.015748,
        0.960063 -0.863162 0.000000,
        0.955122 -0.864525 0.000000,
        0.950787 -0.865720 0.000000,
        -0.840551 -0.864075 -0.023622,
        -0.942965 -0.864075 -0.023622,
        -0.930954 -0.852064 -0.160912,
        0.930954 -0.852064 -0.160912,
        0.840551 -0.864075 -0.023622,
        0.942965 -0.864075 -0.023622,
        0.584646 -0.864075 -0.023622,
        0.694882 -0.864075 -0.023622,
        0.328740 -0.864075 -0.023622,
        0.183071 -0.864075 -0.023622,
        0.072835 -0.864075 -0.023622,
        0.438976 -0.864075 -0.023622,
        -0.183071 -0.864075 -0.023622,
        -0.328740 -0.864075 -0.023622,
        -0.438976 -0.864075 -0.023622,
        -0.072835 -0.864075 -0.023622,
        -0.694882 -0.864075 -0.023622,
        -0.584646 -0.864075 -0.023622,
        -0.950787 -0.864114 0.015748,
        -0.941057 -0.850663 0.161673,
        -0.950787 -0.865720 0.000000,
        -0.955202 -0.864808 0.000000,
        -0.960063 -0.863162 0.000000,
        -0.950478 -0.846711 0.162152,
        -0.964665 -0.860897 0.000000,
        -0.968929 -0.858051 0.000000,
        -0.958582 -0.840472 0.162315,
        -0.972783 -0.854672 0.000000,
        -0.976161 -0.850819 0.000000,
        -0.964821 -0.832368 0.162152,
        -0.979007 -0.846555 0.000000,
        -0.981272 -0.841953 0.000000,
        -0.968774 -0.822947 0.161673,
        -0.982919 -0.837091 0.000000,
        -0.970174 -0.812843 0.160912,
        -0.984252 -0.826922 -0.000000,
        0.970174 -0.812843 -0.160912,
        -0.970174 -0.812843 -0.160912,
        0.970174 0.812843 0.160912,
        -0.970174 0.812843 0.160912,
        -0.630931 -0.571020 0.196850,
        -0.634270 -0.596382 0.196850,
        0.930954 -0.812843 0.196850,
        -0.644059 -0.620015 0.196850,
        -0.659631 -0.640309 0.196850,
        -0.930954 -0.812843 0.196850,
        -0.754281 -0.665670 0.196850,
        -0.777915 -0.655881 0.196850,
        -0.798209 -0.640309 0.196850,
        -0.813781 -0.620015 0.196850,
        -0.823570 -0.596382 0.196850,
        -0.679926 -0.655881 0.196850,
        -0.703559 -0.665670 0.196850,
        -0.728920 -0.669009 0.196850,
        -0.754281 -0.476370 0.196850,
        -0.930954 0.812843 0.196850,
        -0.777915 -0.486159 0.196850,
        -0.798209 -0.501732 0.196850,
        -0.728920 -0.473031 0.196850,
        -0.703559 -0.476370 0.196850,
        0.930954 0.812843 0.196850,
        -0.679926 -0.486159 0.196850,
        -0.659631 -0.501732 0.196850,
        -0.644059 -0.522026 0.196850,
        -0.634270 -0.545659 0.196850,
        -0.826909 -0.571020 0.196850,
        -0.823570 -0.545659 0.196850,
        -0.813781 -0.522026 0.196850,
        -0.930954 -0.850126 0.170130,
        0.930954 -0.850126 0.170130,
        -0.930954 -0.850000 0.170391,
        0.930954 -0.850000 0.170391,
        -0.930954 -0.845865 0.178919,
        0.930954 -0.845865 0.178919,
        -0.930954 -0.845715 0.179096,
        0.930954 -0.845715 0.179096,
        -0.930954 -0.839570 0.186388,
        0.930954 -0.839570 0.186388,
        -0.930954 -0.839429 0.186490,
        0.930954 -0.839429 0.186490,
        -0.930954 -0.831631 0.192078,
        0.930954 -0.831631 0.192078,
        -0.930954 -0.831523 0.192120,
        0.930954 -0.831523 0.192120,
        -0.930954 -0.822536 0.195639,
        0.930954 -0.822536 0.195639,
        -0.930954 -0.822478 0.195646,
        0.930954 -0.822478 0.195646,
        0.968110 -0.812843 0.170391,
        0.963975 -0.812843 0.178919,
        0.963147 -0.820191 0.178919,
        0.963826 -0.812843 0.179096,
        0.957681 -0.812843 0.186388,
        0.957011 -0.818791 0.186388,
        0.949270 -0.817024 0.192078,
        0.940403 -0.815000 0.195639,
        0.939686 -0.817049 0.195639,
        0.935159 -0.821576 0.195639,
        0.936997 -0.820421 0.195639,
        0.933111 -0.822293 0.195639,
        0.940589 -0.812843 0.195646,
        0.968969 -0.821535 0.161567,
        0.967302 -0.821140 0.170130,
        0.964544 -0.829020 0.170130,
        0.965937 -0.829706 0.162016,
        0.960102 -0.836089 0.170130,
        0.961248 -0.837009 0.162245,
        0.954199 -0.841992 0.170130,
        0.955119 -0.843137 0.162245,
        0.947130 -0.846434 0.170130,
        0.947817 -0.847827 0.162016,
        0.939250 -0.849191 0.170130,
        0.939645 -0.850859 0.161567,
        0.957539 -0.812843 0.186490,
        0.949742 -0.812843 0.192078,
        0.949633 -0.812843 0.192120,
        0.940646 -0.812843 0.195639,
        0.945643 -0.824557 0.192078,
        0.942668 -0.827533 0.192078,
        0.939106 -0.829771 0.192078,
        0.935134 -0.831160 0.192078,
        0.947881 -0.820995 0.192078,
        0.938531 -0.818887 0.195639,
        0.955034 -0.824440 0.186388,
        0.951850 -0.829507 0.186388,
        0.947618 -0.833739 0.186388,
        0.942550 -0.836924 0.186388,
        0.936901 -0.838900 0.186388,
        0.960705 -0.827171 0.178919,
        0.956770 -0.833432 0.178919,
        0.951542 -0.838660 0.178919,
        0.945281 -0.842594 0.178919,
        0.938302 -0.845037 0.178919,
        0.968236 -0.812843 0.170130,
        -0.938302 -0.845037 0.178919,
        -0.936901 -0.838900 0.186388,
        -0.935134 -0.831160 0.192078,
        -0.933111 -0.822293 0.195639,
        -0.935159 -0.821576 0.195639,
        -0.939686 -0.817049 0.195639,
        -0.938531 -0.818887 0.195639,
        -0.940403 -0.815000 0.195639,
        -0.939645 -0.850859 0.161567,
        -0.939250 -0.849191 0.170130,
        -0.947130 -0.846434 0.170130,
        -0.947817 -0.847827 0.162016,
        -0.954199 -0.841992 0.170130,
        -0.955119 -0.843137 0.162245,
        -0.960102 -0.836089 0.170130,
        -0.961248 -0.837009 0.162245,
        -0.964544 -0.829020 0.170130,
        -0.965937 -0.829706 0.162016,
        -0.967302 -0.821140 0.170130,
        -0.968969 -0.821535 0.161567,
        -0.968236 -0.812843 0.170130,
        -0.940589 -0.812843 0.195646,
        -0.942668 -0.827533 0.192078,
        -0.945643 -0.824557 0.192078,
        -0.947881 -0.820995 0.192078,
        -0.949270 -0.817024 0.192078,
        -0.939106 -0.829771 0.192078,
        -0.936997 -0.820421 0.195639,
        -0.940646 -0.812843 0.195639,
        -0.949633 -0.812843 0.192120,
        -0.949742 -0.812843 0.192078,
        -0.957539 -0.812843 0.186490,
        -0.942550 -0.836924 0.186388,
        -0.947618 -0.833739 0.186388,
        -0.951850 -0.829507 0.186388,
        -0.955034 -0.824440 0.186388,
        -0.957011 -0.818791 0.186388,
        -0.945281 -0.842594 0.178919,
        -0.951542 -0.838660 0.178919,
        -0.956770 -0.833432 0.178919,
        -0.960705 -0.827171 0.178919,
        -0.963147 -0.820191 0.178919,
        -0.957681 -0.812843 0.186388,
        -0.963826 -0.812843 0.179096,
        -0.963975 -0.812843 0.178919,
        -0.968110 -0.812843 0.170391,
        0.968236 0.812843 0.170130,
        0.968110 0.812843 0.170391,
        0.963975 0.812843 0.178919,
        0.963826 0.812843 0.179096,
        0.957681 0.812843 0.186388,
        0.957539 0.812843 0.186490,
        0.949742 0.812843 0.192078,
        0.949633 0.812843 0.192120,
        0.940646 0.812843 0.195639,
        0.940589 0.812843 0.195646,
        0.930954 0.850126 0.170130,
        -0.930954 0.850126 0.170130,
        0.930954 0.850000 0.170391,
        -0.930954 0.850000 0.170391,
        0.930954 0.845865 0.178919,
        -0.930954 0.845865 0.178919,
        0.930954 0.845715 0.179096,
        -0.930954 0.845715 0.179096,
        0.930954 0.839570 0.186388,
        -0.930954 0.839570 0.186388,
        0.930954 0.839429 0.186490,
        -0.930954 0.839429 0.186490,
        0.930954 0.831631 0.192078,
        -0.930954 0.831631 0.192078,
        0.930954 0.831523 0.192120,
        -0.930954 0.831523 0.192120,
        0.930954 0.822536 0.195639,
        -0.930954 0.822536 0.195639,
        0.930954 0.822478 0.195646,
        -0.930954 0.822478 0.195646,
        -0.968236 0.812843 0.170130,
        -0.968110 0.812843 0.170391,
        -0.963975 0.812843 0.178919,
        -0.963826 0.812843 0.179096,
        -0.957681 0.812843 0.186388,
        -0.957539 0.812843 0.186490,
        -0.949742 0.812843 0.192078,
        -0.949633 0.812843 0.192120,
        -0.940646 0.812843 0.195639,
        -0.940589 0.812843 0.195646,
        0.950787 -0.863292 -0.023622,
        0.941057 -0.850663 -0.161673,
        0.950478 -0.846711 -0.162152,
        0.958582 -0.840472 -0.162315,
        0.964821 -0.832368 -0.162152,
        0.968774 -0.822947 -0.161673,
        0.938302 0.845037 0.178919,
        0.936901 0.838900 0.186388,
        0.935134 0.831160 0.192078,
        0.933111 0.822293 0.195639,
        0.935159 0.821576 0.195639,
        0.939686 0.817049 0.195639,
        0.938531 0.818887 0.195639,
        0.940403 0.815000 0.195639,
        0.939645 0.850859 0.161567,
        0.939250 0.849191 0.170130,
        0.941057 0.850663 0.161673,
        0.947130 0.846434 0.170130,
        0.947817 0.847827 0.162016,
        0.950478 0.846711 0.162152,
        0.954199 0.841992 0.170130,
        0.955119 0.843137 0.162245,
        0.958582 0.840472 0.162315,
        0.960102 0.836089 0.170130,
        0.961248 0.837009 0.162245,
        0.964821 0.832368 0.162152,
        0.964544 0.829020 0.170130,
        0.965937 0.829706 0.162016,
        0.968774 0.822947 0.161673,
        0.967302 0.821140 0.170130,
        0.968969 0.821535 0.161567,
        0.942668 0.827533 0.192078,
        0.945643 0.824557 0.192078,
        0.947881 0.820995 0.192078,
        0.949270 0.817024 0.192078,
        0.939106 0.829771 0.192078,
        0.936997 0.820421 0.195639,
        0.942550 0.836924 0.186388,
        0.947618 0.833739 0.186388,
        0.951850 0.829507 0.186388,
        0.955034 0.824440 0.186388,
        0.957011 0.818791 0.186388,
        0.945281 0.842594 0.178919,
        0.951542 0.838660 0.178919,
        0.956770 0.833432 0.178919,
        0.960705 0.827171 0.178919,
        0.963147 0.820191 0.178919,
        -0.963147 0.820191 0.178919,
        -0.957011 0.818791 0.186388,
        -0.949270 0.817024 0.192078,
        -0.940403 0.815000 0.195639,
        -0.939686 0.817049 0.195639,
        -0.935159 0.821576 0.195639,
        -0.936997 0.820421 0.195639,
        -0.933111 0.822293 0.195639,
        -0.968969 0.821535 0.161567,
        -0.967302 0.821140 0.170130,
        -0.968774 0.822947 0.161673,
        -0.964544 0.829020 0.170130,
        -0.965937 0.829706 0.162016,
        -0.964821 0.832368 0.162152,
        -0.960102 0.836089 0.170130,
        -0.961248 0.837009 0.162245,
        -0.958582 0.840472 0.162315,
        -0.954199 0.841992 0.170130,
        -0.955119 0.843137 0.162245,
        -0.950478 0.846711 0.162152,
        -0.947130 0.846434 0.170130,
        -0.947817 0.847827 0.162016,
        -0.941057 0.850663 0.161673,
        -0.939250 0.849191 0.170130,
        -0.939645 0.850859 0.161567,
        -0.945643 0.824557 0.192078,
        -0.942668 0.827533 0.192078,
        -0.939106 0.829771 0.192078,
        -0.935134 0.831160 0.192078,
        -0.947881 0.820995 0.192078,
        -0.938531 0.818887 0.195639,
        -0.955034 0.824440 0.186388,
        -0.951850 0.829507 0.186388,
        -0.947618 0.833739 0.186388,
        -0.942550 0.836924 0.186388,
        -0.936901 0.838900 0.186388,
        -0.960705 0.827171 0.178919,
        -0.956770 0.833432 0.178919,
        -0.951542 0.838660 0.178919,
        -0.945281 0.842594 0.178919,
        -0.938302 0.845037 0.178919,
        -0.968774 -0.822947 -0.161673,
        -0.964821 -0.832368 -0.162152,
        -0.958582 -0.840472 -0.162315,
        -0.950478 -0.846711 -0.162152,
        -0.941057 -0.850663 -0.161673,
        -0.950787 -0.863292 -0.023622,
        0.930954 -0.850126 -0.170130,
        -0.930954 -0.850126 -0.170130,
        0.930954 -0.850000 -0.170391,
        -0.930954 -0.850000 -0.170391,
        0.930954 -0.845865 -0.178919,
        -0.930954 -0.845865 -0.178919,
        0.930954 -0.845715 -0.179096,
        -0.930954 -0.845715 -0.179096,
        0.930954 -0.839570 -0.186388,
        -0.930954 -0.839570 -0.186388,
        0.930954 -0.839429 -0.186490,
        -0.930954 -0.839429 -0.186490,
        0.930954 -0.831631 -0.192078,
        -0.930954 -0.831631 -0.192078,
        0.930954 -0.831523 -0.192120,
        -0.930954 -0.831523 -0.192120,
        0.930954 -0.822536 -0.195639,
        -0.930954 -0.822536 -0.195639,
        0.930954 -0.822478 -0.195646,
        -0.930954 -0.822478 -0.195646,
        0.933111 -0.822293 -0.195639,
        0.938531 -0.818887 -0.195639,
        0.936997 -0.820421 -0.195639,
        0.949633 -0.812843 -0.192120,
        0.949742 -0.812843 -0.192078,
        0.949270 -0.817024 -0.192078,
        0.957539 -0.812843 -0.186490,
        0.957681 -0.812843 -0.186388,
        0.957011 -0.818791 -0.186388,
        0.963147 -0.820191 -0.178919,
        0.967302 -0.821140 -0.170130,
        0.964544 -0.829020 -0.170130,
        0.947817 -0.847827 -0.162016,
        0.947130 -0.846434 -0.170130,
        0.939645 -0.850859 -0.161567,
        0.939250 -0.849191 -0.170130,
        0.960102 -0.836089 -0.170130,
        0.961248 -0.837009 -0.162245,
        0.965937 -0.829706 -0.162016,
        0.968969 -0.821535 -0.161567,
        0.968236 -0.812843 -0.170130,
        0.968110 -0.812843 -0.170391,
        0.963975 -0.812843 -0.178919,
        0.963826 -0.812843 -0.179096,
        0.938302 -0.845037 -0.178919,
        0.960705 -0.827171 -0.178919,
        0.936901 -0.838900 -0.186388,
        0.955034 -0.824440 -0.186388,
        0.956770 -0.833432 -0.178919,
        0.954199 -0.841992 -0.170130,
        0.955119 -0.843137 -0.162245,
        0.935134 -0.831160 -0.192078,
        0.951542 -0.838660 -0.178919,
        0.951850 -0.829507 -0.186388,
        0.947881 -0.820995 -0.192078,
        0.940403 -0.815000 -0.195639,
        0.942668 -0.827533 -0.192078,
        0.945281 -0.842594 -0.178919,
        0.942550 -0.836924 -0.186388,
        0.939106 -0.829771 -0.192078,
        0.935159 -0.821576 -0.195639,
        0.940589 -0.812843 -0.195646,
        0.940646 -0.812843 -0.195639,
        0.947618 -0.833739 -0.186388,
        0.945643 -0.824557 -0.192078,
        0.939686 -0.817049 -0.195639,
        0.950787 0.864114 0.015748,
        -0.950787 0.864114 0.015748,
        -0.940589 -0.812843 -0.195646,
        -0.940403 -0.815000 -0.195639,
        -0.936997 -0.820421 -0.195639,
        -0.938531 -0.818887 -0.195639,
        -0.935134 -0.831160 -0.192078,
        -0.936901 -0.838900 -0.186388,
        -0.938302 -0.845037 -0.178919,
        -0.939250 -0.849191 -0.170130,
        -0.947130 -0.846434 -0.170130,
        -0.965937 -0.829706 -0.162016,
        -0.964544 -0.829020 -0.170130,
        -0.968969 -0.821535 -0.161567,
        -0.967302 -0.821140 -0.170130,
        -0.954199 -0.841992 -0.170130,
        -0.955119 -0.843137 -0.162245,
        -0.947817 -0.847827 -0.162016,
        -0.939645 -0.850859 -0.161567,
        -0.968236 -0.812843 -0.170130,
        -0.968110 -0.812843 -0.170391,
        -0.963147 -0.820191 -0.178919,
        -0.945281 -0.842594 -0.178919,
        -0.963975 -0.812843 -0.178919,
        -0.963826 -0.812843 -0.179096,
        -0.957011 -0.818791 -0.186388,
        -0.942550 -0.836924 -0.186388,
        -0.951542 -0.838660 -0.178919,
        -0.960102 -0.836089 -0.170130,
        -0.961248 -0.837009 -0.162245,
        -0.957681 -0.812843 -0.186388,
        -0.957539 -0.812843 -0.186490,
        -0.949270 -0.817024 -0.192078,
        -0.956770 -0.833432 -0.178919,
        -0.947618 -0.833739 -0.186388,
        -0.939106 -0.829771 -0.192078,
        -0.933111 -0.822293 -0.195639,
        -0.945643 -0.824557 -0.192078,
        -0.960705 -0.827171 -0.178919,
        -0.955034 -0.824440 -0.186388,
        -0.947881 -0.820995 -0.192078,
        -0.939686 -0.817049 -0.195639,
        -0.951850 -0.829507 -0.186388,
        -0.942668 -0.827533 -0.192078,
        -0.935159 -0.821576 -0.195639,
        -0.949742 -0.812843 -0.192078,
        -0.949633 -0.812843 -0.192120,
        -0.940646 -0.812843 -0.195639,
        0.968236 0.812843 -0.170130,
        0.968110 0.812843 -0.170391,
        0.963975 0.812843 -0.178919,
        0.963826 0.812843 -0.179096,
        0.957681 0.812843 -0.186388,
        0.957539 0.812843 -0.186490,
        0.949742 0.812843 -0.192078,
        0.949633 0.812843 -0.192120,
        0.940646 0.812843 -0.195639,
        0.940589 0.812843 -0.195646,
        -0.968236 0.812843 -0.170130,
        -0.968110 0.812843 -0.170391,
        -0.963975 0.812843 -0.178919,
        -0.963826 0.812843 -0.179096,
        -0.957681 0.812843 -0.186388,
        -0.957539 0.812843 -0.186490,
        -0.949742 0.812843 -0.192078,
        -0.949633 0.812843 -0.192120,
        -0.940646 0.812843 -0.195639,
        -0.940589 0.812843 -0.195646,
        0.940403 0.815000 -0.195639,
        0.936997 0.820421 -0.195639,
        0.938531 0.818887 -0.195639,
        0.930954 0.831523 -0.192120,
        0.930954 0.831631 -0.192078,
        0.935134 0.831160 -0.192078,
        0.930954 0.839429 -0.186490,
        0.930954 0.839570 -0.186388,
        0.936901 0.838900 -0.186388,
        0.938302 0.845037 -0.178919,
        0.939250 0.849191 -0.170130,
        0.947130 0.846434 -0.170130,
        0.965937 0.829706 -0.162016,
        0.964544 0.829020 -0.170130,
        0.968969 0.821535 -0.161567,
        0.967302 0.821140 -0.170130,
        0.954199 0.841992 -0.170130,
        0.955119 0.843137 -0.162245,
        0.947817 0.847827 -0.162016,
        0.939645 0.850859 -0.161567,
        0.930954 0.850126 -0.170130,
        0.930954 0.850000 -0.170391,
        0.930954 0.845865 -0.178919,
        0.930954 0.845715 -0.179096,
        0.963147 0.820191 -0.178919,
        0.945281 0.842594 -0.178919,
        0.957011 0.818791 -0.186388,
        0.942550 0.836924 -0.186388,
        0.951542 0.838660 -0.178919,
        0.960102 0.836089 -0.170130,
        0.961248 0.837009 -0.162245,
        0.949270 0.817024 -0.192078,
        0.956770 0.833432 -0.178919,
        0.947618 0.833739 -0.186388,
        0.939106 0.829771 -0.192078,
        0.933111 0.822293 -0.195639,
        0.945643 0.824557 -0.192078,
        0.960705 0.827171 -0.178919,
        0.955034 0.824440 -0.186388,
        0.947881 0.820995 -0.192078,
        0.939686 0.817049 -0.195639,
        0.930954 0.822478 -0.195646,
        0.930954 0.822536 -0.195639,
        0.951850 0.829507 -0.186388,
        0.942668 0.827533 -0.192078,
        0.935159 0.821576 -0.195639,
        -0.930954 0.822478 -0.195646,
        -0.933111 0.822293 -0.195639,
        -0.938531 0.818887 -0.195639,
        -0.936997 0.820421 -0.195639,
        -0.949270 0.817024 -0.192078,
        -0.957011 0.818791 -0.186388,
        -0.963147 0.820191 -0.178919,
        -0.967302 0.821140 -0.170130,
        -0.964544 0.829020 -0.170130,
        -0.947817 0.847827 -0.162016,
        -0.947130 0.846434 -0.170130,
        -0.939645 0.850859 -0.161567,
        -0.939250 0.849191 -0.170130,
        -0.960102 0.836089 -0.170130,
        -0.961248 0.837009 -0.162245,
        -0.965937 0.829706 -0.162016,
        -0.968969 0.821535 -0.161567,
        -0.930954 0.850126 -0.170130,
        -0.930954 0.850000 -0.170391,
        -0.938302 0.845037 -0.178919,
        -0.960705 0.827171 -0.178919,
        -0.930954 0.845865 -0.178919,
        -0.930954 0.845715 -0.179096,
        -0.936901 0.838900 -0.186388,
        -0.955034 0.824440 -0.186388,
        -0.956770 0.833432 -0.178919,
        -0.954199 0.841992 -0.170130,
        -0.955119 0.843137 -0.162245,
        -0.930954 0.839570 -0.186388,
        -0.930954 0.839429 -0.186490,
        -0.935134 0.831160 -0.192078,
        -0.951542 0.838660 -0.178919,
        -0.951850 0.829507 -0.186388,
        -0.947881 0.820995 -0.192078,
        -0.940403 0.815000 -0.195639,
        -0.942668 0.827533 -0.192078,
        -0.945281 0.842594 -0.178919,
        -0.942550 0.836924 -0.186388,
        -0.939106 0.829771 -0.192078,
        -0.935159 0.821576 -0.195639,
        -0.947618 0.833739 -0.186388,
        -0.945643 0.824557 -0.192078,
        -0.939686 0.817049 -0.195639,
        -0.930954 0.831631 -0.192078,
        -0.930954 0.831523 -0.192120,
        -0.930954 0.822536 -0.195639,
      ]
    }
    coordIndex [
      4, 5, 6, -1,
      6, 5, 7, -1,
      8, 9, 10, -1,
      7, 11, 12, -1,
      13, 14, 12, -1,
      12, 14, 15, -1,
      12, 15, 7, -1,
      7, 15, 16, -1,
      17, 18, 16, -1,
      16, 18, 19, -1,
      16, 19, 7, -1,
      7, 19, 20, -1,
      21, 22, 20, -1,
      20, 22, 23, -1,
      20, 23, 7, -1,
      7, 23, 24, -1,
      25, 26, 24, -1,
      24, 26, 27, -1,
      24, 27, 7, -1,
      7, 27, 28, -1,
      29, 30, 28, -1,
      28, 30, 31, -1,
      28, 31, 7, -1,
      7, 31, 32, -1,
      33, 34, 32, -1,
      32, 34, 35, -1,
      32, 35, 7, -1,
      7, 35, 8, -1,
      7, 8, 6, -1,
      6, 8, 10, -1,
      36, 37, 38, -1,
      38, 37, 39, -1,
      39, 37, 40, -1,
      40, 37, 41, -1,
      40, 41, 42, -1,
      42, 41, 43, -1,
      43, 41, 44, -1,
      43, 44, 45, -1,
      45, 44, 46, -1,
      46, 44, 47, -1,
      46, 47, 48, -1,
      5, 4, 49, -1,
      49, 4, 50, -1,
      48, 47, 51, -1,
      51, 47, 49, -1,
      51, 49, 52, -1,
      52, 49, 50, -1,
      52, 50, 53, -1,
      54, 55, 56, -1,
      56, 57, 58, -1,
      58, 57, 59, -1,
      60, 56, 61, -1,
      61, 56, 58, -1,
      61, 58, 9, -1,
      9, 58, 10, -1,
      62, 30, 29, -1,
      63, 64, 56, -1,
      29, 63, 62, -1,
      62, 63, 56, -1,
      62, 56, 65, -1,
      65, 56, 60, -1,
      65, 60, 33, -1,
      33, 60, 34, -1,
      66, 22, 21, -1,
      67, 68, 56, -1,
      21, 67, 66, -1,
      66, 67, 56, -1,
      66, 56, 69, -1,
      69, 56, 64, -1,
      69, 64, 25, -1,
      25, 64, 26, -1,
      70, 14, 13, -1,
      13, 54, 70, -1,
      70, 54, 56, -1,
      70, 56, 71, -1,
      71, 56, 68, -1,
      71, 68, 17, -1,
      17, 68, 18, -1,
      11, 7, 72, -1,
      72, 7, 73, -1,
      74, 72, 75, -1,
      75, 72, 73, -1,
      75, 73, 76, -1,
      76, 73, 77, -1,
      76, 77, 78, -1,
      78, 77, 79, -1,
      79, 77, 80, -1,
      79, 80, 81, -1,
      81, 80, 82, -1,
      82, 80, 83, -1,
      82, 83, 84, -1,
      84, 83, 85, -1,
      85, 83, 86, -1,
      85, 86, 87, -1,
      87, 86, 88, -1,
      87, 88, 89, -1,
      90, 91, 92, -1,
      92, 93, 94, -1,
      94, 93, 95, -1,
      96, 92, 97, -1,
      97, 92, 94, -1,
      97, 94, 98, -1,
      98, 94, 99, -1,
      100, 101, 102, -1,
      103, 104, 92, -1,
      102, 103, 100, -1,
      100, 103, 92, -1,
      100, 92, 105, -1,
      105, 92, 96, -1,
      105, 96, 106, -1,
      106, 96, 107, -1,
      108, 109, 110, -1,
      111, 112, 92, -1,
      110, 111, 108, -1,
      108, 111, 92, -1,
      108, 92, 113, -1,
      113, 92, 104, -1,
      113, 104, 114, -1,
      114, 104, 115, -1,
      116, 117, 118, -1,
      118, 90, 116, -1,
      116, 90, 92, -1,
      116, 92, 119, -1,
      119, 92, 112, -1,
      119, 112, 120, -1,
      120, 112, 121, -1,
      122, 123, 124, -1,
      124, 123, 125, -1,
      125, 123, 126, -1,
      126, 123, 127, -1,
      126, 127, 128, -1,
      128, 127, 129, -1,
      129, 127, 130, -1,
      129, 130, 131, -1,
      131, 130, 132, -1,
      132, 130, 133, -1,
      132, 133, 134, -1,
      92, 91, 135, -1,
      135, 91, 136, -1,
      134, 133, 137, -1,
      137, 133, 135, -1,
      137, 135, 138, -1,
      138, 135, 136, -1,
      138, 136, 139, -1,
      140, 141, 142, -1,
      142, 143, 144, -1,
      144, 143, 145, -1,
      146, 142, 147, -1,
      147, 142, 144, -1,
      147, 144, 117, -1,
      117, 144, 118, -1,
      148, 110, 109, -1,
      149, 150, 142, -1,
      109, 149, 148, -1,
      148, 149, 142, -1,
      148, 142, 151, -1,
      151, 142, 146, -1,
      151, 146, 121, -1,
      121, 146, 120, -1,
      152, 102, 101, -1,
      153, 154, 142, -1,
      101, 153, 152, -1,
      152, 153, 142, -1,
      152, 142, 155, -1,
      155, 142, 150, -1,
      155, 150, 115, -1,
      115, 150, 114, -1,
      156, 98, 99, -1,
      99, 140, 156, -1,
      156, 140, 142, -1,
      156, 142, 157, -1,
      157, 142, 154, -1,
      157, 154, 107, -1,
      107, 154, 106, -1,
      95, 93, 158, -1,
      158, 93, 159, -1,
      160, 158, 161, -1,
      161, 158, 159, -1,
      161, 159, 162, -1,
      162, 159, 163, -1,
      162, 163, 164, -1,
      164, 163, 165, -1,
      165, 163, 166, -1,
      165, 166, 167, -1,
      167, 166, 168, -1,
      168, 166, 169, -1,
      168, 169, 170, -1,
      170, 169, 171, -1,
      171, 169, 172, -1,
      171, 172, 173, -1,
      173, 172, 174, -1,
      173, 174, 175, -1,
      38, 124, 36, -1,
      36, 124, 176, -1,
      88, 177, 89, -1,
      89, 177, 175, -1,
      178, 122, 38, -1,
      38, 122, 124, -1,
      89, 175, 179, -1,
      179, 175, 174, -1,
      180, 181, 182, -1,
      182, 181, 183, -1,
      182, 183, 184, -1,
      185, 186, 187, -1,
      187, 188, 185, -1,
      185, 188, 189, -1,
      185, 189, 190, -1,
      184, 191, 182, -1,
      182, 191, 192, -1,
      182, 192, 185, -1,
      185, 192, 193, -1,
      185, 193, 186, -1,
      194, 195, 196, -1,
      196, 195, 197, -1,
      194, 198, 195, -1,
      195, 198, 199, -1,
      195, 199, 200, -1,
      200, 199, 201, -1,
      201, 202, 200, -1,
      200, 202, 203, -1,
      200, 203, 182, -1,
      182, 203, 204, -1,
      182, 204, 180, -1,
      190, 205, 185, -1,
      185, 205, 206, -1,
      185, 206, 195, -1,
      195, 206, 207, -1,
      195, 207, 197, -1,
      93, 92, 208, -1,
      208, 92, 209, -1,
      208, 209, 210, -1,
      210, 209, 211, -1,
      210, 211, 212, -1,
      212, 211, 213, -1,
      212, 213, 214, -1,
      214, 213, 215, -1,
      214, 215, 216, -1,
      216, 215, 217, -1,
      216, 217, 218, -1,
      218, 217, 219, -1,
      218, 219, 220, -1,
      220, 219, 221, -1,
      220, 221, 222, -1,
      222, 221, 223, -1,
      222, 223, 224, -1,
      224, 223, 225, -1,
      224, 225, 226, -1,
      225, 227, 226, -1,
      226, 227, 182, -1,
      226, 182, 185, -1,
      228, 229, 230, -1,
      231, 232, 233, -1,
      234, 235, 236, -1,
      182, 237, 238, -1,
      239, 237, 182, -1,
      236, 235, 182, -1,
      240, 182, 235, -1,
      241, 242, 123, -1,
      123, 242, 243, -1,
      123, 243, 244, -1,
      244, 243, 127, -1,
      127, 243, 245, -1,
      127, 245, 246, -1,
      246, 245, 130, -1,
      130, 245, 247, -1,
      130, 247, 248, -1,
      248, 247, 133, -1,
      133, 247, 249, -1,
      133, 249, 250, -1,
      250, 249, 135, -1,
      135, 249, 251, -1,
      135, 251, 252, -1,
      252, 251, 209, -1,
      252, 209, 92, -1,
      227, 239, 182, -1,
      253, 254, 234, -1,
      234, 254, 255, -1,
      234, 255, 235, -1,
      235, 255, 256, -1,
      235, 256, 240, -1,
      257, 238, 258, -1,
      258, 238, 237, -1,
      258, 237, 259, -1,
      259, 237, 239, -1,
      259, 239, 260, -1,
      232, 253, 233, -1,
      233, 253, 234, -1,
      233, 234, 261, -1,
      261, 234, 236, -1,
      261, 236, 262, -1,
      262, 236, 182, -1,
      227, 225, 239, -1,
      239, 225, 223, -1,
      239, 223, 260, -1,
      260, 223, 221, -1,
      260, 221, 219, -1,
      263, 257, 264, -1,
      264, 257, 258, -1,
      264, 258, 265, -1,
      265, 258, 259, -1,
      265, 259, 266, -1,
      266, 259, 260, -1,
      266, 260, 267, -1,
      267, 260, 219, -1,
      230, 263, 268, -1,
      268, 263, 264, -1,
      268, 264, 269, -1,
      269, 264, 265, -1,
      269, 265, 270, -1,
      270, 265, 266, -1,
      270, 266, 271, -1,
      271, 266, 267, -1,
      271, 267, 272, -1,
      229, 231, 230, -1,
      230, 231, 233, -1,
      230, 233, 263, -1,
      263, 233, 261, -1,
      263, 261, 257, -1,
      257, 261, 262, -1,
      257, 262, 238, -1,
      238, 262, 182, -1,
      241, 122, 242, -1,
      242, 122, 273, -1,
      242, 273, 228, -1,
      219, 217, 267, -1,
      267, 217, 215, -1,
      267, 215, 272, -1,
      272, 215, 213, -1,
      272, 213, 211, -1,
      228, 230, 242, -1,
      242, 230, 268, -1,
      242, 268, 243, -1,
      243, 268, 269, -1,
      243, 269, 245, -1,
      245, 269, 270, -1,
      245, 270, 247, -1,
      247, 270, 271, -1,
      247, 271, 249, -1,
      249, 271, 272, -1,
      249, 272, 251, -1,
      251, 272, 211, -1,
      251, 211, 209, -1,
      210, 212, 274, -1,
      214, 216, 275, -1,
      276, 277, 278, -1,
      185, 279, 280, -1,
      281, 279, 185, -1,
      278, 277, 185, -1,
      226, 185, 277, -1,
      282, 283, 159, -1,
      159, 283, 284, -1,
      159, 284, 285, -1,
      285, 284, 163, -1,
      163, 284, 286, -1,
      163, 286, 287, -1,
      287, 286, 166, -1,
      166, 286, 288, -1,
      166, 288, 289, -1,
      289, 288, 169, -1,
      169, 288, 290, -1,
      169, 290, 291, -1,
      291, 290, 172, -1,
      172, 290, 292, -1,
      172, 292, 293, -1,
      293, 292, 294, -1,
      293, 294, 174, -1,
      295, 281, 185, -1,
      218, 220, 276, -1,
      276, 220, 222, -1,
      276, 222, 277, -1,
      277, 222, 224, -1,
      277, 224, 226, -1,
      296, 280, 297, -1,
      297, 280, 279, -1,
      297, 279, 298, -1,
      298, 279, 281, -1,
      298, 281, 299, -1,
      216, 218, 275, -1,
      275, 218, 276, -1,
      275, 276, 300, -1,
      300, 276, 278, -1,
      300, 278, 301, -1,
      301, 278, 185, -1,
      295, 302, 281, -1,
      281, 302, 303, -1,
      281, 303, 299, -1,
      299, 303, 304, -1,
      299, 304, 305, -1,
      306, 296, 307, -1,
      307, 296, 297, -1,
      307, 297, 308, -1,
      308, 297, 298, -1,
      308, 298, 309, -1,
      309, 298, 299, -1,
      309, 299, 310, -1,
      310, 299, 305, -1,
      274, 306, 311, -1,
      311, 306, 307, -1,
      311, 307, 312, -1,
      312, 307, 308, -1,
      312, 308, 313, -1,
      313, 308, 309, -1,
      313, 309, 314, -1,
      314, 309, 310, -1,
      314, 310, 315, -1,
      212, 214, 274, -1,
      274, 214, 275, -1,
      274, 275, 306, -1,
      306, 275, 300, -1,
      306, 300, 296, -1,
      296, 300, 301, -1,
      296, 301, 280, -1,
      280, 301, 185, -1,
      282, 93, 283, -1,
      283, 93, 208, -1,
      283, 208, 210, -1,
      305, 316, 310, -1,
      310, 316, 317, -1,
      310, 317, 315, -1,
      315, 317, 318, -1,
      315, 318, 319, -1,
      210, 274, 283, -1,
      283, 274, 311, -1,
      283, 311, 284, -1,
      284, 311, 312, -1,
      284, 312, 286, -1,
      286, 312, 313, -1,
      286, 313, 288, -1,
      288, 313, 314, -1,
      288, 314, 290, -1,
      290, 314, 315, -1,
      290, 315, 292, -1,
      292, 315, 319, -1,
      292, 319, 294, -1,
      122, 178, 273, -1,
      273, 178, 320, -1,
      273, 320, 228, -1,
      228, 320, 321, -1,
      228, 321, 229, -1,
      229, 321, 322, -1,
      229, 322, 231, -1,
      231, 322, 323, -1,
      231, 323, 232, -1,
      232, 323, 324, -1,
      232, 324, 253, -1,
      253, 324, 325, -1,
      253, 325, 254, -1,
      254, 325, 326, -1,
      254, 326, 255, -1,
      255, 326, 327, -1,
      255, 327, 256, -1,
      256, 327, 328, -1,
      256, 328, 240, -1,
      328, 329, 240, -1,
      240, 329, 200, -1,
      240, 200, 182, -1,
      57, 56, 330, -1,
      330, 56, 331, -1,
      330, 331, 332, -1,
      332, 331, 333, -1,
      332, 333, 334, -1,
      334, 333, 335, -1,
      334, 335, 336, -1,
      336, 335, 337, -1,
      336, 337, 338, -1,
      338, 337, 339, -1,
      338, 339, 340, -1,
      340, 339, 341, -1,
      340, 341, 342, -1,
      342, 341, 343, -1,
      342, 343, 344, -1,
      344, 343, 345, -1,
      344, 345, 346, -1,
      346, 345, 347, -1,
      346, 347, 348, -1,
      347, 349, 348, -1,
      348, 349, 195, -1,
      348, 195, 200, -1,
      179, 174, 350, -1,
      350, 174, 294, -1,
      350, 294, 351, -1,
      351, 294, 319, -1,
      351, 319, 352, -1,
      352, 319, 318, -1,
      352, 318, 353, -1,
      353, 318, 317, -1,
      353, 317, 354, -1,
      354, 317, 316, -1,
      354, 316, 355, -1,
      355, 316, 305, -1,
      355, 305, 356, -1,
      356, 305, 304, -1,
      356, 304, 357, -1,
      357, 304, 303, -1,
      357, 303, 358, -1,
      358, 303, 302, -1,
      358, 302, 359, -1,
      302, 295, 359, -1,
      359, 295, 185, -1,
      359, 185, 195, -1,
      145, 143, 360, -1,
      360, 143, 361, -1,
      139, 360, 138, -1,
      138, 360, 361, -1,
      138, 361, 137, -1,
      137, 361, 362, -1,
      137, 362, 134, -1,
      134, 362, 132, -1,
      132, 362, 363, -1,
      132, 363, 131, -1,
      131, 363, 129, -1,
      129, 363, 364, -1,
      129, 364, 128, -1,
      128, 364, 126, -1,
      126, 364, 365, -1,
      126, 365, 125, -1,
      125, 365, 176, -1,
      125, 176, 124, -1,
      332, 334, 366, -1,
      336, 338, 367, -1,
      368, 369, 370, -1,
      200, 371, 372, -1,
      373, 371, 200, -1,
      370, 369, 200, -1,
      348, 200, 369, -1,
      374, 375, 376, -1,
      376, 375, 377, -1,
      376, 377, 378, -1,
      378, 377, 379, -1,
      379, 377, 380, -1,
      379, 380, 381, -1,
      381, 380, 382, -1,
      382, 380, 383, -1,
      382, 383, 384, -1,
      384, 383, 385, -1,
      385, 383, 386, -1,
      385, 386, 387, -1,
      387, 386, 388, -1,
      388, 386, 389, -1,
      388, 389, 390, -1,
      390, 389, 320, -1,
      390, 320, 178, -1,
      329, 373, 200, -1,
      340, 342, 368, -1,
      368, 342, 344, -1,
      368, 344, 369, -1,
      369, 344, 346, -1,
      369, 346, 348, -1,
      391, 372, 392, -1,
      392, 372, 371, -1,
      392, 371, 393, -1,
      393, 371, 373, -1,
      393, 373, 394, -1,
      338, 340, 367, -1,
      367, 340, 368, -1,
      367, 368, 395, -1,
      395, 368, 370, -1,
      395, 370, 396, -1,
      396, 370, 200, -1,
      329, 328, 373, -1,
      373, 328, 327, -1,
      373, 327, 394, -1,
      394, 327, 326, -1,
      394, 326, 325, -1,
      397, 391, 398, -1,
      398, 391, 392, -1,
      398, 392, 399, -1,
      399, 392, 393, -1,
      399, 393, 400, -1,
      400, 393, 394, -1,
      400, 394, 401, -1,
      401, 394, 325, -1,
      366, 397, 402, -1,
      402, 397, 398, -1,
      402, 398, 403, -1,
      403, 398, 399, -1,
      403, 399, 404, -1,
      404, 399, 400, -1,
      404, 400, 405, -1,
      405, 400, 401, -1,
      405, 401, 406, -1,
      334, 336, 366, -1,
      366, 336, 367, -1,
      366, 367, 397, -1,
      397, 367, 395, -1,
      397, 395, 391, -1,
      391, 395, 396, -1,
      391, 396, 372, -1,
      372, 396, 200, -1,
      374, 57, 375, -1,
      375, 57, 330, -1,
      375, 330, 332, -1,
      325, 324, 401, -1,
      401, 324, 323, -1,
      401, 323, 406, -1,
      406, 323, 322, -1,
      406, 322, 321, -1,
      332, 366, 375, -1,
      375, 366, 402, -1,
      375, 402, 377, -1,
      377, 402, 403, -1,
      377, 403, 380, -1,
      380, 403, 404, -1,
      380, 404, 383, -1,
      383, 404, 405, -1,
      383, 405, 386, -1,
      386, 405, 406, -1,
      386, 406, 389, -1,
      389, 406, 321, -1,
      389, 321, 320, -1,
      351, 352, 407, -1,
      353, 354, 408, -1,
      409, 410, 411, -1,
      195, 412, 413, -1,
      414, 412, 195, -1,
      411, 410, 195, -1,
      359, 195, 410, -1,
      415, 416, 417, -1,
      417, 416, 418, -1,
      417, 418, 419, -1,
      419, 418, 420, -1,
      420, 418, 421, -1,
      420, 421, 422, -1,
      422, 421, 423, -1,
      423, 421, 424, -1,
      423, 424, 425, -1,
      425, 424, 426, -1,
      426, 424, 427, -1,
      426, 427, 428, -1,
      428, 427, 429, -1,
      429, 427, 430, -1,
      429, 430, 431, -1,
      431, 430, 331, -1,
      431, 331, 56, -1,
      349, 414, 195, -1,
      355, 356, 409, -1,
      409, 356, 357, -1,
      409, 357, 410, -1,
      410, 357, 358, -1,
      410, 358, 359, -1,
      432, 413, 433, -1,
      433, 413, 412, -1,
      433, 412, 434, -1,
      434, 412, 414, -1,
      434, 414, 435, -1,
      354, 355, 408, -1,
      408, 355, 409, -1,
      408, 409, 436, -1,
      436, 409, 411, -1,
      436, 411, 437, -1,
      437, 411, 195, -1,
      349, 347, 414, -1,
      414, 347, 345, -1,
      414, 345, 435, -1,
      435, 345, 343, -1,
      435, 343, 341, -1,
      438, 432, 439, -1,
      439, 432, 433, -1,
      439, 433, 440, -1,
      440, 433, 434, -1,
      440, 434, 441, -1,
      441, 434, 435, -1,
      441, 435, 442, -1,
      442, 435, 341, -1,
      407, 438, 443, -1,
      443, 438, 439, -1,
      443, 439, 444, -1,
      444, 439, 440, -1,
      444, 440, 445, -1,
      445, 440, 441, -1,
      445, 441, 446, -1,
      446, 441, 442, -1,
      446, 442, 447, -1,
      352, 353, 407, -1,
      407, 353, 408, -1,
      407, 408, 438, -1,
      438, 408, 436, -1,
      438, 436, 432, -1,
      432, 436, 437, -1,
      432, 437, 413, -1,
      413, 437, 195, -1,
      415, 179, 416, -1,
      416, 179, 350, -1,
      416, 350, 351, -1,
      341, 339, 442, -1,
      442, 339, 337, -1,
      442, 337, 447, -1,
      447, 337, 335, -1,
      447, 335, 333, -1,
      351, 407, 416, -1,
      416, 407, 443, -1,
      416, 443, 418, -1,
      418, 443, 444, -1,
      418, 444, 421, -1,
      421, 444, 445, -1,
      421, 445, 424, -1,
      424, 445, 446, -1,
      424, 446, 427, -1,
      427, 446, 447, -1,
      427, 447, 430, -1,
      430, 447, 333, -1,
      430, 333, 331, -1,
      177, 448, 175, -1,
      175, 448, 173, -1,
      173, 448, 171, -1,
      171, 448, 449, -1,
      171, 449, 170, -1,
      170, 449, 168, -1,
      168, 449, 450, -1,
      168, 450, 167, -1,
      167, 450, 165, -1,
      165, 450, 451, -1,
      165, 451, 164, -1,
      142, 141, 452, -1,
      452, 141, 453, -1,
      164, 451, 162, -1,
      162, 451, 452, -1,
      162, 452, 161, -1,
      161, 452, 453, -1,
      161, 453, 160, -1,
      143, 142, 454, -1,
      454, 142, 455, -1,
      454, 455, 456, -1,
      456, 455, 457, -1,
      456, 457, 458, -1,
      458, 457, 459, -1,
      458, 459, 460, -1,
      460, 459, 461, -1,
      460, 461, 462, -1,
      462, 461, 463, -1,
      462, 463, 464, -1,
      464, 463, 465, -1,
      464, 465, 466, -1,
      466, 465, 467, -1,
      466, 467, 468, -1,
      468, 467, 469, -1,
      468, 469, 470, -1,
      470, 469, 471, -1,
      470, 471, 472, -1,
      471, 473, 472, -1,
      472, 473, 0, -1,
      472, 0, 1, -1,
      472, 1, 474, -1,
      475, 476, 1, -1,
      477, 478, 479, -1,
      480, 481, 482, -1,
      483, 484, 485, -1,
      362, 486, 487, -1,
      361, 488, 489, -1,
      489, 488, 143, -1,
      490, 491, 363, -1,
      485, 492, 364, -1,
      492, 485, 365, -1,
      365, 485, 484, -1,
      365, 484, 493, -1,
      176, 493, 494, -1,
      494, 493, 484, -1,
      494, 484, 495, -1,
      495, 484, 483, -1,
      495, 483, 496, -1,
      496, 483, 497, -1,
      143, 454, 489, -1,
      489, 454, 456, -1,
      489, 456, 498, -1,
      481, 497, 482, -1,
      482, 497, 483, -1,
      482, 483, 499, -1,
      499, 483, 485, -1,
      499, 485, 490, -1,
      490, 485, 364, -1,
      490, 364, 491, -1,
      456, 458, 498, -1,
      498, 458, 460, -1,
      498, 460, 500, -1,
      478, 480, 479, -1,
      479, 480, 482, -1,
      479, 482, 501, -1,
      501, 482, 499, -1,
      501, 499, 502, -1,
      502, 499, 490, -1,
      502, 490, 503, -1,
      503, 490, 363, -1,
      503, 363, 504, -1,
      460, 462, 500, -1,
      500, 462, 464, -1,
      500, 464, 505, -1,
      503, 506, 502, -1,
      502, 506, 507, -1,
      502, 507, 501, -1,
      501, 507, 508, -1,
      501, 508, 479, -1,
      479, 508, 509, -1,
      479, 509, 477, -1,
      476, 475, 510, -1,
      486, 361, 487, -1,
      487, 361, 489, -1,
      487, 489, 511, -1,
      511, 489, 498, -1,
      511, 498, 512, -1,
      512, 498, 500, -1,
      512, 500, 513, -1,
      513, 500, 505, -1,
      513, 505, 514, -1,
      514, 505, 474, -1,
      514, 474, 1, -1,
      1, 515, 509, -1,
      509, 515, 516, -1,
      509, 516, 477, -1,
      506, 517, 507, -1,
      507, 517, 518, -1,
      507, 518, 508, -1,
      508, 518, 519, -1,
      508, 519, 509, -1,
      509, 519, 1, -1,
      517, 510, 518, -1,
      518, 510, 475, -1,
      518, 475, 519, -1,
      519, 475, 1, -1,
      464, 466, 505, -1,
      505, 466, 468, -1,
      505, 468, 474, -1,
      474, 468, 470, -1,
      474, 470, 472, -1,
      504, 362, 503, -1,
      503, 362, 487, -1,
      503, 487, 506, -1,
      506, 487, 511, -1,
      506, 511, 517, -1,
      517, 511, 512, -1,
      517, 512, 510, -1,
      510, 512, 513, -1,
      510, 513, 476, -1,
      476, 513, 514, -1,
      476, 514, 1, -1,
      59, 57, 520, -1,
      520, 57, 376, -1,
      53, 520, 52, -1,
      52, 520, 376, -1,
      52, 376, 51, -1,
      51, 376, 379, -1,
      51, 379, 48, -1,
      48, 379, 46, -1,
      46, 379, 382, -1,
      46, 382, 45, -1,
      45, 382, 43, -1,
      43, 382, 385, -1,
      43, 385, 42, -1,
      42, 385, 40, -1,
      40, 385, 388, -1,
      40, 388, 39, -1,
      39, 388, 178, -1,
      39, 178, 38, -1,
      179, 417, 89, -1,
      89, 417, 87, -1,
      87, 417, 85, -1,
      85, 417, 420, -1,
      85, 420, 84, -1,
      84, 420, 82, -1,
      82, 420, 423, -1,
      82, 423, 81, -1,
      81, 423, 79, -1,
      79, 423, 426, -1,
      79, 426, 78, -1,
      56, 55, 429, -1,
      429, 55, 521, -1,
      78, 426, 76, -1,
      76, 426, 429, -1,
      76, 429, 75, -1,
      75, 429, 521, -1,
      75, 521, 74, -1,
      522, 0, 523, -1,
      524, 525, 0, -1,
      469, 467, 526, -1,
      465, 463, 527, -1,
      528, 529, 530, -1,
      449, 531, 532, -1,
      448, 533, 534, -1,
      534, 533, 177, -1,
      535, 536, 450, -1,
      530, 537, 451, -1,
      537, 530, 452, -1,
      452, 530, 529, -1,
      452, 529, 538, -1,
      142, 538, 455, -1,
      455, 538, 529, -1,
      455, 529, 457, -1,
      457, 529, 528, -1,
      457, 528, 459, -1,
      459, 528, 461, -1,
      177, 539, 534, -1,
      534, 539, 540, -1,
      534, 540, 541, -1,
      463, 461, 527, -1,
      527, 461, 528, -1,
      527, 528, 542, -1,
      542, 528, 530, -1,
      542, 530, 535, -1,
      535, 530, 451, -1,
      535, 451, 536, -1,
      540, 543, 541, -1,
      541, 543, 544, -1,
      541, 544, 545, -1,
      467, 465, 526, -1,
      526, 465, 527, -1,
      526, 527, 546, -1,
      546, 527, 542, -1,
      546, 542, 547, -1,
      547, 542, 535, -1,
      547, 535, 548, -1,
      548, 535, 450, -1,
      548, 450, 549, -1,
      544, 550, 545, -1,
      545, 550, 551, -1,
      545, 551, 552, -1,
      548, 553, 547, -1,
      547, 553, 554, -1,
      547, 554, 546, -1,
      546, 554, 555, -1,
      546, 555, 526, -1,
      526, 555, 556, -1,
      526, 556, 469, -1,
      525, 524, 557, -1,
      531, 448, 532, -1,
      532, 448, 534, -1,
      532, 534, 558, -1,
      558, 534, 541, -1,
      558, 541, 559, -1,
      559, 541, 545, -1,
      559, 545, 560, -1,
      560, 545, 552, -1,
      560, 552, 561, -1,
      561, 552, 523, -1,
      561, 523, 0, -1,
      0, 473, 556, -1,
      556, 473, 471, -1,
      556, 471, 469, -1,
      553, 562, 554, -1,
      554, 562, 563, -1,
      554, 563, 555, -1,
      555, 563, 564, -1,
      555, 564, 556, -1,
      556, 564, 0, -1,
      562, 557, 563, -1,
      563, 557, 524, -1,
      563, 524, 564, -1,
      564, 524, 0, -1,
      551, 565, 552, -1,
      552, 565, 566, -1,
      552, 566, 523, -1,
      523, 566, 567, -1,
      523, 567, 522, -1,
      549, 449, 548, -1,
      548, 449, 532, -1,
      548, 532, 553, -1,
      553, 532, 558, -1,
      553, 558, 562, -1,
      562, 558, 559, -1,
      562, 559, 557, -1,
      557, 559, 560, -1,
      557, 560, 525, -1,
      525, 560, 561, -1,
      525, 561, 0, -1,
      36, 176, 568, -1,
      568, 176, 494, -1,
      568, 494, 569, -1,
      569, 494, 495, -1,
      569, 495, 570, -1,
      570, 495, 496, -1,
      570, 496, 571, -1,
      571, 496, 497, -1,
      571, 497, 572, -1,
      572, 497, 481, -1,
      572, 481, 573, -1,
      573, 481, 480, -1,
      573, 480, 574, -1,
      574, 480, 478, -1,
      574, 478, 575, -1,
      575, 478, 477, -1,
      575, 477, 576, -1,
      576, 477, 516, -1,
      576, 516, 577, -1,
      516, 515, 577, -1,
      577, 515, 1, -1,
      577, 1, 2, -1,
      177, 88, 539, -1,
      539, 88, 578, -1,
      539, 578, 540, -1,
      540, 578, 579, -1,
      540, 579, 543, -1,
      543, 579, 580, -1,
      543, 580, 544, -1,
      544, 580, 581, -1,
      544, 581, 550, -1,
      550, 581, 582, -1,
      550, 582, 551, -1,
      551, 582, 583, -1,
      551, 583, 565, -1,
      565, 583, 584, -1,
      565, 584, 566, -1,
      566, 584, 585, -1,
      566, 585, 567, -1,
      567, 585, 586, -1,
      567, 586, 522, -1,
      586, 587, 522, -1,
      522, 587, 3, -1,
      522, 3, 0, -1,
      577, 2, 588, -1,
      589, 590, 2, -1,
      591, 592, 593, -1,
      594, 595, 596, -1,
      597, 598, 599, -1,
      41, 600, 601, -1,
      37, 602, 603, -1,
      603, 602, 36, -1,
      604, 605, 44, -1,
      599, 606, 47, -1,
      606, 599, 49, -1,
      49, 599, 598, -1,
      49, 598, 607, -1,
      5, 607, 608, -1,
      608, 607, 598, -1,
      608, 598, 609, -1,
      609, 598, 597, -1,
      609, 597, 610, -1,
      610, 597, 611, -1,
      36, 568, 603, -1,
      603, 568, 569, -1,
      603, 569, 612, -1,
      595, 611, 596, -1,
      596, 611, 597, -1,
      596, 597, 613, -1,
      613, 597, 599, -1,
      613, 599, 604, -1,
      604, 599, 47, -1,
      604, 47, 605, -1,
      569, 570, 612, -1,
      612, 570, 571, -1,
      612, 571, 614, -1,
      592, 594, 593, -1,
      593, 594, 596, -1,
      593, 596, 615, -1,
      615, 596, 613, -1,
      615, 613, 616, -1,
      616, 613, 604, -1,
      616, 604, 617, -1,
      617, 604, 44, -1,
      617, 44, 618, -1,
      571, 572, 614, -1,
      614, 572, 573, -1,
      614, 573, 619, -1,
      617, 620, 616, -1,
      616, 620, 621, -1,
      616, 621, 615, -1,
      615, 621, 622, -1,
      615, 622, 593, -1,
      593, 622, 623, -1,
      593, 623, 591, -1,
      590, 589, 624, -1,
      600, 37, 601, -1,
      601, 37, 603, -1,
      601, 603, 625, -1,
      625, 603, 612, -1,
      625, 612, 626, -1,
      626, 612, 614, -1,
      626, 614, 627, -1,
      627, 614, 619, -1,
      627, 619, 628, -1,
      628, 619, 588, -1,
      628, 588, 2, -1,
      2, 629, 623, -1,
      623, 629, 630, -1,
      623, 630, 591, -1,
      620, 631, 621, -1,
      621, 631, 632, -1,
      621, 632, 622, -1,
      622, 632, 633, -1,
      622, 633, 623, -1,
      623, 633, 2, -1,
      631, 624, 632, -1,
      632, 624, 589, -1,
      632, 589, 633, -1,
      633, 589, 2, -1,
      573, 574, 619, -1,
      619, 574, 575, -1,
      619, 575, 588, -1,
      588, 575, 576, -1,
      588, 576, 577, -1,
      618, 41, 617, -1,
      617, 41, 601, -1,
      617, 601, 620, -1,
      620, 601, 625, -1,
      620, 625, 631, -1,
      631, 625, 626, -1,
      631, 626, 624, -1,
      624, 626, 627, -1,
      624, 627, 590, -1,
      590, 627, 628, -1,
      590, 628, 2, -1,
      634, 3, 635, -1,
      636, 637, 3, -1,
      585, 584, 638, -1,
      583, 582, 639, -1,
      640, 641, 642, -1,
      77, 643, 644, -1,
      73, 645, 646, -1,
      646, 645, 7, -1,
      647, 648, 80, -1,
      642, 649, 83, -1,
      649, 642, 86, -1,
      86, 642, 641, -1,
      86, 641, 650, -1,
      88, 650, 578, -1,
      578, 650, 641, -1,
      578, 641, 579, -1,
      579, 641, 640, -1,
      579, 640, 580, -1,
      580, 640, 581, -1,
      7, 651, 646, -1,
      646, 651, 652, -1,
      646, 652, 653, -1,
      582, 581, 639, -1,
      639, 581, 640, -1,
      639, 640, 654, -1,
      654, 640, 642, -1,
      654, 642, 647, -1,
      647, 642, 83, -1,
      647, 83, 648, -1,
      652, 655, 653, -1,
      653, 655, 656, -1,
      653, 656, 657, -1,
      584, 583, 638, -1,
      638, 583, 639, -1,
      638, 639, 658, -1,
      658, 639, 654, -1,
      658, 654, 659, -1,
      659, 654, 647, -1,
      659, 647, 660, -1,
      660, 647, 80, -1,
      660, 80, 661, -1,
      656, 662, 657, -1,
      657, 662, 663, -1,
      657, 663, 664, -1,
      660, 665, 659, -1,
      659, 665, 666, -1,
      659, 666, 658, -1,
      658, 666, 667, -1,
      658, 667, 638, -1,
      638, 667, 668, -1,
      638, 668, 585, -1,
      637, 636, 669, -1,
      643, 73, 644, -1,
      644, 73, 646, -1,
      644, 646, 670, -1,
      670, 646, 653, -1,
      670, 653, 671, -1,
      671, 653, 657, -1,
      671, 657, 672, -1,
      672, 657, 664, -1,
      672, 664, 673, -1,
      673, 664, 635, -1,
      673, 635, 3, -1,
      3, 587, 668, -1,
      668, 587, 586, -1,
      668, 586, 585, -1,
      665, 674, 666, -1,
      666, 674, 675, -1,
      666, 675, 667, -1,
      667, 675, 676, -1,
      667, 676, 668, -1,
      668, 676, 3, -1,
      674, 669, 675, -1,
      675, 669, 636, -1,
      675, 636, 676, -1,
      676, 636, 3, -1,
      663, 677, 664, -1,
      664, 677, 678, -1,
      664, 678, 635, -1,
      635, 678, 679, -1,
      635, 679, 634, -1,
      661, 77, 660, -1,
      660, 77, 644, -1,
      660, 644, 665, -1,
      665, 644, 670, -1,
      665, 670, 674, -1,
      674, 670, 671, -1,
      674, 671, 669, -1,
      669, 671, 672, -1,
      669, 672, 637, -1,
      637, 672, 673, -1,
      637, 673, 3, -1,
      7, 5, 651, -1,
      651, 5, 608, -1,
      651, 608, 652, -1,
      652, 608, 609, -1,
      652, 609, 655, -1,
      655, 609, 610, -1,
      655, 610, 656, -1,
      656, 610, 611, -1,
      656, 611, 662, -1,
      662, 611, 595, -1,
      662, 595, 663, -1,
      663, 595, 594, -1,
      663, 594, 677, -1,
      677, 594, 592, -1,
      677, 592, 678, -1,
      678, 592, 591, -1,
      678, 591, 679, -1,
      679, 591, 630, -1,
      679, 630, 634, -1,
      630, 629, 634, -1,
      634, 629, 2, -1,
      634, 2, 3, -1,
    ]
  }
}

Shape {
  appearance Appearance {
    material Material {
      diffuseColor 0.0000 0.0000 0.0000
      specularColor 0.0000 0.0000 0.0000
      ambientIntensity 0.2
      transparency 0.0000
      shininess 0.5
    }
  }
  geometry IndexedFaceSet {
    ccw TRUE
    solid FALSE
    coord DEF co Coordinate {
      point [
        -0.630931 -0.571020 0.196850,
        -0.634270 -0.596382 0.196850,
        -0.644059 -0.620015 0.196850,
        -0.659631 -0.640309 0.196850,
        -0.754281 -0.665670 0.196850,
        -0.777915 -0.655881 0.196850,
        -0.798209 -0.640309 0.196850,
        -0.813781 -0.620015 0.196850,
        -0.823570 -0.596382 0.196850,
        -0.679926 -0.655881 0.196850,
        -0.703559 -0.665670 0.196850,
        -0.728920 -0.669009 0.196850,
        -0.754281 -0.476370 0.196850,
        -0.777915 -0.486159 0.196850,
        -0.798209 -0.501732 0.196850,
        -0.728920 -0.473031 0.196850,
        -0.703559 -0.476370 0.196850,
        -0.679926 -0.486159 0.196850,
        -0.659631 -0.501732 0.196850,
        -0.644059 -0.522026 0.196850,
        -0.634270 -0.545659 0.196850,
        -0.826909 -0.571020 0.196850,
        -0.823570 -0.545659 0.196850,
        -0.813781 -0.522026 0.196850,
        -0.630931 -0.571020 0.196457,
        -0.634270 -0.545659 0.196457,
        -0.644059 -0.522026 0.196457,
        -0.659631 -0.501732 0.196457,
        -0.679926 -0.486159 0.196457,
        -0.703559 -0.476370 0.196457,
        -0.728920 -0.473031 0.196457,
        -0.754281 -0.476370 0.196457,
        -0.777915 -0.486159 0.196457,
        -0.798209 -0.501732 0.196457,
        -0.813781 -0.522026 0.196457,
        -0.823570 -0.545659 0.196457,
        -0.826909 -0.571020 0.196457,
        -0.823570 -0.596382 0.196457,
        -0.813781 -0.620015 0.196457,
        -0.798209 -0.640309 0.196457,
        -0.777915 -0.655881 0.196457,
        -0.754281 -0.665670 0.196457,
        -0.728920 -0.669009 0.196457,
        -0.703559 -0.665670 0.196457,
        -0.679926 -0.655881 0.196457,
        -0.659631 -0.640309 0.196457,
        -0.644059 -0.620015 0.196457,
        -0.634270 -0.596382 0.196457,
        -0.728920 -0.571020 0.196457,
      ]
    }
    coordIndex [
      24, 0, 25, -1,
      25, 0, 20, -1,
      25, 20, 26, -1,
      26, 20, 19, -1,
      26, 19, 27, -1,
      27, 19, 18, -1,
      27, 18, 28, -1,
      28, 18, 17, -1,
      28, 17, 29, -1,
      29, 17, 16, -1,
      29, 16, 30, -1,
      30, 16, 15, -1,
      30, 15, 31, -1,
      31, 15, 12, -1,
      31, 12, 32, -1,
      32, 12, 13, -1,
      32, 13, 33, -1,
      33, 13, 14, -1,
      33, 14, 34, -1,
      34, 14, 23, -1,
      34, 23, 35, -1,
      35, 23, 22, -1,
      35, 22, 36, -1,
      36, 22, 21, -1,
      36, 21, 37, -1,
      37, 21, 8, -1,
      37, 8, 38, -1,
      38, 8, 7, -1,
      38, 7, 39, -1,
      39, 7, 6, -1,
      39, 6, 40, -1,
      40, 6, 5, -1,
      40, 5, 41, -1,
      41, 5, 4, -1,
      41, 4, 42, -1,
      42, 4, 11, -1,
      42, 11, 43, -1,
      43, 11, 10, -1,
      43, 10, 44, -1,
      44, 10, 9, -1,
      44, 9, 45, -1,
      45, 9, 3, -1,
      45, 3, 46, -1,
      46, 3, 2, -1,
      46, 2, 47, -1,
      47, 2, 1, -1,
      47, 1, 24, -1,
      24, 1, 0, -1,
      46, 47, 48, -1,
      48, 47, 24, -1,
      48, 24, 25, -1,
      43, 44, 48, -1,
      48, 44, 45, -1,
      48, 45, 46, -1,
      40, 41, 48, -1,
      48, 41, 42, -1,
      48, 42, 43, -1,
      37, 38, 48, -1,
      48, 38, 39, -1,
      48, 39, 40, -1,
      34, 35, 48, -1,
      48, 35, 36, -1,
      48, 36, 37, -1,
      31, 32, 48, -1,
      48, 32, 33, -1,
      48, 33, 34, -1,
      28, 29, 48, -1,
      48, 29, 30, -1,
      48, 30, 31, -1,
      25, 26, 48, -1,
      48, 26, 27, -1,
      48, 27, 28, -1,
    ]
  }
}

Shape {
  appearance Appearance {
    material Material {
      diffuseColor 1.0000 1.0000 1.0000
      specularColor 0.5020 0.5020 0.5020
      ambientIntensity 0.2
      transparency 0.0000
      shininess 0.5
    }
  }
  geometry IndexedFaceSet {
    ccw TRUE
    solid FALSE
    coord DEF co Coordinate {
      point [
        0.942965 0.864075 -0.023622,
        0.840551 0.864075 -0.023622,
        0.694882 0.864075 -0.023622,
        0.694882 0.866142 0.000000,
        0.840551 0.866142 0.000000,
        -0.942965 0.864075 -0.023622,
        -0.840551 0.864075 -0.023622,
        -0.840551 0.866142 0.000000,
        -0.694882 0.866142 0.000000,
        -0.694882 0.864075 -0.023622,
        -0.584646 0.864075 -0.023622,
        -0.584646 0.866142 0.000000,
        -0.438976 0.866142 0.000000,
        -0.438976 0.864075 -0.023622,
        -0.328740 0.864075 -0.023622,
        -0.328740 0.866142 0.000000,
        -0.183071 0.866142 0.000000,
        -0.183071 0.864075 -0.023622,
        -0.072835 0.864075 -0.023622,
        -0.072835 0.866142 0.000000,
        0.072835 0.866142 0.000000,
        0.072835 0.864075 -0.023622,
        0.183071 0.864075 -0.023622,
        0.183071 0.866142 0.000000,
        0.328740 0.866142 0.000000,
        0.328740 0.864075 -0.023622,
        0.438976 0.864075 -0.023622,
        0.438976 0.866142 0.000000,
        0.584646 0.866142 0.000000,
        0.584646 0.864075 -0.023622,
        0.950787 0.863292 -0.023622,
        0.950787 0.865720 0.000000,
        -0.840551 0.864764 0.015748,
        -0.943654 0.864764 0.015748,
        0.840551 0.864764 0.015748,
        0.943654 0.864764 0.015748,
        0.584646 0.864764 0.015748,
        0.694882 0.864764 0.015748,
        0.328740 0.864764 0.015748,
        0.183071 0.864764 0.015748,
        0.072835 0.864764 0.015748,
        0.438976 0.864764 0.015748,
        -0.183071 0.864764 0.015748,
        -0.328740 0.864764 0.015748,
        -0.438976 0.864764 0.015748,
        -0.072835 0.864764 0.015748,
        -0.694882 0.864764 0.015748,
        -0.584646 0.864764 0.015748,
        -0.950787 0.863292 -0.023622,
        -0.950787 0.865720 -0.000000,
        0.840551 -0.864764 0.015748,
        0.943654 -0.864764 0.015748,
        -0.840551 -0.864764 0.015748,
        -0.943654 -0.864764 0.015748,
        -0.584646 -0.864764 0.015748,
        -0.694882 -0.864764 0.015748,
        -0.694882 -0.866142 0.000000,
        -0.840551 -0.866142 0.000000,
        -0.328740 -0.864764 0.015748,
        -0.328740 -0.866142 0.000000,
        -0.183071 -0.866142 0.000000,
        -0.183071 -0.864764 0.015748,
        -0.072835 -0.864764 0.015748,
        -0.438976 -0.864764 0.015748,
        -0.438976 -0.866142 0.000000,
        -0.584646 -0.866142 0.000000,
        0.183071 -0.864764 0.015748,
        0.183071 -0.866142 0.000000,
        0.328740 -0.866142 0.000000,
        0.328740 -0.864764 0.015748,
        0.438976 -0.864764 0.015748,
        0.072835 -0.864764 0.015748,
        0.072835 -0.866142 0.000000,
        -0.072835 -0.866142 0.000000,
        0.694882 -0.864764 0.015748,
        0.694882 -0.866142 0.000000,
        0.840551 -0.866142 0.000000,
        0.584646 -0.864764 0.015748,
        0.584646 -0.866142 0.000000,
        0.438976 -0.866142 0.000000,
        0.950787 -0.864114 0.015748,
        0.950787 -0.865720 0.000000,
        -0.840551 -0.864075 -0.023622,
        -0.942965 -0.864075 -0.023622,
        0.840551 -0.864075 -0.023622,
        0.942965 -0.864075 -0.023622,
        0.584646 -0.864075 -0.023622,
        0.694882 -0.864075 -0.023622,
        0.328740 -0.864075 -0.023622,
        0.183071 -0.864075 -0.023622,
        0.072835 -0.864075 -0.023622,
        0.438976 -0.864075 -0.023622,
        -0.183071 -0.864075 -0.023622,
        -0.328740 -0.864075 -0.023622,
        -0.438976 -0.864075 -0.023622,
        -0.072835 -0.864075 -0.023622,
        -0.694882 -0.864075 -0.023622,
        -0.584646 -0.864075 -0.023622,
        -0.950787 -0.864114 0.015748,
        -0.950787 -0.865720 0.000000,
        0.950787 -0.863292 -0.023622,
        -0.950787 -0.863292 -0.023622,
        0.950787 0.864114 0.015748,
        -0.950787 0.864114 0.015748,
        0.072835 -0.983959 0.015748,
        0.183071 -0.983959 0.015748,
        0.183071 -1.259843 -0.196850,
        0.183071 -1.120552 -0.196850,
        0.072835 -1.259843 -0.196850,
        0.072835 -1.120552 -0.196850,
        0.183071 -1.259843 -0.236220,
        0.072835 -1.259843 -0.236220,
        0.183071 -1.120552 -0.236220,
        0.072835 -1.120552 -0.236220,
        0.072835 -1.097854 -0.233567,
        0.183071 -1.097854 -0.233567,
        0.072835 -1.076379 -0.225751,
        0.183071 -1.076379 -0.225751,
        0.072835 -1.057285 -0.213193,
        0.183071 -1.057285 -0.213193,
        0.072835 -1.041603 -0.196571,
        0.183071 -1.041603 -0.196571,
        0.072835 -1.030176 -0.176780,
        0.183071 -1.030176 -0.176780,
        0.072835 -1.023622 -0.154887,
        0.183071 -1.023622 -0.154887,
        0.183071 -1.003345 -0.039889,
        0.072835 -1.003345 -0.039889,
        0.183071 -1.002034 -0.035510,
        0.072835 -1.002034 -0.035510,
        0.183071 -0.999748 -0.031552,
        0.072835 -0.999748 -0.031552,
        0.183071 -0.996612 -0.028228,
        0.072835 -0.996612 -0.028228,
        0.183071 -0.992793 -0.025716,
        0.072835 -0.992793 -0.025716,
        0.183071 -0.988498 -0.024153,
        0.072835 -0.988498 -0.024153,
        0.183071 -0.983959 -0.023622,
        0.072835 -0.983959 -0.023622,
        0.072835 -0.997578 0.014156,
        0.183071 -0.997578 0.014156,
        0.072835 -1.010463 0.009467,
        0.183071 -1.010463 0.009467,
        0.072835 -1.021919 0.001932,
        0.183071 -1.021919 0.001932,
        0.072835 -1.031328 -0.008042,
        0.183071 -1.031328 -0.008042,
        0.072835 -1.038184 -0.019917,
        0.183071 -1.038184 -0.019917,
        0.072835 -1.042117 -0.033052,
        0.183071 -1.042117 -0.033052,
        0.183071 -1.062394 -0.148050,
        0.072835 -1.062394 -0.148050,
        0.183071 -1.066327 -0.161186,
        0.072835 -1.066327 -0.161186,
        0.183071 -1.073182 -0.173061,
        0.072835 -1.073182 -0.173061,
        0.183071 -1.082592 -0.183034,
        0.072835 -1.082592 -0.183034,
        0.183071 -1.094048 -0.190569,
        0.072835 -1.094048 -0.190569,
        0.183071 -1.106933 -0.195259,
        0.072835 -1.106933 -0.195259,
        -0.183071 -0.983959 0.015748,
        -0.072835 -0.983959 0.015748,
        -0.072835 -1.259843 -0.196850,
        -0.072835 -1.120552 -0.196850,
        -0.183071 -1.259843 -0.196850,
        -0.183071 -1.120552 -0.196850,
        -0.072835 -1.259843 -0.236220,
        -0.183071 -1.259843 -0.236220,
        -0.072835 -1.120552 -0.236220,
        -0.183071 -1.120552 -0.236220,
        -0.183071 -1.097854 -0.233567,
        -0.072835 -1.097854 -0.233567,
        -0.183071 -1.076379 -0.225751,
        -0.072835 -1.076379 -0.225751,
        -0.183071 -1.057285 -0.213193,
        -0.072835 -1.057285 -0.213193,
        -0.183071 -1.041603 -0.196571,
        -0.072835 -1.041603 -0.196571,
        -0.183071 -1.030176 -0.176780,
        -0.072835 -1.030176 -0.176780,
        -0.183071 -1.023622 -0.154887,
        -0.072835 -1.023622 -0.154887,
        -0.072835 -1.003345 -0.039889,
        -0.183071 -1.003345 -0.039889,
        -0.072835 -1.002034 -0.035510,
        -0.183071 -1.002034 -0.035510,
        -0.072835 -0.999748 -0.031552,
        -0.183071 -0.999748 -0.031552,
        -0.072835 -0.996612 -0.028228,
        -0.183071 -0.996612 -0.028228,
        -0.072835 -0.992793 -0.025716,
        -0.183071 -0.992793 -0.025716,
        -0.072835 -0.988498 -0.024153,
        -0.183071 -0.988498 -0.024153,
        -0.072835 -0.983959 -0.023622,
        -0.183071 -0.983959 -0.023622,
        -0.183071 -0.997578 0.014156,
        -0.072835 -0.997578 0.014156,
        -0.183071 -1.010463 0.009467,
        -0.072835 -1.010463 0.009467,
        -0.183071 -1.021919 0.001932,
        -0.072835 -1.021919 0.001932,
        -0.183071 -1.031328 -0.008042,
        -0.072835 -1.031328 -0.008042,
        -0.183071 -1.038184 -0.019917,
        -0.072835 -1.038184 -0.019917,
        -0.183071 -1.042117 -0.033052,
        -0.072835 -1.042117 -0.033052,
        -0.072835 -1.062394 -0.148050,
        -0.183071 -1.062394 -0.148050,
        -0.072835 -1.066327 -0.161186,
        -0.183071 -1.066327 -0.161186,
        -0.072835 -1.073182 -0.173061,
        -0.183071 -1.073182 -0.173061,
        -0.072835 -1.082592 -0.183034,
        -0.183071 -1.082592 -0.183034,
        -0.072835 -1.094048 -0.190569,
        -0.183071 -1.094048 -0.190569,
        -0.072835 -1.106933 -0.195259,
        -0.183071 -1.106933 -0.195259,
        -0.438976 -0.983959 0.015748,
        -0.328740 -0.983959 0.015748,
        -0.328740 -1.259843 -0.196850,
        -0.328740 -1.120552 -0.196850,
        -0.438976 -1.259843 -0.196850,
        -0.438976 -1.120552 -0.196850,
        -0.328740 -1.259843 -0.236220,
        -0.438976 -1.259843 -0.236220,
        -0.328740 -1.120552 -0.236220,
        -0.438976 -1.120552 -0.236220,
        -0.438976 -1.097854 -0.233567,
        -0.328740 -1.097854 -0.233567,
        -0.438976 -1.076379 -0.225751,
        -0.328740 -1.076379 -0.225751,
        -0.438976 -1.057285 -0.213193,
        -0.328740 -1.057285 -0.213193,
        -0.438976 -1.041603 -0.196571,
        -0.328740 -1.041603 -0.196571,
        -0.438976 -1.030176 -0.176780,
        -0.328740 -1.030176 -0.176780,
        -0.438976 -1.023622 -0.154887,
        -0.328740 -1.023622 -0.154887,
        -0.328740 -1.003345 -0.039889,
        -0.438976 -1.003345 -0.039889,
        -0.328740 -1.002034 -0.035510,
        -0.438976 -1.002034 -0.035510,
        -0.328740 -0.999748 -0.031552,
        -0.438976 -0.999748 -0.031552,
        -0.328740 -0.996612 -0.028228,
        -0.438976 -0.996612 -0.028228,
        -0.328740 -0.992793 -0.025716,
        -0.438976 -0.992793 -0.025716,
        -0.328740 -0.988498 -0.024153,
        -0.438976 -0.988498 -0.024153,
        -0.328740 -0.983959 -0.023622,
        -0.438976 -0.983959 -0.023622,
        -0.438976 -0.997578 0.014156,
        -0.328740 -0.997578 0.014156,
        -0.438976 -1.010463 0.009467,
        -0.328740 -1.010463 0.009467,
        -0.438976 -1.021919 0.001932,
        -0.328740 -1.021919 0.001932,
        -0.438976 -1.031328 -0.008042,
        -0.328740 -1.031328 -0.008042,
        -0.438976 -1.038184 -0.019917,
        -0.328740 -1.038184 -0.019917,
        -0.438976 -1.042117 -0.033052,
        -0.328740 -1.042117 -0.033052,
        -0.328740 -1.062394 -0.148050,
        -0.438976 -1.062394 -0.148050,
        -0.328740 -1.066327 -0.161186,
        -0.438976 -1.066327 -0.161186,
        -0.328740 -1.073182 -0.173061,
        -0.438976 -1.073182 -0.173061,
        -0.328740 -1.082592 -0.183034,
        -0.438976 -1.082592 -0.183034,
        -0.328740 -1.094048 -0.190569,
        -0.438976 -1.094048 -0.190569,
        -0.328740 -1.106933 -0.195259,
        -0.438976 -1.106933 -0.195259,
        -0.694882 -0.983959 0.015748,
        -0.584646 -0.983959 0.015748,
        -0.584646 -1.259843 -0.196850,
        -0.584646 -1.120552 -0.196850,
        -0.694882 -1.259843 -0.196850,
        -0.694882 -1.120552 -0.196850,
        -0.584646 -1.259843 -0.236220,
        -0.694882 -1.259843 -0.236220,
        -0.584646 -1.120552 -0.236220,
        -0.694882 -1.120552 -0.236220,
        -0.694882 -1.097854 -0.233567,
        -0.584646 -1.097854 -0.233567,
        -0.694882 -1.076379 -0.225751,
        -0.584646 -1.076379 -0.225751,
        -0.694882 -1.057285 -0.213193,
        -0.584646 -1.057285 -0.213193,
        -0.694882 -1.041603 -0.196571,
        -0.584646 -1.041603 -0.196571,
        -0.694882 -1.030176 -0.176780,
        -0.584646 -1.030176 -0.176780,
        -0.694882 -1.023622 -0.154887,
        -0.584646 -1.023622 -0.154887,
        -0.584646 -1.003345 -0.039889,
        -0.694882 -1.003345 -0.039889,
        -0.584646 -1.002034 -0.035510,
        -0.694882 -1.002034 -0.035510,
        -0.584646 -0.999748 -0.031552,
        -0.694882 -0.999748 -0.031552,
        -0.584646 -0.996612 -0.028228,
        -0.694882 -0.996612 -0.028228,
        -0.584646 -0.992793 -0.025716,
        -0.694882 -0.992793 -0.025716,
        -0.584646 -0.988498 -0.024153,
        -0.694882 -0.988498 -0.024153,
        -0.584646 -0.983959 -0.023622,
        -0.694882 -0.983959 -0.023622,
        -0.694882 -0.997578 0.014156,
        -0.584646 -0.997578 0.014156,
        -0.694882 -1.010463 0.009467,
        -0.584646 -1.010463 0.009467,
        -0.694882 -1.021919 0.001932,
        -0.584646 -1.021919 0.001932,
        -0.694882 -1.031328 -0.008042,
        -0.584646 -1.031328 -0.008042,
        -0.694882 -1.038184 -0.019917,
        -0.584646 -1.038184 -0.019917,
        -0.694882 -1.042117 -0.033052,
        -0.584646 -1.042117 -0.033052,
        -0.584646 -1.062394 -0.148050,
        -0.694882 -1.062394 -0.148050,
        -0.584646 -1.066327 -0.161186,
        -0.694882 -1.066327 -0.161186,
        -0.584646 -1.073182 -0.173061,
        -0.694882 -1.073182 -0.173061,
        -0.584646 -1.082592 -0.183034,
        -0.694882 -1.082592 -0.183034,
        -0.584646 -1.094048 -0.190569,
        -0.694882 -1.094048 -0.190569,
        -0.584646 -1.106933 -0.195259,
        -0.694882 -1.106933 -0.195259,
        -0.840551 -0.983959 0.015748,
        -0.950787 -0.983959 0.015748,
        -0.840551 -1.259843 -0.196850,
        -0.840551 -1.120552 -0.196850,
        -0.950787 -1.259843 -0.196850,
        -0.950787 -1.120552 -0.196850,
        -0.840551 -1.259843 -0.236220,
        -0.950787 -1.259843 -0.236220,
        -0.840551 -1.120552 -0.236220,
        -0.950787 -1.120552 -0.236220,
        -0.950787 -1.097854 -0.233567,
        -0.840551 -1.097854 -0.233567,
        -0.950787 -1.076379 -0.225751,
        -0.840551 -1.076379 -0.225751,
        -0.950787 -1.057285 -0.213193,
        -0.840551 -1.057285 -0.213193,
        -0.950787 -1.041603 -0.196571,
        -0.840551 -1.041603 -0.196571,
        -0.950787 -1.030176 -0.176780,
        -0.840551 -1.030176 -0.176780,
        -0.950787 -1.023622 -0.154887,
        -0.840551 -1.023622 -0.154887,
        -0.840551 -1.003345 -0.039889,
        -0.950787 -1.003345 -0.039889,
        -0.840551 -1.002034 -0.035510,
        -0.950787 -1.002034 -0.035510,
        -0.840551 -0.999748 -0.031552,
        -0.950787 -0.999748 -0.031552,
        -0.840551 -0.996612 -0.028228,
        -0.950787 -0.996612 -0.028228,
        -0.840551 -0.992793 -0.025716,
        -0.950787 -0.992793 -0.025716,
        -0.840551 -0.988498 -0.024153,
        -0.950787 -0.988498 -0.024153,
        -0.840551 -0.983959 -0.023622,
        -0.950787 -0.983959 -0.023622,
        -0.950787 -0.997578 0.014156,
        -0.840551 -0.997578 0.014156,
        -0.950787 -1.010463 0.009467,
        -0.840551 -1.010463 0.009467,
        -0.950787 -1.021919 0.001932,
        -0.840551 -1.021919 0.001932,
        -0.950787 -1.031328 -0.008042,
        -0.840551 -1.031328 -0.008042,
        -0.950787 -1.038184 -0.019917,
        -0.840551 -1.038184 -0.019917,
        -0.950787 -1.042117 -0.033052,
        -0.840551 -1.042117 -0.033052,
        -0.840551 -1.062394 -0.148050,
        -0.950787 -1.062394 -0.148050,
        -0.840551 -1.066327 -0.161186,
        -0.950787 -1.066327 -0.161186,
        -0.840551 -1.073182 -0.173061,
        -0.950787 -1.073182 -0.173061,
        -0.840551 -1.082592 -0.183034,
        -0.950787 -1.082592 -0.183034,
        -0.840551 -1.094048 -0.190569,
        -0.950787 -1.094048 -0.190569,
        -0.840551 -1.106933 -0.195259,
        -0.950787 -1.106933 -0.195259,
        0.328740 -0.983959 0.015748,
        0.438976 -0.983959 0.015748,
        0.438976 -0.997578 0.014156,
        0.438976 -0.983959 -0.023622,
        0.438976 -1.259843 -0.196850,
        0.438976 -1.259843 -0.236220,
        0.438976 -1.120552 -0.196850,
        0.438976 -1.120552 -0.236220,
        0.438976 -1.106933 -0.195259,
        0.438976 -1.097854 -0.233567,
        0.438976 -1.094048 -0.190569,
        0.438976 -1.076379 -0.225751,
        0.438976 -1.082592 -0.183034,
        0.438976 -1.057285 -0.213193,
        0.438976 -1.073182 -0.173061,
        0.438976 -1.041603 -0.196571,
        0.438976 -1.066327 -0.161186,
        0.438976 -1.030176 -0.176780,
        0.438976 -1.062394 -0.148050,
        0.438976 -1.023622 -0.154887,
        0.438976 -1.042117 -0.033052,
        0.438976 -1.003345 -0.039889,
        0.438976 -1.038184 -0.019917,
        0.438976 -1.002034 -0.035510,
        0.438976 -1.031328 -0.008042,
        0.438976 -0.999748 -0.031552,
        0.438976 -1.021919 0.001932,
        0.438976 -0.996612 -0.028228,
        0.438976 -1.010463 0.009467,
        0.438976 -0.992793 -0.025716,
        0.438976 -0.988498 -0.024153,
        0.328740 -0.997578 0.014156,
        0.328740 -0.983959 -0.023622,
        0.328740 -0.988498 -0.024153,
        0.328740 -1.010463 0.009467,
        0.328740 -0.992793 -0.025716,
        0.328740 -1.021919 0.001932,
        0.328740 -0.996612 -0.028228,
        0.328740 -1.031328 -0.008042,
        0.328740 -0.999748 -0.031552,
        0.328740 -1.038184 -0.019917,
        0.328740 -1.002034 -0.035510,
        0.328740 -1.042117 -0.033052,
        0.328740 -1.003345 -0.039889,
        0.328740 -1.062394 -0.148050,
        0.328740 -1.023622 -0.154887,
        0.328740 -1.066327 -0.161186,
        0.328740 -1.030176 -0.176780,
        0.328740 -1.073182 -0.173061,
        0.328740 -1.041603 -0.196571,
        0.328740 -1.082592 -0.183034,
        0.328740 -1.057285 -0.213193,
        0.328740 -1.094048 -0.190569,
        0.328740 -1.076379 -0.225751,
        0.328740 -1.106933 -0.195259,
        0.328740 -1.097854 -0.233567,
        0.328740 -1.120552 -0.196850,
        0.328740 -1.120552 -0.236220,
        0.328740 -1.259843 -0.196850,
        0.328740 -1.259843 -0.236220,
        0.584646 -0.983959 0.015748,
        0.694882 -0.983959 0.015748,
        0.694882 -0.997578 0.014156,
        0.694882 -0.983959 -0.023622,
        0.694882 -1.259843 -0.196850,
        0.694882 -1.259843 -0.236220,
        0.694882 -1.120552 -0.196850,
        0.694882 -1.120552 -0.236220,
        0.694882 -1.106933 -0.195259,
        0.694882 -1.097854 -0.233567,
        0.694882 -1.094048 -0.190569,
        0.694882 -1.076379 -0.225751,
        0.694882 -1.082592 -0.183034,
        0.694882 -1.057285 -0.213193,
        0.694882 -1.073182 -0.173061,
        0.694882 -1.041603 -0.196571,
        0.694882 -1.066327 -0.161186,
        0.694882 -1.030176 -0.176780,
        0.694882 -1.062394 -0.148050,
        0.694882 -1.023622 -0.154887,
        0.694882 -1.042117 -0.033052,
        0.694882 -1.003345 -0.039889,
        0.694882 -1.038184 -0.019917,
        0.694882 -1.002034 -0.035510,
        0.694882 -1.031328 -0.008042,
        0.694882 -0.999748 -0.031552,
        0.694882 -1.021919 0.001932,
        0.694882 -0.996612 -0.028228,
        0.694882 -1.010463 0.009467,
        0.694882 -0.992793 -0.025716,
        0.694882 -0.988498 -0.024153,
        0.584646 -0.997578 0.014156,
        0.584646 -0.983959 -0.023622,
        0.584646 -0.988498 -0.024153,
        0.584646 -1.010463 0.009467,
        0.584646 -0.992793 -0.025716,
        0.584646 -1.021919 0.001932,
        0.584646 -0.996612 -0.028228,
        0.584646 -1.031328 -0.008042,
        0.584646 -0.999748 -0.031552,
        0.584646 -1.038184 -0.019917,
        0.584646 -1.002034 -0.035510,
        0.584646 -1.042117 -0.033052,
        0.584646 -1.003345 -0.039889,
        0.584646 -1.062394 -0.148050,
        0.584646 -1.023622 -0.154887,
        0.584646 -1.066327 -0.161186,
        0.584646 -1.030176 -0.176780,
        0.584646 -1.073182 -0.173061,
        0.584646 -1.041603 -0.196571,
        0.584646 -1.082592 -0.183034,
        0.584646 -1.057285 -0.213193,
        0.584646 -1.094048 -0.190569,
        0.584646 -1.076379 -0.225751,
        0.584646 -1.106933 -0.195259,
        0.584646 -1.097854 -0.233567,
        0.584646 -1.120552 -0.196850,
        0.584646 -1.120552 -0.236220,
        0.584646 -1.259843 -0.196850,
        0.584646 -1.259843 -0.236220,
        0.840551 -0.997578 0.014156,
        0.840551 -0.983959 0.015748,
        0.840551 -0.983959 -0.023622,
        0.840551 -0.988498 -0.024153,
        0.840551 -1.010463 0.009467,
        0.840551 -0.992793 -0.025716,
        0.840551 -1.021919 0.001932,
        0.840551 -0.996612 -0.028228,
        0.840551 -1.031328 -0.008042,
        0.840551 -0.999748 -0.031552,
        0.840551 -1.038184 -0.019917,
        0.840551 -1.002034 -0.035510,
        0.840551 -1.042117 -0.033052,
        0.840551 -1.003345 -0.039889,
        0.840551 -1.062394 -0.148050,
        0.840551 -1.023622 -0.154887,
        0.840551 -1.066327 -0.161186,
        0.840551 -1.030176 -0.176780,
        0.840551 -1.073182 -0.173061,
        0.840551 -1.041603 -0.196571,
        0.840551 -1.082592 -0.183034,
        0.840551 -1.057285 -0.213193,
        0.840551 -1.094048 -0.190569,
        0.840551 -1.076379 -0.225751,
        0.840551 -1.106933 -0.195259,
        0.840551 -1.097854 -0.233567,
        0.840551 -1.120552 -0.196850,
        0.840551 -1.120552 -0.236220,
        0.840551 -1.259843 -0.196850,
        0.840551 -1.259843 -0.236220,
        0.950787 -0.983959 0.015748,
        0.950787 -1.259843 -0.196850,
        0.950787 -1.120552 -0.196850,
        0.950787 -1.259843 -0.236220,
        0.950787 -1.120552 -0.236220,
        0.950787 -1.097854 -0.233567,
        0.950787 -1.076379 -0.225751,
        0.950787 -1.057285 -0.213193,
        0.950787 -1.041603 -0.196571,
        0.950787 -1.030176 -0.176780,
        0.950787 -1.023622 -0.154887,
        0.950787 -1.003345 -0.039889,
        0.950787 -1.002034 -0.035510,
        0.950787 -0.999748 -0.031552,
        0.950787 -0.996612 -0.028228,
        0.950787 -0.992793 -0.025716,
        0.950787 -0.988498 -0.024153,
        0.950787 -0.983959 -0.023622,
        0.950787 -0.997578 0.014156,
        0.950787 -1.010463 0.009467,
        0.950787 -1.021919 0.001932,
        0.950787 -1.031328 -0.008042,
        0.950787 -1.038184 -0.019917,
        0.950787 -1.042117 -0.033052,
        0.950787 -1.062394 -0.148050,
        0.950787 -1.066327 -0.161186,
        0.950787 -1.073182 -0.173061,
        0.950787 -1.082592 -0.183034,
        0.950787 -1.094048 -0.190569,
        0.950787 -1.106933 -0.195259,
        0.183071 0.983959 0.015748,
        0.072835 0.983959 0.015748,
        0.183071 1.120552 -0.196850,
        0.183071 1.259843 -0.196850,
        0.072835 1.120552 -0.196850,
        0.072835 1.259843 -0.196850,
        0.183071 1.106933 -0.195259,
        0.072835 1.106933 -0.195259,
        0.183071 1.094048 -0.190569,
        0.072835 1.094048 -0.190569,
        0.183071 1.082592 -0.183034,
        0.072835 1.082592 -0.183034,
        0.183071 1.073182 -0.173061,
        0.072835 1.073182 -0.173061,
        0.183071 1.066327 -0.161186,
        0.072835 1.066327 -0.161186,
        0.183071 1.062394 -0.148050,
        0.072835 1.062394 -0.148050,
        0.183071 1.042117 -0.033052,
        0.072835 1.042117 -0.033052,
        0.072835 1.038184 -0.019917,
        0.183071 1.038184 -0.019917,
        0.072835 1.031328 -0.008042,
        0.183071 1.031328 -0.008042,
        0.072835 1.021919 0.001932,
        0.183071 1.021919 0.001932,
        0.072835 1.010463 0.009467,
        0.183071 1.010463 0.009467,
        0.072835 0.997578 0.014156,
        0.183071 0.997578 0.014156,
        0.072835 0.983959 -0.023622,
        0.183071 0.983959 -0.023622,
        0.183071 0.988498 -0.024153,
        0.072835 0.988498 -0.024153,
        0.183071 0.992793 -0.025716,
        0.072835 0.992793 -0.025716,
        0.183071 0.996612 -0.028228,
        0.072835 0.996612 -0.028228,
        0.183071 0.999748 -0.031552,
        0.072835 0.999748 -0.031552,
        0.183071 1.002034 -0.035510,
        0.072835 1.002034 -0.035510,
        0.183071 1.003345 -0.039889,
        0.072835 1.003345 -0.039889,
        0.183071 1.023622 -0.154887,
        0.072835 1.023622 -0.154887,
        0.072835 1.030176 -0.176780,
        0.183071 1.030176 -0.176780,
        0.072835 1.041603 -0.196571,
        0.183071 1.041603 -0.196571,
        0.072835 1.057285 -0.213193,
        0.183071 1.057285 -0.213193,
        0.072835 1.076379 -0.225751,
        0.183071 1.076379 -0.225751,
        0.072835 1.097854 -0.233567,
        0.183071 1.097854 -0.233567,
        0.072835 1.120552 -0.236220,
        0.183071 1.120552 -0.236220,
        0.183071 1.259843 -0.236220,
        0.072835 1.259843 -0.236220,
        -0.072835 0.983959 0.015748,
        -0.183071 0.983959 0.015748,
        -0.072835 1.120552 -0.196850,
        -0.072835 1.259843 -0.196850,
        -0.183071 1.120552 -0.196850,
        -0.183071 1.259843 -0.196850,
        -0.072835 1.106933 -0.195259,
        -0.183071 1.106933 -0.195259,
        -0.072835 1.094048 -0.190569,
        -0.183071 1.094048 -0.190569,
        -0.072835 1.082592 -0.183034,
        -0.183071 1.082592 -0.183034,
        -0.072835 1.073182 -0.173061,
        -0.183071 1.073182 -0.173061,
        -0.072835 1.066327 -0.161186,
        -0.183071 1.066327 -0.161186,
        -0.072835 1.062394 -0.148050,
        -0.183071 1.062394 -0.148050,
        -0.072835 1.042117 -0.033052,
        -0.183071 1.042117 -0.033052,
        -0.183071 1.038184 -0.019917,
        -0.072835 1.038184 -0.019917,
        -0.183071 1.031328 -0.008042,
        -0.072835 1.031328 -0.008042,
        -0.183071 1.021919 0.001932,
        -0.072835 1.021919 0.001932,
        -0.183071 1.010463 0.009467,
        -0.072835 1.010463 0.009467,
        -0.183071 0.997578 0.014156,
        -0.072835 0.997578 0.014156,
        -0.183071 0.983959 -0.023622,
        -0.072835 0.983959 -0.023622,
        -0.072835 0.988498 -0.024153,
        -0.183071 0.988498 -0.024153,
        -0.072835 0.992793 -0.025716,
        -0.183071 0.992793 -0.025716,
        -0.072835 0.996612 -0.028228,
        -0.183071 0.996612 -0.028228,
        -0.072835 0.999748 -0.031552,
        -0.183071 0.999748 -0.031552,
        -0.072835 1.002034 -0.035510,
        -0.183071 1.002034 -0.035510,
        -0.072835 1.003345 -0.039889,
        -0.183071 1.003345 -0.039889,
        -0.072835 1.023622 -0.154887,
        -0.183071 1.023622 -0.154887,
        -0.183071 1.030176 -0.176780,
        -0.072835 1.030176 -0.176780,
        -0.183071 1.041603 -0.196571,
        -0.072835 1.041603 -0.196571,
        -0.183071 1.057285 -0.213193,
        -0.072835 1.057285 -0.213193,
        -0.183071 1.076379 -0.225751,
        -0.072835 1.076379 -0.225751,
        -0.183071 1.097854 -0.233567,
        -0.072835 1.097854 -0.233567,
        -0.183071 1.120552 -0.236220,
        -0.072835 1.120552 -0.236220,
        -0.072835 1.259843 -0.236220,
        -0.183071 1.259843 -0.236220,
        -0.328740 0.983959 0.015748,
        -0.438976 0.983959 0.015748,
        -0.328740 1.120552 -0.196850,
        -0.328740 1.259843 -0.196850,
        -0.438976 1.120552 -0.196850,
        -0.438976 1.259843 -0.196850,
        -0.328740 1.106933 -0.195259,
        -0.438976 1.106933 -0.195259,
        -0.328740 1.094048 -0.190569,
        -0.438976 1.094048 -0.190569,
        -0.328740 1.082592 -0.183034,
        -0.438976 1.082592 -0.183034,
        -0.328740 1.073182 -0.173061,
        -0.438976 1.073182 -0.173061,
        -0.328740 1.066327 -0.161186,
        -0.438976 1.066327 -0.161186,
        -0.328740 1.062394 -0.148050,
        -0.438976 1.062394 -0.148050,
        -0.328740 1.042117 -0.033052,
        -0.438976 1.042117 -0.033052,
        -0.438976 1.038184 -0.019917,
        -0.328740 1.038184 -0.019917,
        -0.438976 1.031328 -0.008042,
        -0.328740 1.031328 -0.008042,
        -0.438976 1.021919 0.001932,
        -0.328740 1.021919 0.001932,
        -0.438976 1.010463 0.009467,
        -0.328740 1.010463 0.009467,
        -0.438976 0.997578 0.014156,
        -0.328740 0.997578 0.014156,
        -0.438976 0.983959 -0.023622,
        -0.328740 0.983959 -0.023622,
        -0.328740 0.988498 -0.024153,
        -0.438976 0.988498 -0.024153,
        -0.328740 0.992793 -0.025716,
        -0.438976 0.992793 -0.025716,
        -0.328740 0.996612 -0.028228,
        -0.438976 0.996612 -0.028228,
        -0.328740 0.999748 -0.031552,
        -0.438976 0.999748 -0.031552,
        -0.328740 1.002034 -0.035510,
        -0.438976 1.002034 -0.035510,
        -0.328740 1.003345 -0.039889,
        -0.438976 1.003345 -0.039889,
        -0.328740 1.023622 -0.154887,
        -0.438976 1.023622 -0.154887,
        -0.438976 1.030176 -0.176780,
        -0.328740 1.030176 -0.176780,
        -0.438976 1.041603 -0.196571,
        -0.328740 1.041603 -0.196571,
        -0.438976 1.057285 -0.213193,
        -0.328740 1.057285 -0.213193,
        -0.438976 1.076379 -0.225751,
        -0.328740 1.076379 -0.225751,
        -0.438976 1.097854 -0.233567,
        -0.328740 1.097854 -0.233567,
        -0.438976 1.120552 -0.236220,
        -0.328740 1.120552 -0.236220,
        -0.328740 1.259843 -0.236220,
        -0.438976 1.259843 -0.236220,
        -0.584646 0.983959 0.015748,
        -0.694882 0.983959 0.015748,
        -0.584646 1.120552 -0.196850,
        -0.584646 1.259843 -0.196850,
        -0.694882 1.120552 -0.196850,
        -0.694882 1.259843 -0.196850,
        -0.584646 1.106933 -0.195259,
        -0.694882 1.106933 -0.195259,
        -0.584646 1.094048 -0.190569,
        -0.694882 1.094048 -0.190569,
        -0.584646 1.082592 -0.183034,
        -0.694882 1.082592 -0.183034,
        -0.584646 1.073182 -0.173061,
        -0.694882 1.073182 -0.173061,
        -0.584646 1.066327 -0.161186,
        -0.694882 1.066327 -0.161186,
        -0.584646 1.062394 -0.148050,
        -0.694882 1.062394 -0.148050,
        -0.584646 1.042117 -0.033052,
        -0.694882 1.042117 -0.033052,
        -0.694882 1.038184 -0.019917,
        -0.584646 1.038184 -0.019917,
        -0.694882 1.031328 -0.008042,
        -0.584646 1.031328 -0.008042,
        -0.694882 1.021919 0.001932,
        -0.584646 1.021919 0.001932,
        -0.694882 1.010463 0.009467,
        -0.584646 1.010463 0.009467,
        -0.694882 0.997578 0.014156,
        -0.584646 0.997578 0.014156,
        -0.694882 0.983959 -0.023622,
        -0.584646 0.983959 -0.023622,
        -0.584646 0.988498 -0.024153,
        -0.694882 0.988498 -0.024153,
        -0.584646 0.992793 -0.025716,
        -0.694882 0.992793 -0.025716,
        -0.584646 0.996612 -0.028228,
        -0.694882 0.996612 -0.028228,
        -0.584646 0.999748 -0.031552,
        -0.694882 0.999748 -0.031552,
        -0.584646 1.002034 -0.035510,
        -0.694882 1.002034 -0.035510,
        -0.584646 1.003345 -0.039889,
        -0.694882 1.003345 -0.039889,
        -0.584646 1.023622 -0.154887,
        -0.694882 1.023622 -0.154887,
        -0.694882 1.030176 -0.176780,
        -0.584646 1.030176 -0.176780,
        -0.694882 1.041603 -0.196571,
        -0.584646 1.041603 -0.196571,
        -0.694882 1.057285 -0.213193,
        -0.584646 1.057285 -0.213193,
        -0.694882 1.076379 -0.225751,
        -0.584646 1.076379 -0.225751,
        -0.694882 1.097854 -0.233567,
        -0.584646 1.097854 -0.233567,
        -0.694882 1.120552 -0.236220,
        -0.584646 1.120552 -0.236220,
        -0.584646 1.259843 -0.236220,
        -0.694882 1.259843 -0.236220,
        -0.840551 0.983959 0.015748,
        -0.950787 0.983959 0.015748,
        -0.840551 1.120552 -0.196850,
        -0.840551 1.259843 -0.196850,
        -0.950787 1.120552 -0.196850,
        -0.950787 1.259843 -0.196850,
        -0.840551 1.106933 -0.195259,
        -0.950787 1.106933 -0.195259,
        -0.840551 1.094048 -0.190569,
        -0.950787 1.094048 -0.190569,
        -0.840551 1.082592 -0.183034,
        -0.950787 1.082592 -0.183034,
        -0.840551 1.073182 -0.173061,
        -0.950787 1.073182 -0.173061,
        -0.840551 1.066327 -0.161186,
        -0.950787 1.066327 -0.161186,
        -0.840551 1.062394 -0.148050,
        -0.950787 1.062394 -0.148050,
        -0.840551 1.042117 -0.033052,
        -0.950787 1.042117 -0.033052,
        -0.950787 1.038184 -0.019917,
        -0.840551 1.038184 -0.019917,
        -0.950787 1.031328 -0.008042,
        -0.840551 1.031328 -0.008042,
        -0.950787 1.021919 0.001932,
        -0.840551 1.021919 0.001932,
        -0.950787 1.010463 0.009467,
        -0.840551 1.010463 0.009467,
        -0.950787 0.997578 0.014156,
        -0.840551 0.997578 0.014156,
        -0.840551 0.983959 -0.023622,
        -0.950787 0.983959 -0.023622,
        -0.840551 0.988498 -0.024153,
        -0.950787 0.988498 -0.024153,
        -0.840551 0.992793 -0.025716,
        -0.950787 0.992793 -0.025716,
        -0.840551 0.996612 -0.028228,
        -0.950787 0.996612 -0.028228,
        -0.840551 0.999748 -0.031552,
        -0.950787 0.999748 -0.031552,
        -0.840551 1.002034 -0.035510,
        -0.950787 1.002034 -0.035510,
        -0.840551 1.003345 -0.039889,
        -0.950787 1.003345 -0.039889,
        -0.840551 1.023622 -0.154887,
        -0.950787 1.023622 -0.154887,
        -0.950787 1.030176 -0.176780,
        -0.840551 1.030176 -0.176780,
        -0.950787 1.041603 -0.196571,
        -0.840551 1.041603 -0.196571,
        -0.950787 1.057285 -0.213193,
        -0.840551 1.057285 -0.213193,
        -0.950787 1.076379 -0.225751,
        -0.840551 1.076379 -0.225751,
        -0.950787 1.097854 -0.233567,
        -0.840551 1.097854 -0.233567,
        -0.950787 1.120552 -0.236220,
        -0.840551 1.120552 -0.236220,
        -0.840551 1.259843 -0.236220,
        -0.950787 1.259843 -0.236220,
        0.438976 0.983959 0.015748,
        0.328740 0.983959 0.015748,
        0.438976 1.120552 -0.196850,
        0.438976 1.259843 -0.196850,
        0.328740 1.120552 -0.196850,
        0.328740 1.259843 -0.196850,
        0.438976 1.106933 -0.195259,
        0.328740 1.106933 -0.195259,
        0.438976 1.094048 -0.190569,
        0.328740 1.094048 -0.190569,
        0.438976 1.082592 -0.183034,
        0.328740 1.082592 -0.183034,
        0.438976 1.073182 -0.173061,
        0.328740 1.073182 -0.173061,
        0.438976 1.066327 -0.161186,
        0.328740 1.066327 -0.161186,
        0.438976 1.062394 -0.148050,
        0.328740 1.062394 -0.148050,
        0.438976 1.042117 -0.033052,
        0.328740 1.042117 -0.033052,
        0.328740 1.038184 -0.019917,
        0.438976 1.038184 -0.019917,
        0.328740 1.031328 -0.008042,
        0.438976 1.031328 -0.008042,
        0.328740 1.021919 0.001932,
        0.438976 1.021919 0.001932,
        0.328740 1.010463 0.009467,
        0.438976 1.010463 0.009467,
        0.328740 0.997578 0.014156,
        0.438976 0.997578 0.014156,
        0.328740 0.983959 -0.023622,
        0.438976 0.983959 -0.023622,
        0.438976 0.988498 -0.024153,
        0.328740 0.988498 -0.024153,
        0.438976 0.992793 -0.025716,
        0.328740 0.992793 -0.025716,
        0.438976 0.996612 -0.028228,
        0.328740 0.996612 -0.028228,
        0.438976 0.999748 -0.031552,
        0.328740 0.999748 -0.031552,
        0.438976 1.002034 -0.035510,
        0.328740 1.002034 -0.035510,
        0.438976 1.003345 -0.039889,
        0.328740 1.003345 -0.039889,
        0.438976 1.023622 -0.154887,
        0.328740 1.023622 -0.154887,
        0.328740 1.030176 -0.176780,
        0.438976 1.030176 -0.176780,
        0.328740 1.041603 -0.196571,
        0.438976 1.041603 -0.196571,
        0.328740 1.057285 -0.213193,
        0.438976 1.057285 -0.213193,
        0.328740 1.076379 -0.225751,
        0.438976 1.076379 -0.225751,
        0.328740 1.097854 -0.233567,
        0.438976 1.097854 -0.233567,
        0.328740 1.120552 -0.236220,
        0.438976 1.120552 -0.236220,
        0.438976 1.259843 -0.236220,
        0.328740 1.259843 -0.236220,
        0.694882 0.983959 0.015748,
        0.584646 0.983959 0.015748,
        0.694882 1.120552 -0.196850,
        0.694882 1.259843 -0.196850,
        0.584646 1.120552 -0.196850,
        0.584646 1.259843 -0.196850,
        0.694882 1.106933 -0.195259,
        0.584646 1.106933 -0.195259,
        0.694882 1.094048 -0.190569,
        0.584646 1.094048 -0.190569,
        0.694882 1.082592 -0.183034,
        0.584646 1.082592 -0.183034,
        0.694882 1.073182 -0.173061,
        0.584646 1.073182 -0.173061,
        0.694882 1.066327 -0.161186,
        0.584646 1.066327 -0.161186,
        0.694882 1.062394 -0.148050,
        0.584646 1.062394 -0.148050,
        0.694882 1.042117 -0.033052,
        0.584646 1.042117 -0.033052,
        0.584646 1.038184 -0.019917,
        0.694882 1.038184 -0.019917,
        0.584646 1.031328 -0.008042,
        0.694882 1.031328 -0.008042,
        0.584646 1.021919 0.001932,
        0.694882 1.021919 0.001932,
        0.584646 1.010463 0.009467,
        0.694882 1.010463 0.009467,
        0.584646 0.997578 0.014156,
        0.694882 0.997578 0.014156,
        0.584646 0.983959 -0.023622,
        0.694882 0.983959 -0.023622,
        0.694882 0.988498 -0.024153,
        0.584646 0.988498 -0.024153,
        0.694882 0.992793 -0.025716,
        0.584646 0.992793 -0.025716,
        0.694882 0.996612 -0.028228,
        0.584646 0.996612 -0.028228,
        0.694882 0.999748 -0.031552,
        0.584646 0.999748 -0.031552,
        0.694882 1.002034 -0.035510,
        0.584646 1.002034 -0.035510,
        0.694882 1.003345 -0.039889,
        0.584646 1.003345 -0.039889,
        0.694882 1.023622 -0.154887,
        0.584646 1.023622 -0.154887,
        0.584646 1.030176 -0.176780,
        0.694882 1.030176 -0.176780,
        0.584646 1.041603 -0.196571,
        0.694882 1.041603 -0.196571,
        0.584646 1.057285 -0.213193,
        0.694882 1.057285 -0.213193,
        0.584646 1.076379 -0.225751,
        0.694882 1.076379 -0.225751,
        0.584646 1.097854 -0.233567,
        0.694882 1.097854 -0.233567,
        0.584646 1.120552 -0.236220,
        0.694882 1.120552 -0.236220,
        0.694882 1.259843 -0.236220,
        0.584646 1.259843 -0.236220,
        0.840551 0.983959 0.015748,
        0.950787 0.983959 0.015748,
        0.950787 1.120552 -0.196850,
        0.950787 1.259843 -0.196850,
        0.840551 1.120552 -0.196850,
        0.840551 1.259843 -0.196850,
        0.950787 1.106933 -0.195259,
        0.840551 1.106933 -0.195259,
        0.950787 1.094048 -0.190569,
        0.840551 1.094048 -0.190569,
        0.950787 1.082592 -0.183034,
        0.840551 1.082592 -0.183034,
        0.950787 1.073182 -0.173061,
        0.840551 1.073182 -0.173061,
        0.950787 1.066327 -0.161186,
        0.840551 1.066327 -0.161186,
        0.950787 1.062394 -0.148050,
        0.840551 1.062394 -0.148050,
        0.950787 1.042117 -0.033052,
        0.840551 1.042117 -0.033052,
        0.840551 1.038184 -0.019917,
        0.950787 1.038184 -0.019917,
        0.840551 1.031328 -0.008042,
        0.950787 1.031328 -0.008042,
        0.840551 1.021919 0.001932,
        0.950787 1.021919 0.001932,
        0.840551 1.010463 0.009467,
        0.950787 1.010463 0.009467,
        0.840551 0.997578 0.014156,
        0.950787 0.997578 0.014156,
        0.840551 0.983959 -0.023622,
        0.950787 0.983959 -0.023622,
        0.950787 0.988498 -0.024153,
        0.840551 0.988498 -0.024153,
        0.950787 0.992793 -0.025716,
        0.840551 0.992793 -0.025716,
        0.950787 0.996612 -0.028228,
        0.840551 0.996612 -0.028228,
        0.950787 0.999748 -0.031552,
        0.840551 0.999748 -0.031552,
        0.950787 1.002034 -0.035510,
        0.840551 1.002034 -0.035510,
        0.950787 1.003345 -0.039889,
        0.840551 1.003345 -0.039889,
        0.950787 1.023622 -0.154887,
        0.840551 1.023622 -0.154887,
        0.840551 1.030176 -0.176780,
        0.950787 1.030176 -0.176780,
        0.840551 1.041603 -0.196571,
        0.950787 1.041603 -0.196571,
        0.840551 1.057285 -0.213193,
        0.950787 1.057285 -0.213193,
        0.840551 1.076379 -0.225751,
        0.950787 1.076379 -0.225751,
        0.840551 1.097854 -0.233567,
        0.950787 1.097854 -0.233567,
        0.840551 1.120552 -0.236220,
        0.950787 1.120552 -0.236220,
        0.950787 1.259843 -0.236220,
        0.840551 1.259843 -0.236220,
      ]
    }
    coordIndex [
      71, 104, 66, -1,
      66, 104, 105, -1,
      106, 107, 108, -1,
      108, 107, 109, -1,
      110, 106, 111, -1,
      111, 106, 108, -1,
      112, 110, 113, -1,
      113, 110, 111, -1,
      112, 113, 114, -1,
      112, 114, 115, -1,
      115, 114, 116, -1,
      115, 116, 117, -1,
      117, 116, 118, -1,
      117, 118, 119, -1,
      119, 118, 120, -1,
      119, 120, 121, -1,
      121, 120, 122, -1,
      121, 122, 123, -1,
      123, 122, 124, -1,
      123, 124, 125, -1,
      126, 125, 127, -1,
      127, 125, 124, -1,
      126, 127, 128, -1,
      128, 127, 129, -1,
      128, 129, 130, -1,
      130, 129, 131, -1,
      130, 131, 132, -1,
      132, 131, 133, -1,
      132, 133, 134, -1,
      134, 133, 135, -1,
      134, 135, 136, -1,
      136, 135, 137, -1,
      136, 137, 138, -1,
      138, 137, 139, -1,
      89, 138, 90, -1,
      90, 138, 139, -1,
      105, 104, 140, -1,
      105, 140, 141, -1,
      141, 140, 142, -1,
      141, 142, 143, -1,
      143, 142, 144, -1,
      143, 144, 145, -1,
      145, 144, 146, -1,
      145, 146, 147, -1,
      147, 146, 148, -1,
      147, 148, 149, -1,
      149, 148, 150, -1,
      149, 150, 151, -1,
      152, 151, 153, -1,
      153, 151, 150, -1,
      152, 153, 154, -1,
      154, 153, 155, -1,
      154, 155, 156, -1,
      156, 155, 157, -1,
      156, 157, 158, -1,
      158, 157, 159, -1,
      158, 159, 160, -1,
      160, 159, 161, -1,
      160, 161, 162, -1,
      162, 161, 163, -1,
      162, 163, 107, -1,
      107, 163, 109, -1,
      67, 66, 105, -1,
      105, 141, 67, -1,
      67, 141, 138, -1,
      67, 138, 89, -1,
      106, 110, 107, -1,
      107, 110, 112, -1,
      107, 112, 162, -1,
      162, 112, 115, -1,
      162, 115, 160, -1,
      160, 115, 117, -1,
      160, 117, 158, -1,
      158, 117, 119, -1,
      158, 119, 156, -1,
      156, 119, 121, -1,
      156, 121, 154, -1,
      154, 121, 123, -1,
      154, 123, 152, -1,
      152, 123, 125, -1,
      152, 125, 151, -1,
      151, 125, 126, -1,
      151, 126, 149, -1,
      149, 126, 128, -1,
      149, 128, 147, -1,
      147, 128, 130, -1,
      147, 130, 145, -1,
      145, 130, 132, -1,
      145, 132, 143, -1,
      143, 132, 134, -1,
      143, 134, 141, -1,
      141, 134, 136, -1,
      141, 136, 138, -1,
      90, 140, 72, -1,
      72, 140, 104, -1,
      72, 104, 71, -1,
      90, 139, 140, -1,
      140, 139, 137, -1,
      140, 137, 142, -1,
      142, 137, 135, -1,
      142, 135, 144, -1,
      144, 135, 133, -1,
      144, 133, 146, -1,
      146, 133, 131, -1,
      146, 131, 148, -1,
      148, 131, 129, -1,
      148, 129, 150, -1,
      150, 129, 127, -1,
      150, 127, 153, -1,
      153, 127, 124, -1,
      153, 124, 155, -1,
      155, 124, 122, -1,
      155, 122, 157, -1,
      157, 122, 120, -1,
      157, 120, 159, -1,
      159, 120, 118, -1,
      159, 118, 161, -1,
      161, 118, 116, -1,
      161, 116, 163, -1,
      163, 116, 114, -1,
      163, 114, 109, -1,
      109, 114, 113, -1,
      109, 113, 108, -1,
      108, 113, 111, -1,
      61, 164, 62, -1,
      62, 164, 165, -1,
      166, 167, 168, -1,
      168, 167, 169, -1,
      170, 166, 171, -1,
      171, 166, 168, -1,
      172, 170, 173, -1,
      173, 170, 171, -1,
      172, 173, 174, -1,
      172, 174, 175, -1,
      175, 174, 176, -1,
      175, 176, 177, -1,
      177, 176, 178, -1,
      177, 178, 179, -1,
      179, 178, 180, -1,
      179, 180, 181, -1,
      181, 180, 182, -1,
      181, 182, 183, -1,
      183, 182, 184, -1,
      183, 184, 185, -1,
      186, 185, 187, -1,
      187, 185, 184, -1,
      186, 187, 188, -1,
      188, 187, 189, -1,
      188, 189, 190, -1,
      190, 189, 191, -1,
      190, 191, 192, -1,
      192, 191, 193, -1,
      192, 193, 194, -1,
      194, 193, 195, -1,
      194, 195, 196, -1,
      196, 195, 197, -1,
      196, 197, 198, -1,
      198, 197, 199, -1,
      95, 198, 92, -1,
      92, 198, 199, -1,
      165, 164, 200, -1,
      165, 200, 201, -1,
      201, 200, 202, -1,
      201, 202, 203, -1,
      203, 202, 204, -1,
      203, 204, 205, -1,
      205, 204, 206, -1,
      205, 206, 207, -1,
      207, 206, 208, -1,
      207, 208, 209, -1,
      209, 208, 210, -1,
      209, 210, 211, -1,
      212, 211, 213, -1,
      213, 211, 210, -1,
      212, 213, 214, -1,
      214, 213, 215, -1,
      214, 215, 216, -1,
      216, 215, 217, -1,
      216, 217, 218, -1,
      218, 217, 219, -1,
      218, 219, 220, -1,
      220, 219, 221, -1,
      220, 221, 222, -1,
      222, 221, 223, -1,
      222, 223, 167, -1,
      167, 223, 169, -1,
      73, 62, 165, -1,
      165, 201, 73, -1,
      73, 201, 198, -1,
      73, 198, 95, -1,
      166, 170, 167, -1,
      167, 170, 172, -1,
      167, 172, 222, -1,
      222, 172, 175, -1,
      222, 175, 220, -1,
      220, 175, 177, -1,
      220, 177, 218, -1,
      218, 177, 179, -1,
      218, 179, 216, -1,
      216, 179, 181, -1,
      216, 181, 214, -1,
      214, 181, 183, -1,
      214, 183, 212, -1,
      212, 183, 185, -1,
      212, 185, 211, -1,
      211, 185, 186, -1,
      211, 186, 209, -1,
      209, 186, 188, -1,
      209, 188, 207, -1,
      207, 188, 190, -1,
      207, 190, 205, -1,
      205, 190, 192, -1,
      205, 192, 203, -1,
      203, 192, 194, -1,
      203, 194, 201, -1,
      201, 194, 196, -1,
      201, 196, 198, -1,
      92, 200, 60, -1,
      60, 200, 164, -1,
      60, 164, 61, -1,
      92, 199, 200, -1,
      200, 199, 197, -1,
      200, 197, 202, -1,
      202, 197, 195, -1,
      202, 195, 204, -1,
      204, 195, 193, -1,
      204, 193, 206, -1,
      206, 193, 191, -1,
      206, 191, 208, -1,
      208, 191, 189, -1,
      208, 189, 210, -1,
      210, 189, 187, -1,
      210, 187, 213, -1,
      213, 187, 184, -1,
      213, 184, 215, -1,
      215, 184, 182, -1,
      215, 182, 217, -1,
      217, 182, 180, -1,
      217, 180, 219, -1,
      219, 180, 178, -1,
      219, 178, 221, -1,
      221, 178, 176, -1,
      221, 176, 223, -1,
      223, 176, 174, -1,
      223, 174, 169, -1,
      169, 174, 173, -1,
      169, 173, 168, -1,
      168, 173, 171, -1,
      63, 224, 58, -1,
      58, 224, 225, -1,
      226, 227, 228, -1,
      228, 227, 229, -1,
      230, 226, 231, -1,
      231, 226, 228, -1,
      232, 230, 233, -1,
      233, 230, 231, -1,
      232, 233, 234, -1,
      232, 234, 235, -1,
      235, 234, 236, -1,
      235, 236, 237, -1,
      237, 236, 238, -1,
      237, 238, 239, -1,
      239, 238, 240, -1,
      239, 240, 241, -1,
      241, 240, 242, -1,
      241, 242, 243, -1,
      243, 242, 244, -1,
      243, 244, 245, -1,
      246, 245, 247, -1,
      247, 245, 244, -1,
      246, 247, 248, -1,
      248, 247, 249, -1,
      248, 249, 250, -1,
      250, 249, 251, -1,
      250, 251, 252, -1,
      252, 251, 253, -1,
      252, 253, 254, -1,
      254, 253, 255, -1,
      254, 255, 256, -1,
      256, 255, 257, -1,
      256, 257, 258, -1,
      258, 257, 259, -1,
      93, 258, 94, -1,
      94, 258, 259, -1,
      225, 224, 260, -1,
      225, 260, 261, -1,
      261, 260, 262, -1,
      261, 262, 263, -1,
      263, 262, 264, -1,
      263, 264, 265, -1,
      265, 264, 266, -1,
      265, 266, 267, -1,
      267, 266, 268, -1,
      267, 268, 269, -1,
      269, 268, 270, -1,
      269, 270, 271, -1,
      272, 271, 273, -1,
      273, 271, 270, -1,
      272, 273, 274, -1,
      274, 273, 275, -1,
      274, 275, 276, -1,
      276, 275, 277, -1,
      276, 277, 278, -1,
      278, 277, 279, -1,
      278, 279, 280, -1,
      280, 279, 281, -1,
      280, 281, 282, -1,
      282, 281, 283, -1,
      282, 283, 227, -1,
      227, 283, 229, -1,
      59, 58, 225, -1,
      225, 261, 59, -1,
      59, 261, 258, -1,
      59, 258, 93, -1,
      226, 230, 227, -1,
      227, 230, 232, -1,
      227, 232, 282, -1,
      282, 232, 235, -1,
      282, 235, 280, -1,
      280, 235, 237, -1,
      280, 237, 278, -1,
      278, 237, 239, -1,
      278, 239, 276, -1,
      276, 239, 241, -1,
      276, 241, 274, -1,
      274, 241, 243, -1,
      274, 243, 272, -1,
      272, 243, 245, -1,
      272, 245, 271, -1,
      271, 245, 246, -1,
      271, 246, 269, -1,
      269, 246, 248, -1,
      269, 248, 267, -1,
      267, 248, 250, -1,
      267, 250, 265, -1,
      265, 250, 252, -1,
      265, 252, 263, -1,
      263, 252, 254, -1,
      263, 254, 261, -1,
      261, 254, 256, -1,
      261, 256, 258, -1,
      94, 260, 64, -1,
      64, 260, 224, -1,
      64, 224, 63, -1,
      94, 259, 260, -1,
      260, 259, 257, -1,
      260, 257, 262, -1,
      262, 257, 255, -1,
      262, 255, 264, -1,
      264, 255, 253, -1,
      264, 253, 266, -1,
      266, 253, 251, -1,
      266, 251, 268, -1,
      268, 251, 249, -1,
      268, 249, 270, -1,
      270, 249, 247, -1,
      270, 247, 273, -1,
      273, 247, 244, -1,
      273, 244, 275, -1,
      275, 244, 242, -1,
      275, 242, 277, -1,
      277, 242, 240, -1,
      277, 240, 279, -1,
      279, 240, 238, -1,
      279, 238, 281, -1,
      281, 238, 236, -1,
      281, 236, 283, -1,
      283, 236, 234, -1,
      283, 234, 229, -1,
      229, 234, 233, -1,
      229, 233, 228, -1,
      228, 233, 231, -1,
      55, 284, 54, -1,
      54, 284, 285, -1,
      286, 287, 288, -1,
      288, 287, 289, -1,
      290, 286, 291, -1,
      291, 286, 288, -1,
      292, 290, 293, -1,
      293, 290, 291, -1,
      292, 293, 294, -1,
      292, 294, 295, -1,
      295, 294, 296, -1,
      295, 296, 297, -1,
      297, 296, 298, -1,
      297, 298, 299, -1,
      299, 298, 300, -1,
      299, 300, 301, -1,
      301, 300, 302, -1,
      301, 302, 303, -1,
      303, 302, 304, -1,
      303, 304, 305, -1,
      306, 305, 307, -1,
      307, 305, 304, -1,
      306, 307, 308, -1,
      308, 307, 309, -1,
      308, 309, 310, -1,
      310, 309, 311, -1,
      310, 311, 312, -1,
      312, 311, 313, -1,
      312, 313, 314, -1,
      314, 313, 315, -1,
      314, 315, 316, -1,
      316, 315, 317, -1,
      316, 317, 318, -1,
      318, 317, 319, -1,
      97, 318, 96, -1,
      96, 318, 319, -1,
      285, 284, 320, -1,
      285, 320, 321, -1,
      321, 320, 322, -1,
      321, 322, 323, -1,
      323, 322, 324, -1,
      323, 324, 325, -1,
      325, 324, 326, -1,
      325, 326, 327, -1,
      327, 326, 328, -1,
      327, 328, 329, -1,
      329, 328, 330, -1,
      329, 330, 331, -1,
      332, 331, 333, -1,
      333, 331, 330, -1,
      332, 333, 334, -1,
      334, 333, 335, -1,
      334, 335, 336, -1,
      336, 335, 337, -1,
      336, 337, 338, -1,
      338, 337, 339, -1,
      338, 339, 340, -1,
      340, 339, 341, -1,
      340, 341, 342, -1,
      342, 341, 343, -1,
      342, 343, 287, -1,
      287, 343, 289, -1,
      65, 54, 285, -1,
      285, 321, 65, -1,
      65, 321, 318, -1,
      65, 318, 97, -1,
      286, 290, 287, -1,
      287, 290, 292, -1,
      287, 292, 342, -1,
      342, 292, 295, -1,
      342, 295, 340, -1,
      340, 295, 297, -1,
      340, 297, 338, -1,
      338, 297, 299, -1,
      338, 299, 336, -1,
      336, 299, 301, -1,
      336, 301, 334, -1,
      334, 301, 303, -1,
      334, 303, 332, -1,
      332, 303, 305, -1,
      332, 305, 331, -1,
      331, 305, 306, -1,
      331, 306, 329, -1,
      329, 306, 308, -1,
      329, 308, 327, -1,
      327, 308, 310, -1,
      327, 310, 325, -1,
      325, 310, 312, -1,
      325, 312, 323, -1,
      323, 312, 314, -1,
      323, 314, 321, -1,
      321, 314, 316, -1,
      321, 316, 318, -1,
      96, 320, 56, -1,
      56, 320, 284, -1,
      56, 284, 55, -1,
      96, 319, 320, -1,
      320, 319, 317, -1,
      320, 317, 322, -1,
      322, 317, 315, -1,
      322, 315, 324, -1,
      324, 315, 313, -1,
      324, 313, 326, -1,
      326, 313, 311, -1,
      326, 311, 328, -1,
      328, 311, 309, -1,
      328, 309, 330, -1,
      330, 309, 307, -1,
      330, 307, 333, -1,
      333, 307, 304, -1,
      333, 304, 335, -1,
      335, 304, 302, -1,
      335, 302, 337, -1,
      337, 302, 300, -1,
      337, 300, 339, -1,
      339, 300, 298, -1,
      339, 298, 341, -1,
      341, 298, 296, -1,
      341, 296, 343, -1,
      343, 296, 294, -1,
      343, 294, 289, -1,
      289, 294, 293, -1,
      289, 293, 288, -1,
      288, 293, 291, -1,
      344, 52, 345, -1,
      345, 52, 53, -1,
      345, 53, 98, -1,
      346, 347, 348, -1,
      348, 347, 349, -1,
      350, 346, 351, -1,
      351, 346, 348, -1,
      352, 350, 353, -1,
      353, 350, 351, -1,
      352, 353, 354, -1,
      352, 354, 355, -1,
      355, 354, 356, -1,
      355, 356, 357, -1,
      357, 356, 358, -1,
      357, 358, 359, -1,
      359, 358, 360, -1,
      359, 360, 361, -1,
      361, 360, 362, -1,
      361, 362, 363, -1,
      363, 362, 364, -1,
      363, 364, 365, -1,
      366, 365, 367, -1,
      367, 365, 364, -1,
      366, 367, 368, -1,
      368, 367, 369, -1,
      368, 369, 370, -1,
      370, 369, 371, -1,
      370, 371, 372, -1,
      372, 371, 373, -1,
      372, 373, 374, -1,
      374, 373, 375, -1,
      374, 375, 376, -1,
      376, 375, 377, -1,
      376, 377, 378, -1,
      378, 377, 379, -1,
      82, 378, 83, -1,
      83, 378, 379, -1,
      83, 379, 101, -1,
      344, 345, 380, -1,
      344, 380, 381, -1,
      381, 380, 382, -1,
      381, 382, 383, -1,
      383, 382, 384, -1,
      383, 384, 385, -1,
      385, 384, 386, -1,
      385, 386, 387, -1,
      387, 386, 388, -1,
      387, 388, 389, -1,
      389, 388, 390, -1,
      389, 390, 391, -1,
      392, 391, 393, -1,
      393, 391, 390, -1,
      392, 393, 394, -1,
      394, 393, 395, -1,
      394, 395, 396, -1,
      396, 395, 397, -1,
      396, 397, 398, -1,
      398, 397, 399, -1,
      398, 399, 400, -1,
      400, 399, 401, -1,
      400, 401, 402, -1,
      402, 401, 403, -1,
      402, 403, 347, -1,
      347, 403, 349, -1,
      57, 52, 344, -1,
      344, 381, 57, -1,
      57, 381, 378, -1,
      57, 378, 82, -1,
      346, 350, 347, -1,
      347, 350, 352, -1,
      347, 352, 402, -1,
      402, 352, 355, -1,
      402, 355, 400, -1,
      400, 355, 357, -1,
      400, 357, 398, -1,
      398, 357, 359, -1,
      398, 359, 396, -1,
      396, 359, 361, -1,
      396, 361, 394, -1,
      394, 361, 363, -1,
      394, 363, 392, -1,
      392, 363, 365, -1,
      392, 365, 391, -1,
      391, 365, 366, -1,
      391, 366, 389, -1,
      389, 366, 368, -1,
      389, 368, 387, -1,
      387, 368, 370, -1,
      387, 370, 385, -1,
      385, 370, 372, -1,
      385, 372, 383, -1,
      383, 372, 374, -1,
      383, 374, 381, -1,
      381, 374, 376, -1,
      381, 376, 378, -1,
      101, 380, 99, -1,
      99, 380, 345, -1,
      99, 345, 98, -1,
      101, 379, 380, -1,
      380, 379, 377, -1,
      380, 377, 382, -1,
      382, 377, 375, -1,
      382, 375, 384, -1,
      384, 375, 373, -1,
      384, 373, 386, -1,
      386, 373, 371, -1,
      386, 371, 388, -1,
      388, 371, 369, -1,
      388, 369, 390, -1,
      390, 369, 367, -1,
      390, 367, 393, -1,
      393, 367, 364, -1,
      393, 364, 395, -1,
      395, 364, 362, -1,
      395, 362, 397, -1,
      397, 362, 360, -1,
      397, 360, 399, -1,
      399, 360, 358, -1,
      399, 358, 401, -1,
      401, 358, 356, -1,
      401, 356, 403, -1,
      403, 356, 354, -1,
      403, 354, 349, -1,
      349, 354, 353, -1,
      349, 353, 348, -1,
      348, 353, 351, -1,
      69, 404, 70, -1,
      70, 404, 405, -1,
      79, 70, 405, -1,
      405, 406, 79, -1,
      79, 406, 407, -1,
      79, 407, 91, -1,
      408, 409, 410, -1,
      410, 409, 411, -1,
      410, 411, 412, -1,
      412, 411, 413, -1,
      412, 413, 414, -1,
      414, 413, 415, -1,
      414, 415, 416, -1,
      416, 415, 417, -1,
      416, 417, 418, -1,
      418, 417, 419, -1,
      418, 419, 420, -1,
      420, 419, 421, -1,
      420, 421, 422, -1,
      422, 421, 423, -1,
      422, 423, 424, -1,
      424, 423, 425, -1,
      424, 425, 426, -1,
      426, 425, 427, -1,
      426, 427, 428, -1,
      428, 427, 429, -1,
      428, 429, 430, -1,
      430, 429, 431, -1,
      430, 431, 432, -1,
      432, 431, 433, -1,
      432, 433, 406, -1,
      406, 433, 434, -1,
      406, 434, 407, -1,
      88, 435, 68, -1,
      68, 435, 404, -1,
      68, 404, 69, -1,
      88, 436, 435, -1,
      435, 436, 437, -1,
      435, 437, 438, -1,
      438, 437, 439, -1,
      438, 439, 440, -1,
      440, 439, 441, -1,
      440, 441, 442, -1,
      442, 441, 443, -1,
      442, 443, 444, -1,
      444, 443, 445, -1,
      444, 445, 446, -1,
      446, 445, 447, -1,
      446, 447, 448, -1,
      448, 447, 449, -1,
      448, 449, 450, -1,
      450, 449, 451, -1,
      450, 451, 452, -1,
      452, 451, 453, -1,
      452, 453, 454, -1,
      454, 453, 455, -1,
      454, 455, 456, -1,
      456, 455, 457, -1,
      456, 457, 458, -1,
      458, 457, 459, -1,
      458, 459, 460, -1,
      460, 459, 461, -1,
      460, 461, 462, -1,
      462, 461, 463, -1,
      408, 410, 462, -1,
      462, 410, 460, -1,
      409, 408, 463, -1,
      463, 408, 462, -1,
      411, 409, 461, -1,
      461, 409, 463, -1,
      411, 461, 459, -1,
      411, 459, 413, -1,
      413, 459, 457, -1,
      413, 457, 415, -1,
      415, 457, 455, -1,
      415, 455, 417, -1,
      417, 455, 453, -1,
      417, 453, 419, -1,
      419, 453, 451, -1,
      419, 451, 421, -1,
      421, 451, 449, -1,
      421, 449, 423, -1,
      425, 423, 447, -1,
      447, 423, 449, -1,
      425, 447, 427, -1,
      427, 447, 445, -1,
      427, 445, 429, -1,
      429, 445, 443, -1,
      429, 443, 431, -1,
      431, 443, 441, -1,
      431, 441, 433, -1,
      433, 441, 439, -1,
      433, 439, 434, -1,
      434, 439, 437, -1,
      434, 437, 407, -1,
      407, 437, 436, -1,
      91, 407, 88, -1,
      88, 407, 436, -1,
      405, 404, 435, -1,
      405, 435, 406, -1,
      406, 435, 438, -1,
      406, 438, 432, -1,
      432, 438, 440, -1,
      432, 440, 430, -1,
      430, 440, 442, -1,
      430, 442, 428, -1,
      428, 442, 444, -1,
      428, 444, 426, -1,
      426, 444, 446, -1,
      426, 446, 424, -1,
      422, 424, 448, -1,
      448, 424, 446, -1,
      422, 448, 420, -1,
      420, 448, 450, -1,
      420, 450, 418, -1,
      418, 450, 452, -1,
      418, 452, 416, -1,
      416, 452, 454, -1,
      416, 454, 414, -1,
      414, 454, 456, -1,
      414, 456, 412, -1,
      412, 456, 458, -1,
      412, 458, 410, -1,
      410, 458, 460, -1,
      77, 464, 74, -1,
      74, 464, 465, -1,
      75, 74, 465, -1,
      465, 466, 75, -1,
      75, 466, 467, -1,
      75, 467, 87, -1,
      468, 469, 470, -1,
      470, 469, 471, -1,
      470, 471, 472, -1,
      472, 471, 473, -1,
      472, 473, 474, -1,
      474, 473, 475, -1,
      474, 475, 476, -1,
      476, 475, 477, -1,
      476, 477, 478, -1,
      478, 477, 479, -1,
      478, 479, 480, -1,
      480, 479, 481, -1,
      480, 481, 482, -1,
      482, 481, 483, -1,
      482, 483, 484, -1,
      484, 483, 485, -1,
      484, 485, 486, -1,
      486, 485, 487, -1,
      486, 487, 488, -1,
      488, 487, 489, -1,
      488, 489, 490, -1,
      490, 489, 491, -1,
      490, 491, 492, -1,
      492, 491, 493, -1,
      492, 493, 466, -1,
      466, 493, 494, -1,
      466, 494, 467, -1,
      86, 495, 78, -1,
      78, 495, 464, -1,
      78, 464, 77, -1,
      86, 496, 495, -1,
      495, 496, 497, -1,
      495, 497, 498, -1,
      498, 497, 499, -1,
      498, 499, 500, -1,
      500, 499, 501, -1,
      500, 501, 502, -1,
      502, 501, 503, -1,
      502, 503, 504, -1,
      504, 503, 505, -1,
      504, 505, 506, -1,
      506, 505, 507, -1,
      506, 507, 508, -1,
      508, 507, 509, -1,
      508, 509, 510, -1,
      510, 509, 511, -1,
      510, 511, 512, -1,
      512, 511, 513, -1,
      512, 513, 514, -1,
      514, 513, 515, -1,
      514, 515, 516, -1,
      516, 515, 517, -1,
      516, 517, 518, -1,
      518, 517, 519, -1,
      518, 519, 520, -1,
      520, 519, 521, -1,
      520, 521, 522, -1,
      522, 521, 523, -1,
      468, 470, 522, -1,
      522, 470, 520, -1,
      469, 468, 523, -1,
      523, 468, 522, -1,
      471, 469, 521, -1,
      521, 469, 523, -1,
      471, 521, 519, -1,
      471, 519, 473, -1,
      473, 519, 517, -1,
      473, 517, 475, -1,
      475, 517, 515, -1,
      475, 515, 477, -1,
      477, 515, 513, -1,
      477, 513, 479, -1,
      479, 513, 511, -1,
      479, 511, 481, -1,
      481, 511, 509, -1,
      481, 509, 483, -1,
      485, 483, 507, -1,
      507, 483, 509, -1,
      485, 507, 487, -1,
      487, 507, 505, -1,
      487, 505, 489, -1,
      489, 505, 503, -1,
      489, 503, 491, -1,
      491, 503, 501, -1,
      491, 501, 493, -1,
      493, 501, 499, -1,
      493, 499, 494, -1,
      494, 499, 497, -1,
      494, 497, 467, -1,
      467, 497, 496, -1,
      87, 467, 86, -1,
      86, 467, 496, -1,
      465, 464, 495, -1,
      465, 495, 466, -1,
      466, 495, 498, -1,
      466, 498, 492, -1,
      492, 498, 500, -1,
      492, 500, 490, -1,
      490, 500, 502, -1,
      490, 502, 488, -1,
      488, 502, 504, -1,
      488, 504, 486, -1,
      486, 504, 506, -1,
      486, 506, 484, -1,
      482, 484, 508, -1,
      508, 484, 506, -1,
      482, 508, 480, -1,
      480, 508, 510, -1,
      480, 510, 478, -1,
      478, 510, 512, -1,
      478, 512, 476, -1,
      476, 512, 514, -1,
      476, 514, 474, -1,
      474, 514, 516, -1,
      474, 516, 472, -1,
      472, 516, 518, -1,
      472, 518, 470, -1,
      470, 518, 520, -1,
      84, 524, 76, -1,
      76, 524, 525, -1,
      76, 525, 50, -1,
      84, 526, 524, -1,
      524, 526, 527, -1,
      524, 527, 528, -1,
      528, 527, 529, -1,
      528, 529, 530, -1,
      530, 529, 531, -1,
      530, 531, 532, -1,
      532, 531, 533, -1,
      532, 533, 534, -1,
      534, 533, 535, -1,
      534, 535, 536, -1,
      536, 535, 537, -1,
      536, 537, 538, -1,
      538, 537, 539, -1,
      538, 539, 540, -1,
      540, 539, 541, -1,
      540, 541, 542, -1,
      542, 541, 543, -1,
      542, 543, 544, -1,
      544, 543, 545, -1,
      544, 545, 546, -1,
      546, 545, 547, -1,
      546, 547, 548, -1,
      548, 547, 549, -1,
      548, 549, 550, -1,
      550, 549, 551, -1,
      550, 551, 552, -1,
      552, 551, 553, -1,
      50, 525, 51, -1,
      51, 525, 554, -1,
      51, 554, 80, -1,
      555, 556, 552, -1,
      552, 556, 550, -1,
      557, 555, 553, -1,
      553, 555, 552, -1,
      558, 557, 551, -1,
      551, 557, 553, -1,
      558, 551, 549, -1,
      558, 549, 559, -1,
      559, 549, 547, -1,
      559, 547, 560, -1,
      560, 547, 545, -1,
      560, 545, 561, -1,
      561, 545, 543, -1,
      561, 543, 562, -1,
      562, 543, 541, -1,
      562, 541, 563, -1,
      563, 541, 539, -1,
      563, 539, 564, -1,
      565, 564, 537, -1,
      537, 564, 539, -1,
      565, 537, 566, -1,
      566, 537, 535, -1,
      566, 535, 567, -1,
      567, 535, 533, -1,
      567, 533, 568, -1,
      568, 533, 531, -1,
      568, 531, 569, -1,
      569, 531, 529, -1,
      569, 529, 570, -1,
      570, 529, 527, -1,
      570, 527, 571, -1,
      571, 527, 526, -1,
      526, 84, 571, -1,
      571, 84, 85, -1,
      571, 85, 100, -1,
      554, 525, 524, -1,
      554, 524, 572, -1,
      572, 524, 528, -1,
      572, 528, 573, -1,
      573, 528, 530, -1,
      573, 530, 574, -1,
      574, 530, 532, -1,
      574, 532, 575, -1,
      575, 532, 534, -1,
      575, 534, 576, -1,
      576, 534, 536, -1,
      576, 536, 577, -1,
      578, 577, 538, -1,
      538, 577, 536, -1,
      578, 538, 579, -1,
      579, 538, 540, -1,
      579, 540, 580, -1,
      580, 540, 542, -1,
      580, 542, 581, -1,
      581, 542, 544, -1,
      581, 544, 582, -1,
      582, 544, 546, -1,
      582, 546, 583, -1,
      583, 546, 548, -1,
      583, 548, 556, -1,
      556, 548, 550, -1,
      81, 80, 554, -1,
      554, 572, 81, -1,
      81, 572, 571, -1,
      81, 571, 100, -1,
      555, 557, 556, -1,
      556, 557, 558, -1,
      556, 558, 583, -1,
      583, 558, 559, -1,
      583, 559, 582, -1,
      582, 559, 560, -1,
      582, 560, 581, -1,
      581, 560, 561, -1,
      581, 561, 580, -1,
      580, 561, 562, -1,
      580, 562, 579, -1,
      579, 562, 563, -1,
      579, 563, 578, -1,
      578, 563, 564, -1,
      578, 564, 577, -1,
      577, 564, 565, -1,
      577, 565, 576, -1,
      576, 565, 566, -1,
      576, 566, 575, -1,
      575, 566, 567, -1,
      575, 567, 574, -1,
      574, 567, 568, -1,
      574, 568, 573, -1,
      573, 568, 569, -1,
      573, 569, 572, -1,
      572, 569, 570, -1,
      572, 570, 571, -1,
      584, 585, 39, -1,
      39, 585, 40, -1,
      586, 587, 588, -1,
      588, 587, 589, -1,
      586, 588, 590, -1,
      590, 588, 591, -1,
      590, 591, 592, -1,
      592, 591, 593, -1,
      592, 593, 594, -1,
      594, 593, 595, -1,
      594, 595, 596, -1,
      596, 595, 597, -1,
      596, 597, 598, -1,
      598, 597, 599, -1,
      598, 599, 600, -1,
      600, 599, 601, -1,
      602, 600, 603, -1,
      603, 600, 601, -1,
      602, 603, 604, -1,
      602, 604, 605, -1,
      605, 604, 606, -1,
      605, 606, 607, -1,
      607, 606, 608, -1,
      607, 608, 609, -1,
      609, 608, 610, -1,
      609, 610, 611, -1,
      611, 610, 612, -1,
      611, 612, 613, -1,
      613, 612, 585, -1,
      613, 585, 584, -1,
      614, 615, 21, -1,
      21, 615, 22, -1,
      615, 614, 616, -1,
      616, 614, 617, -1,
      616, 617, 618, -1,
      618, 617, 619, -1,
      618, 619, 620, -1,
      620, 619, 621, -1,
      620, 621, 622, -1,
      622, 621, 623, -1,
      622, 623, 624, -1,
      624, 623, 625, -1,
      624, 625, 626, -1,
      626, 625, 627, -1,
      628, 626, 629, -1,
      629, 626, 627, -1,
      628, 629, 630, -1,
      628, 630, 631, -1,
      631, 630, 632, -1,
      631, 632, 633, -1,
      633, 632, 634, -1,
      633, 634, 635, -1,
      635, 634, 636, -1,
      635, 636, 637, -1,
      637, 636, 638, -1,
      637, 638, 639, -1,
      639, 638, 640, -1,
      639, 640, 641, -1,
      642, 641, 643, -1,
      643, 641, 640, -1,
      587, 642, 589, -1,
      589, 642, 643, -1,
      22, 613, 23, -1,
      23, 613, 584, -1,
      23, 584, 39, -1,
      22, 615, 613, -1,
      613, 615, 616, -1,
      613, 616, 611, -1,
      611, 616, 618, -1,
      611, 618, 609, -1,
      609, 618, 620, -1,
      609, 620, 607, -1,
      607, 620, 622, -1,
      607, 622, 605, -1,
      605, 622, 624, -1,
      605, 624, 602, -1,
      602, 624, 626, -1,
      602, 626, 600, -1,
      600, 626, 628, -1,
      600, 628, 598, -1,
      598, 628, 631, -1,
      598, 631, 596, -1,
      596, 631, 633, -1,
      596, 633, 594, -1,
      594, 633, 635, -1,
      594, 635, 592, -1,
      592, 635, 637, -1,
      592, 637, 590, -1,
      590, 637, 639, -1,
      590, 639, 586, -1,
      586, 639, 641, -1,
      586, 641, 587, -1,
      587, 641, 642, -1,
      20, 40, 585, -1,
      585, 612, 20, -1,
      20, 612, 614, -1,
      20, 614, 21, -1,
      589, 643, 588, -1,
      588, 643, 640, -1,
      588, 640, 591, -1,
      591, 640, 638, -1,
      591, 638, 593, -1,
      593, 638, 636, -1,
      593, 636, 595, -1,
      595, 636, 634, -1,
      595, 634, 597, -1,
      597, 634, 632, -1,
      597, 632, 599, -1,
      599, 632, 630, -1,
      599, 630, 601, -1,
      601, 630, 629, -1,
      601, 629, 603, -1,
      603, 629, 627, -1,
      603, 627, 604, -1,
      604, 627, 625, -1,
      604, 625, 606, -1,
      606, 625, 623, -1,
      606, 623, 608, -1,
      608, 623, 621, -1,
      608, 621, 610, -1,
      610, 621, 619, -1,
      610, 619, 612, -1,
      612, 619, 617, -1,
      612, 617, 614, -1,
      644, 645, 45, -1,
      45, 645, 42, -1,
      646, 647, 648, -1,
      648, 647, 649, -1,
      646, 648, 650, -1,
      650, 648, 651, -1,
      650, 651, 652, -1,
      652, 651, 653, -1,
      652, 653, 654, -1,
      654, 653, 655, -1,
      654, 655, 656, -1,
      656, 655, 657, -1,
      656, 657, 658, -1,
      658, 657, 659, -1,
      658, 659, 660, -1,
      660, 659, 661, -1,
      662, 660, 663, -1,
      663, 660, 661, -1,
      662, 663, 664, -1,
      662, 664, 665, -1,
      665, 664, 666, -1,
      665, 666, 667, -1,
      667, 666, 668, -1,
      667, 668, 669, -1,
      669, 668, 670, -1,
      669, 670, 671, -1,
      671, 670, 672, -1,
      671, 672, 673, -1,
      673, 672, 645, -1,
      673, 645, 644, -1,
      674, 675, 17, -1,
      17, 675, 18, -1,
      675, 674, 676, -1,
      676, 674, 677, -1,
      676, 677, 678, -1,
      678, 677, 679, -1,
      678, 679, 680, -1,
      680, 679, 681, -1,
      680, 681, 682, -1,
      682, 681, 683, -1,
      682, 683, 684, -1,
      684, 683, 685, -1,
      684, 685, 686, -1,
      686, 685, 687, -1,
      688, 686, 689, -1,
      689, 686, 687, -1,
      688, 689, 690, -1,
      688, 690, 691, -1,
      691, 690, 692, -1,
      691, 692, 693, -1,
      693, 692, 694, -1,
      693, 694, 695, -1,
      695, 694, 696, -1,
      695, 696, 697, -1,
      697, 696, 698, -1,
      697, 698, 699, -1,
      699, 698, 700, -1,
      699, 700, 701, -1,
      702, 701, 703, -1,
      703, 701, 700, -1,
      647, 702, 649, -1,
      649, 702, 703, -1,
      18, 673, 19, -1,
      19, 673, 644, -1,
      19, 644, 45, -1,
      18, 675, 673, -1,
      673, 675, 676, -1,
      673, 676, 671, -1,
      671, 676, 678, -1,
      671, 678, 669, -1,
      669, 678, 680, -1,
      669, 680, 667, -1,
      667, 680, 682, -1,
      667, 682, 665, -1,
      665, 682, 684, -1,
      665, 684, 662, -1,
      662, 684, 686, -1,
      662, 686, 660, -1,
      660, 686, 688, -1,
      660, 688, 658, -1,
      658, 688, 691, -1,
      658, 691, 656, -1,
      656, 691, 693, -1,
      656, 693, 654, -1,
      654, 693, 695, -1,
      654, 695, 652, -1,
      652, 695, 697, -1,
      652, 697, 650, -1,
      650, 697, 699, -1,
      650, 699, 646, -1,
      646, 699, 701, -1,
      646, 701, 647, -1,
      647, 701, 702, -1,
      16, 42, 645, -1,
      645, 672, 16, -1,
      16, 672, 674, -1,
      16, 674, 17, -1,
      649, 703, 648, -1,
      648, 703, 700, -1,
      648, 700, 651, -1,
      651, 700, 698, -1,
      651, 698, 653, -1,
      653, 698, 696, -1,
      653, 696, 655, -1,
      655, 696, 694, -1,
      655, 694, 657, -1,
      657, 694, 692, -1,
      657, 692, 659, -1,
      659, 692, 690, -1,
      659, 690, 661, -1,
      661, 690, 689, -1,
      661, 689, 663, -1,
      663, 689, 687, -1,
      663, 687, 664, -1,
      664, 687, 685, -1,
      664, 685, 666, -1,
      666, 685, 683, -1,
      666, 683, 668, -1,
      668, 683, 681, -1,
      668, 681, 670, -1,
      670, 681, 679, -1,
      670, 679, 672, -1,
      672, 679, 677, -1,
      672, 677, 674, -1,
      704, 705, 43, -1,
      43, 705, 44, -1,
      706, 707, 708, -1,
      708, 707, 709, -1,
      706, 708, 710, -1,
      710, 708, 711, -1,
      710, 711, 712, -1,
      712, 711, 713, -1,
      712, 713, 714, -1,
      714, 713, 715, -1,
      714, 715, 716, -1,
      716, 715, 717, -1,
      716, 717, 718, -1,
      718, 717, 719, -1,
      718, 719, 720, -1,
      720, 719, 721, -1,
      722, 720, 723, -1,
      723, 720, 721, -1,
      722, 723, 724, -1,
      722, 724, 725, -1,
      725, 724, 726, -1,
      725, 726, 727, -1,
      727, 726, 728, -1,
      727, 728, 729, -1,
      729, 728, 730, -1,
      729, 730, 731, -1,
      731, 730, 732, -1,
      731, 732, 733, -1,
      733, 732, 705, -1,
      733, 705, 704, -1,
      734, 735, 13, -1,
      13, 735, 14, -1,
      735, 734, 736, -1,
      736, 734, 737, -1,
      736, 737, 738, -1,
      738, 737, 739, -1,
      738, 739, 740, -1,
      740, 739, 741, -1,
      740, 741, 742, -1,
      742, 741, 743, -1,
      742, 743, 744, -1,
      744, 743, 745, -1,
      744, 745, 746, -1,
      746, 745, 747, -1,
      748, 746, 749, -1,
      749, 746, 747, -1,
      748, 749, 750, -1,
      748, 750, 751, -1,
      751, 750, 752, -1,
      751, 752, 753, -1,
      753, 752, 754, -1,
      753, 754, 755, -1,
      755, 754, 756, -1,
      755, 756, 757, -1,
      757, 756, 758, -1,
      757, 758, 759, -1,
      759, 758, 760, -1,
      759, 760, 761, -1,
      762, 761, 763, -1,
      763, 761, 760, -1,
      707, 762, 709, -1,
      709, 762, 763, -1,
      14, 733, 15, -1,
      15, 733, 704, -1,
      15, 704, 43, -1,
      14, 735, 733, -1,
      733, 735, 736, -1,
      733, 736, 731, -1,
      731, 736, 738, -1,
      731, 738, 729, -1,
      729, 738, 740, -1,
      729, 740, 727, -1,
      727, 740, 742, -1,
      727, 742, 725, -1,
      725, 742, 744, -1,
      725, 744, 722, -1,
      722, 744, 746, -1,
      722, 746, 720, -1,
      720, 746, 748, -1,
      720, 748, 718, -1,
      718, 748, 751, -1,
      718, 751, 716, -1,
      716, 751, 753, -1,
      716, 753, 714, -1,
      714, 753, 755, -1,
      714, 755, 712, -1,
      712, 755, 757, -1,
      712, 757, 710, -1,
      710, 757, 759, -1,
      710, 759, 706, -1,
      706, 759, 761, -1,
      706, 761, 707, -1,
      707, 761, 762, -1,
      12, 44, 705, -1,
      705, 732, 12, -1,
      12, 732, 734, -1,
      12, 734, 13, -1,
      709, 763, 708, -1,
      708, 763, 760, -1,
      708, 760, 711, -1,
      711, 760, 758, -1,
      711, 758, 713, -1,
      713, 758, 756, -1,
      713, 756, 715, -1,
      715, 756, 754, -1,
      715, 754, 717, -1,
      717, 754, 752, -1,
      717, 752, 719, -1,
      719, 752, 750, -1,
      719, 750, 721, -1,
      721, 750, 749, -1,
      721, 749, 723, -1,
      723, 749, 747, -1,
      723, 747, 724, -1,
      724, 747, 745, -1,
      724, 745, 726, -1,
      726, 745, 743, -1,
      726, 743, 728, -1,
      728, 743, 741, -1,
      728, 741, 730, -1,
      730, 741, 739, -1,
      730, 739, 732, -1,
      732, 739, 737, -1,
      732, 737, 734, -1,
      764, 765, 47, -1,
      47, 765, 46, -1,
      766, 767, 768, -1,
      768, 767, 769, -1,
      766, 768, 770, -1,
      770, 768, 771, -1,
      770, 771, 772, -1,
      772, 771, 773, -1,
      772, 773, 774, -1,
      774, 773, 775, -1,
      774, 775, 776, -1,
      776, 775, 777, -1,
      776, 777, 778, -1,
      778, 777, 779, -1,
      778, 779, 780, -1,
      780, 779, 781, -1,
      782, 780, 783, -1,
      783, 780, 781, -1,
      782, 783, 784, -1,
      782, 784, 785, -1,
      785, 784, 786, -1,
      785, 786, 787, -1,
      787, 786, 788, -1,
      787, 788, 789, -1,
      789, 788, 790, -1,
      789, 790, 791, -1,
      791, 790, 792, -1,
      791, 792, 793, -1,
      793, 792, 765, -1,
      793, 765, 764, -1,
      794, 795, 9, -1,
      9, 795, 10, -1,
      795, 794, 796, -1,
      796, 794, 797, -1,
      796, 797, 798, -1,
      798, 797, 799, -1,
      798, 799, 800, -1,
      800, 799, 801, -1,
      800, 801, 802, -1,
      802, 801, 803, -1,
      802, 803, 804, -1,
      804, 803, 805, -1,
      804, 805, 806, -1,
      806, 805, 807, -1,
      808, 806, 809, -1,
      809, 806, 807, -1,
      808, 809, 810, -1,
      808, 810, 811, -1,
      811, 810, 812, -1,
      811, 812, 813, -1,
      813, 812, 814, -1,
      813, 814, 815, -1,
      815, 814, 816, -1,
      815, 816, 817, -1,
      817, 816, 818, -1,
      817, 818, 819, -1,
      819, 818, 820, -1,
      819, 820, 821, -1,
      822, 821, 823, -1,
      823, 821, 820, -1,
      767, 822, 769, -1,
      769, 822, 823, -1,
      10, 793, 11, -1,
      11, 793, 764, -1,
      11, 764, 47, -1,
      10, 795, 793, -1,
      793, 795, 796, -1,
      793, 796, 791, -1,
      791, 796, 798, -1,
      791, 798, 789, -1,
      789, 798, 800, -1,
      789, 800, 787, -1,
      787, 800, 802, -1,
      787, 802, 785, -1,
      785, 802, 804, -1,
      785, 804, 782, -1,
      782, 804, 806, -1,
      782, 806, 780, -1,
      780, 806, 808, -1,
      780, 808, 778, -1,
      778, 808, 811, -1,
      778, 811, 776, -1,
      776, 811, 813, -1,
      776, 813, 774, -1,
      774, 813, 815, -1,
      774, 815, 772, -1,
      772, 815, 817, -1,
      772, 817, 770, -1,
      770, 817, 819, -1,
      770, 819, 766, -1,
      766, 819, 821, -1,
      766, 821, 767, -1,
      767, 821, 822, -1,
      8, 46, 765, -1,
      765, 792, 8, -1,
      8, 792, 794, -1,
      8, 794, 9, -1,
      769, 823, 768, -1,
      768, 823, 820, -1,
      768, 820, 771, -1,
      771, 820, 818, -1,
      771, 818, 773, -1,
      773, 818, 816, -1,
      773, 816, 775, -1,
      775, 816, 814, -1,
      775, 814, 777, -1,
      777, 814, 812, -1,
      777, 812, 779, -1,
      779, 812, 810, -1,
      779, 810, 781, -1,
      781, 810, 809, -1,
      781, 809, 783, -1,
      783, 809, 807, -1,
      783, 807, 784, -1,
      784, 807, 805, -1,
      784, 805, 786, -1,
      786, 805, 803, -1,
      786, 803, 788, -1,
      788, 803, 801, -1,
      788, 801, 790, -1,
      790, 801, 799, -1,
      790, 799, 792, -1,
      792, 799, 797, -1,
      792, 797, 794, -1,
      32, 824, 33, -1,
      33, 824, 825, -1,
      33, 825, 103, -1,
      826, 827, 828, -1,
      828, 827, 829, -1,
      826, 828, 830, -1,
      830, 828, 831, -1,
      830, 831, 832, -1,
      832, 831, 833, -1,
      832, 833, 834, -1,
      834, 833, 835, -1,
      834, 835, 836, -1,
      836, 835, 837, -1,
      836, 837, 838, -1,
      838, 837, 839, -1,
      838, 839, 840, -1,
      840, 839, 841, -1,
      842, 840, 843, -1,
      843, 840, 841, -1,
      842, 843, 844, -1,
      842, 844, 845, -1,
      845, 844, 846, -1,
      845, 846, 847, -1,
      847, 846, 848, -1,
      847, 848, 849, -1,
      849, 848, 850, -1,
      849, 850, 851, -1,
      851, 850, 852, -1,
      851, 852, 853, -1,
      853, 852, 825, -1,
      853, 825, 824, -1,
      854, 6, 855, -1,
      855, 6, 5, -1,
      855, 5, 48, -1,
      854, 855, 856, -1,
      856, 855, 857, -1,
      856, 857, 858, -1,
      858, 857, 859, -1,
      858, 859, 860, -1,
      860, 859, 861, -1,
      860, 861, 862, -1,
      862, 861, 863, -1,
      862, 863, 864, -1,
      864, 863, 865, -1,
      864, 865, 866, -1,
      866, 865, 867, -1,
      868, 866, 869, -1,
      869, 866, 867, -1,
      868, 869, 870, -1,
      868, 870, 871, -1,
      871, 870, 872, -1,
      871, 872, 873, -1,
      873, 872, 874, -1,
      873, 874, 875, -1,
      875, 874, 876, -1,
      875, 876, 877, -1,
      877, 876, 878, -1,
      877, 878, 879, -1,
      879, 878, 880, -1,
      879, 880, 881, -1,
      882, 881, 883, -1,
      883, 881, 880, -1,
      827, 882, 829, -1,
      829, 882, 883, -1,
      6, 853, 7, -1,
      7, 853, 824, -1,
      7, 824, 32, -1,
      6, 854, 853, -1,
      853, 854, 856, -1,
      853, 856, 851, -1,
      851, 856, 858, -1,
      851, 858, 849, -1,
      849, 858, 860, -1,
      849, 860, 847, -1,
      847, 860, 862, -1,
      847, 862, 845, -1,
      845, 862, 864, -1,
      845, 864, 842, -1,
      842, 864, 866, -1,
      842, 866, 840, -1,
      840, 866, 868, -1,
      840, 868, 838, -1,
      838, 868, 871, -1,
      838, 871, 836, -1,
      836, 871, 873, -1,
      836, 873, 834, -1,
      834, 873, 875, -1,
      834, 875, 832, -1,
      832, 875, 877, -1,
      832, 877, 830, -1,
      830, 877, 879, -1,
      830, 879, 826, -1,
      826, 879, 881, -1,
      826, 881, 827, -1,
      827, 881, 882, -1,
      49, 103, 825, -1,
      825, 852, 49, -1,
      49, 852, 855, -1,
      49, 855, 48, -1,
      829, 883, 828, -1,
      828, 883, 880, -1,
      828, 880, 831, -1,
      831, 880, 878, -1,
      831, 878, 833, -1,
      833, 878, 876, -1,
      833, 876, 835, -1,
      835, 876, 874, -1,
      835, 874, 837, -1,
      837, 874, 872, -1,
      837, 872, 839, -1,
      839, 872, 870, -1,
      839, 870, 841, -1,
      841, 870, 869, -1,
      841, 869, 843, -1,
      843, 869, 867, -1,
      843, 867, 844, -1,
      844, 867, 865, -1,
      844, 865, 846, -1,
      846, 865, 863, -1,
      846, 863, 848, -1,
      848, 863, 861, -1,
      848, 861, 850, -1,
      850, 861, 859, -1,
      850, 859, 852, -1,
      852, 859, 857, -1,
      852, 857, 855, -1,
      884, 885, 41, -1,
      41, 885, 38, -1,
      886, 887, 888, -1,
      888, 887, 889, -1,
      886, 888, 890, -1,
      890, 888, 891, -1,
      890, 891, 892, -1,
      892, 891, 893, -1,
      892, 893, 894, -1,
      894, 893, 895, -1,
      894, 895, 896, -1,
      896, 895, 897, -1,
      896, 897, 898, -1,
      898, 897, 899, -1,
      898, 899, 900, -1,
      900, 899, 901, -1,
      902, 900, 903, -1,
      903, 900, 901, -1,
      902, 903, 904, -1,
      902, 904, 905, -1,
      905, 904, 906, -1,
      905, 906, 907, -1,
      907, 906, 908, -1,
      907, 908, 909, -1,
      909, 908, 910, -1,
      909, 910, 911, -1,
      911, 910, 912, -1,
      911, 912, 913, -1,
      913, 912, 885, -1,
      913, 885, 884, -1,
      914, 915, 25, -1,
      25, 915, 26, -1,
      915, 914, 916, -1,
      916, 914, 917, -1,
      916, 917, 918, -1,
      918, 917, 919, -1,
      918, 919, 920, -1,
      920, 919, 921, -1,
      920, 921, 922, -1,
      922, 921, 923, -1,
      922, 923, 924, -1,
      924, 923, 925, -1,
      924, 925, 926, -1,
      926, 925, 927, -1,
      928, 926, 929, -1,
      929, 926, 927, -1,
      928, 929, 930, -1,
      928, 930, 931, -1,
      931, 930, 932, -1,
      931, 932, 933, -1,
      933, 932, 934, -1,
      933, 934, 935, -1,
      935, 934, 936, -1,
      935, 936, 937, -1,
      937, 936, 938, -1,
      937, 938, 939, -1,
      939, 938, 940, -1,
      939, 940, 941, -1,
      942, 941, 943, -1,
      943, 941, 940, -1,
      887, 942, 889, -1,
      889, 942, 943, -1,
      26, 913, 27, -1,
      27, 913, 884, -1,
      27, 884, 41, -1,
      26, 915, 913, -1,
      913, 915, 916, -1,
      913, 916, 911, -1,
      911, 916, 918, -1,
      911, 918, 909, -1,
      909, 918, 920, -1,
      909, 920, 907, -1,
      907, 920, 922, -1,
      907, 922, 905, -1,
      905, 922, 924, -1,
      905, 924, 902, -1,
      902, 924, 926, -1,
      902, 926, 900, -1,
      900, 926, 928, -1,
      900, 928, 898, -1,
      898, 928, 931, -1,
      898, 931, 896, -1,
      896, 931, 933, -1,
      896, 933, 894, -1,
      894, 933, 935, -1,
      894, 935, 892, -1,
      892, 935, 937, -1,
      892, 937, 890, -1,
      890, 937, 939, -1,
      890, 939, 886, -1,
      886, 939, 941, -1,
      886, 941, 887, -1,
      887, 941, 942, -1,
      24, 38, 885, -1,
      885, 912, 24, -1,
      24, 912, 914, -1,
      24, 914, 25, -1,
      889, 943, 888, -1,
      888, 943, 940, -1,
      888, 940, 891, -1,
      891, 940, 938, -1,
      891, 938, 893, -1,
      893, 938, 936, -1,
      893, 936, 895, -1,
      895, 936, 934, -1,
      895, 934, 897, -1,
      897, 934, 932, -1,
      897, 932, 899, -1,
      899, 932, 930, -1,
      899, 930, 901, -1,
      901, 930, 929, -1,
      901, 929, 903, -1,
      903, 929, 927, -1,
      903, 927, 904, -1,
      904, 927, 925, -1,
      904, 925, 906, -1,
      906, 925, 923, -1,
      906, 923, 908, -1,
      908, 923, 921, -1,
      908, 921, 910, -1,
      910, 921, 919, -1,
      910, 919, 912, -1,
      912, 919, 917, -1,
      912, 917, 914, -1,
      944, 945, 37, -1,
      37, 945, 36, -1,
      946, 947, 948, -1,
      948, 947, 949, -1,
      946, 948, 950, -1,
      950, 948, 951, -1,
      950, 951, 952, -1,
      952, 951, 953, -1,
      952, 953, 954, -1,
      954, 953, 955, -1,
      954, 955, 956, -1,
      956, 955, 957, -1,
      956, 957, 958, -1,
      958, 957, 959, -1,
      958, 959, 960, -1,
      960, 959, 961, -1,
      962, 960, 963, -1,
      963, 960, 961, -1,
      962, 963, 964, -1,
      962, 964, 965, -1,
      965, 964, 966, -1,
      965, 966, 967, -1,
      967, 966, 968, -1,
      967, 968, 969, -1,
      969, 968, 970, -1,
      969, 970, 971, -1,
      971, 970, 972, -1,
      971, 972, 973, -1,
      973, 972, 945, -1,
      973, 945, 944, -1,
      974, 975, 29, -1,
      29, 975, 2, -1,
      975, 974, 976, -1,
      976, 974, 977, -1,
      976, 977, 978, -1,
      978, 977, 979, -1,
      978, 979, 980, -1,
      980, 979, 981, -1,
      980, 981, 982, -1,
      982, 981, 983, -1,
      982, 983, 984, -1,
      984, 983, 985, -1,
      984, 985, 986, -1,
      986, 985, 987, -1,
      988, 986, 989, -1,
      989, 986, 987, -1,
      988, 989, 990, -1,
      988, 990, 991, -1,
      991, 990, 992, -1,
      991, 992, 993, -1,
      993, 992, 994, -1,
      993, 994, 995, -1,
      995, 994, 996, -1,
      995, 996, 997, -1,
      997, 996, 998, -1,
      997, 998, 999, -1,
      999, 998, 1000, -1,
      999, 1000, 1001, -1,
      1002, 1001, 1003, -1,
      1003, 1001, 1000, -1,
      947, 1002, 949, -1,
      949, 1002, 1003, -1,
      2, 973, 3, -1,
      3, 973, 944, -1,
      3, 944, 37, -1,
      2, 975, 973, -1,
      973, 975, 976, -1,
      973, 976, 971, -1,
      971, 976, 978, -1,
      971, 978, 969, -1,
      969, 978, 980, -1,
      969, 980, 967, -1,
      967, 980, 982, -1,
      967, 982, 965, -1,
      965, 982, 984, -1,
      965, 984, 962, -1,
      962, 984, 986, -1,
      962, 986, 960, -1,
      960, 986, 988, -1,
      960, 988, 958, -1,
      958, 988, 991, -1,
      958, 991, 956, -1,
      956, 991, 993, -1,
      956, 993, 954, -1,
      954, 993, 995, -1,
      954, 995, 952, -1,
      952, 995, 997, -1,
      952, 997, 950, -1,
      950, 997, 999, -1,
      950, 999, 946, -1,
      946, 999, 1001, -1,
      946, 1001, 947, -1,
      947, 1001, 1002, -1,
      28, 36, 945, -1,
      945, 972, 28, -1,
      28, 972, 974, -1,
      28, 974, 29, -1,
      949, 1003, 948, -1,
      948, 1003, 1000, -1,
      948, 1000, 951, -1,
      951, 1000, 998, -1,
      951, 998, 953, -1,
      953, 998, 996, -1,
      953, 996, 955, -1,
      955, 996, 994, -1,
      955, 994, 957, -1,
      957, 994, 992, -1,
      957, 992, 959, -1,
      959, 992, 990, -1,
      959, 990, 961, -1,
      961, 990, 989, -1,
      961, 989, 963, -1,
      963, 989, 987, -1,
      963, 987, 964, -1,
      964, 987, 985, -1,
      964, 985, 966, -1,
      966, 985, 983, -1,
      966, 983, 968, -1,
      968, 983, 981, -1,
      968, 981, 970, -1,
      970, 981, 979, -1,
      970, 979, 972, -1,
      972, 979, 977, -1,
      972, 977, 974, -1,
      1004, 34, 1005, -1,
      1005, 34, 35, -1,
      1005, 35, 102, -1,
      1006, 1007, 1008, -1,
      1008, 1007, 1009, -1,
      1006, 1008, 1010, -1,
      1010, 1008, 1011, -1,
      1010, 1011, 1012, -1,
      1012, 1011, 1013, -1,
      1012, 1013, 1014, -1,
      1014, 1013, 1015, -1,
      1014, 1015, 1016, -1,
      1016, 1015, 1017, -1,
      1016, 1017, 1018, -1,
      1018, 1017, 1019, -1,
      1018, 1019, 1020, -1,
      1020, 1019, 1021, -1,
      1022, 1020, 1023, -1,
      1023, 1020, 1021, -1,
      1022, 1023, 1024, -1,
      1022, 1024, 1025, -1,
      1025, 1024, 1026, -1,
      1025, 1026, 1027, -1,
      1027, 1026, 1028, -1,
      1027, 1028, 1029, -1,
      1029, 1028, 1030, -1,
      1029, 1030, 1031, -1,
      1031, 1030, 1032, -1,
      1031, 1032, 1033, -1,
      1033, 1032, 1004, -1,
      1033, 1004, 1005, -1,
      1, 1034, 0, -1,
      0, 1034, 1035, -1,
      0, 1035, 30, -1,
      1035, 1034, 1036, -1,
      1036, 1034, 1037, -1,
      1036, 1037, 1038, -1,
      1038, 1037, 1039, -1,
      1038, 1039, 1040, -1,
      1040, 1039, 1041, -1,
      1040, 1041, 1042, -1,
      1042, 1041, 1043, -1,
      1042, 1043, 1044, -1,
      1044, 1043, 1045, -1,
      1044, 1045, 1046, -1,
      1046, 1045, 1047, -1,
      1048, 1046, 1049, -1,
      1049, 1046, 1047, -1,
      1048, 1049, 1050, -1,
      1048, 1050, 1051, -1,
      1051, 1050, 1052, -1,
      1051, 1052, 1053, -1,
      1053, 1052, 1054, -1,
      1053, 1054, 1055, -1,
      1055, 1054, 1056, -1,
      1055, 1056, 1057, -1,
      1057, 1056, 1058, -1,
      1057, 1058, 1059, -1,
      1059, 1058, 1060, -1,
      1059, 1060, 1061, -1,
      1062, 1061, 1063, -1,
      1063, 1061, 1060, -1,
      1007, 1062, 1009, -1,
      1009, 1062, 1063, -1,
      30, 1033, 31, -1,
      31, 1033, 1005, -1,
      31, 1005, 102, -1,
      30, 1035, 1033, -1,
      1033, 1035, 1036, -1,
      1033, 1036, 1031, -1,
      1031, 1036, 1038, -1,
      1031, 1038, 1029, -1,
      1029, 1038, 1040, -1,
      1029, 1040, 1027, -1,
      1027, 1040, 1042, -1,
      1027, 1042, 1025, -1,
      1025, 1042, 1044, -1,
      1025, 1044, 1022, -1,
      1022, 1044, 1046, -1,
      1022, 1046, 1020, -1,
      1020, 1046, 1048, -1,
      1020, 1048, 1018, -1,
      1018, 1048, 1051, -1,
      1018, 1051, 1016, -1,
      1016, 1051, 1053, -1,
      1016, 1053, 1014, -1,
      1014, 1053, 1055, -1,
      1014, 1055, 1012, -1,
      1012, 1055, 1057, -1,
      1012, 1057, 1010, -1,
      1010, 1057, 1059, -1,
      1010, 1059, 1006, -1,
      1006, 1059, 1061, -1,
      1006, 1061, 1007, -1,
      1007, 1061, 1062, -1,
      4, 34, 1004, -1,
      1004, 1032, 4, -1,
      4, 1032, 1034, -1,
      4, 1034, 1, -1,
      1009, 1063, 1008, -1,
      1008, 1063, 1060, -1,
      1008, 1060, 1011, -1,
      1011, 1060, 1058, -1,
      1011, 1058, 1013, -1,
      1013, 1058, 1056, -1,
      1013, 1056, 1015, -1,
      1015, 1056, 1054, -1,
      1015, 1054, 1017, -1,
      1017, 1054, 1052, -1,
      1017, 1052, 1019, -1,
      1019, 1052, 1050, -1,
      1019, 1050, 1021, -1,
      1021, 1050, 1049, -1,
      1021, 1049, 1023, -1,
      1023, 1049, 1047, -1,
      1023, 1047, 1024, -1,
      1024, 1047, 1045, -1,
      1024, 1045, 1026, -1,
      1026, 1045, 1043, -1,
      1026, 1043, 1028, -1,
      1028, 1043, 1041, -1,
      1028, 1041, 1030, -1,
      1030, 1041, 1039, -1,
      1030, 1039, 1032, -1,
      1032, 1039, 1037, -1,
      1032, 1037, 1034, -1,
    ]
  }
}

Shape {
  appearance Appearance {
    material Material {
      diffuseColor 0.0000 0.0000 0.0000
      specularColor 0.0000 0.0000 0.0000
      ambientIntensity 0.2
      transparency 0.0000
      shininess 0.5
    }
  }
  geometry IndexedFaceSet {
    ccw TRUE
    solid FALSE
    coord DEF co Coordinate {
      point [
        0.687740 -0.633930 -0.196850,
        0.687740 -0.642572 -0.196850,
        0.696133 -0.646019 -0.196850,
        0.699312 -0.567433 -0.196850,
        0.696844 -0.567604 -0.196850,
        0.687740 -0.570074 -0.196850,
        0.687740 -0.580637 -0.196850,
        0.696609 -0.576839 -0.196850,
        0.689151 -0.634712 -0.196850,
        0.706180 -0.575595 -0.196850,
        0.713933 -0.576466 -0.196850,
        0.719827 -0.578593 -0.196850,
        0.725277 -0.582239 -0.196850,
        0.730031 -0.587488 -0.196850,
        0.735752 -0.608124 -0.196850,
        0.734955 -0.616648 -0.196850,
        0.732816 -0.623420 -0.196850,
        0.715294 -0.638148 -0.196850,
        0.707950 -0.638971 -0.196850,
        0.721032 -0.636035 -0.196850,
        0.725864 -0.632778 -0.196850,
        0.729559 -0.628880 -0.196850,
        0.697498 -0.637811 -0.196850,
        0.733278 -0.593568 -0.196850,
        0.735377 -0.601997 -0.196850,
        0.742159 -0.588652 -0.196850,
        0.737544 -0.581291 -0.196850,
        0.726741 -0.643981 -0.196850,
        0.733075 -0.639936 -0.196850,
        0.738989 -0.633709 -0.196850,
        0.743184 -0.626222 -0.196850,
        0.730435 -0.574454 -0.196850,
        0.722956 -0.570149 -0.196850,
        0.714178 -0.567598 -0.196850,
        0.745554 -0.617888 -0.196850,
        0.746315 -0.608769 -0.196850,
        0.745182 -0.597574 -0.196850,
        0.704090 -0.647133 -0.196850,
        0.707252 -0.647577 -0.196850,
        0.709406 -0.647614 -0.196850,
        0.714036 -0.647133 -0.196850,
        0.719109 -0.646607 -0.196850,
        0.753037 -0.638011 -0.196850,
        0.753037 -0.646654 -0.196850,
        0.793367 -0.646654 -0.196850,
        0.782804 -0.638011 -0.196850,
        0.782804 -0.567913 -0.196850,
        0.793367 -0.567913 -0.196850,
        0.632046 -0.567913 -0.196850,
        0.632046 -0.576556 -0.196850,
        0.630125 -0.638011 -0.196850,
        0.630125 -0.646654 -0.196850,
        0.672376 -0.646654 -0.196850,
        0.672376 -0.567913 -0.196850,
        0.661813 -0.611124 -0.196850,
        0.661813 -0.638011 -0.196850,
        0.633966 -0.611124 -0.196850,
        0.633966 -0.602482 -0.196850,
        0.661813 -0.602482 -0.196850,
        0.661813 -0.576556 -0.196850,
        0.555317 -0.625072 -0.196850,
        0.559832 -0.632115 -0.196850,
        0.566313 -0.638321 -0.196850,
        0.574535 -0.643098 -0.196850,
        0.592541 -0.567913 -0.196850,
        0.581165 -0.569129 -0.196850,
        0.571952 -0.572364 -0.196850,
        0.563382 -0.578107 -0.196850,
        0.563300 -0.578180 -0.196850,
        0.557731 -0.584354 -0.196850,
        0.554072 -0.591126 -0.196850,
        0.583608 -0.645803 -0.196850,
        0.593351 -0.646654 -0.196850,
        0.614761 -0.646654 -0.196850,
        0.614761 -0.567913 -0.196850,
        0.551957 -0.598884 -0.196850,
        0.551385 -0.606293 -0.196850,
        0.552490 -0.616831 -0.196850,
        0.494056 -0.624568 -0.196850,
        0.526584 -0.624568 -0.196850,
        0.486088 -0.646654 -0.196850,
        0.534101 -0.646654 -0.196850,
        0.474565 -0.646654 -0.196850,
        0.545624 -0.646654 -0.196850,
        0.515856 -0.567913 -0.196850,
        0.505293 -0.567913 -0.196850,
        0.712151 -0.567433 -0.196850,
        0.706270 -0.566953 -0.196850,
        0.505293 -0.567913 -0.196457,
        0.474565 -0.646654 -0.196457,
        0.486088 -0.646654 -0.196457,
        0.494056 -0.624568 -0.196457,
        0.526584 -0.624568 -0.196457,
        0.534101 -0.646654 -0.196457,
        0.545624 -0.646654 -0.196457,
        0.515856 -0.567913 -0.196457,
        0.523928 -0.615926 -0.196457,
        0.497596 -0.615926 -0.196457,
        0.512180 -0.583037 -0.196457,
        0.511422 -0.580306 -0.196457,
        0.510920 -0.577516 -0.196457,
        0.510665 -0.577516 -0.196457,
        0.510151 -0.580298 -0.196457,
        0.509449 -0.583037 -0.196457,
        0.523928 -0.615926 -0.196850,
        0.497596 -0.615926 -0.196850,
        0.512180 -0.583037 -0.196850,
        0.511422 -0.580306 -0.196850,
        0.510920 -0.577516 -0.196850,
        0.510665 -0.577516 -0.196850,
        0.510151 -0.580298 -0.196850,
        0.509449 -0.583037 -0.196850,
        0.593351 -0.646654 -0.196457,
        0.614761 -0.646654 -0.196457,
        0.614761 -0.567913 -0.196457,
        0.592541 -0.567913 -0.196457,
        0.551385 -0.606293 -0.196457,
        0.551957 -0.598884 -0.196457,
        0.554072 -0.591126 -0.196457,
        0.557731 -0.584354 -0.196457,
        0.563300 -0.578180 -0.196457,
        0.563382 -0.578107 -0.196457,
        0.571952 -0.572364 -0.196457,
        0.581165 -0.569129 -0.196457,
        0.583608 -0.645803 -0.196457,
        0.574535 -0.643098 -0.196457,
        0.566313 -0.638321 -0.196457,
        0.559832 -0.632115 -0.196457,
        0.555317 -0.625072 -0.196457,
        0.552490 -0.616831 -0.196457,
        0.567190 -0.587597 -0.196457,
        0.571015 -0.583536 -0.196457,
        0.576767 -0.579820 -0.196457,
        0.583266 -0.577546 -0.196457,
        0.592585 -0.576556 -0.196457,
        0.604198 -0.576556 -0.196457,
        0.604198 -0.638011 -0.196457,
        0.593021 -0.638011 -0.196457,
        0.584713 -0.637238 -0.196457,
        0.578087 -0.635170 -0.196457,
        0.572717 -0.631981 -0.196457,
        0.568301 -0.627619 -0.196457,
        0.564980 -0.622190 -0.196457,
        0.562670 -0.614789 -0.196457,
        0.561948 -0.606518 -0.196457,
        0.562617 -0.598681 -0.196457,
        0.564455 -0.592454 -0.196457,
        0.592585 -0.576556 -0.196850,
        0.604198 -0.576556 -0.196850,
        0.583266 -0.577546 -0.196850,
        0.576767 -0.579820 -0.196850,
        0.571015 -0.583536 -0.196850,
        0.567190 -0.587597 -0.196850,
        0.564455 -0.592454 -0.196850,
        0.562617 -0.598681 -0.196850,
        0.561948 -0.606518 -0.196850,
        0.562670 -0.614789 -0.196850,
        0.564980 -0.622190 -0.196850,
        0.568301 -0.627619 -0.196850,
        0.572717 -0.631981 -0.196850,
        0.578087 -0.635170 -0.196850,
        0.584713 -0.637238 -0.196850,
        0.593021 -0.638011 -0.196850,
        0.604198 -0.638011 -0.196850,
        0.630125 -0.638011 -0.196457,
        0.630125 -0.646654 -0.196457,
        0.672376 -0.646654 -0.196457,
        0.672376 -0.567913 -0.196457,
        0.632046 -0.567913 -0.196457,
        0.632046 -0.576556 -0.196457,
        0.661813 -0.576556 -0.196457,
        0.661813 -0.602482 -0.196457,
        0.633966 -0.602482 -0.196457,
        0.633966 -0.611124 -0.196457,
        0.661813 -0.611124 -0.196457,
        0.661813 -0.638011 -0.196457,
        0.687740 -0.633930 -0.196457,
        0.687740 -0.642572 -0.196457,
        0.696133 -0.646019 -0.196457,
        0.709406 -0.647614 -0.196457,
        0.707252 -0.647577 -0.196457,
        0.719109 -0.646607 -0.196457,
        0.726741 -0.643981 -0.196457,
        0.733075 -0.639936 -0.196457,
        0.738989 -0.633709 -0.196457,
        0.743184 -0.626222 -0.196457,
        0.745554 -0.617888 -0.196457,
        0.746315 -0.608769 -0.196457,
        0.714178 -0.567598 -0.196457,
        0.706270 -0.566953 -0.196457,
        0.722956 -0.570149 -0.196457,
        0.730435 -0.574454 -0.196457,
        0.737544 -0.581291 -0.196457,
        0.742159 -0.588652 -0.196457,
        0.745182 -0.597574 -0.196457,
        0.696844 -0.567604 -0.196457,
        0.687740 -0.570074 -0.196457,
        0.687740 -0.580637 -0.196457,
        0.706180 -0.575595 -0.196457,
        0.696609 -0.576839 -0.196457,
        0.735752 -0.608124 -0.196457,
        0.735377 -0.601997 -0.196457,
        0.733278 -0.593568 -0.196457,
        0.730031 -0.587488 -0.196457,
        0.725277 -0.582239 -0.196457,
        0.719827 -0.578593 -0.196457,
        0.713933 -0.576466 -0.196457,
        0.707950 -0.638971 -0.196457,
        0.715294 -0.638148 -0.196457,
        0.721032 -0.636035 -0.196457,
        0.725864 -0.632778 -0.196457,
        0.729559 -0.628880 -0.196457,
        0.732816 -0.623420 -0.196457,
        0.734955 -0.616648 -0.196457,
        0.689151 -0.634712 -0.196457,
        0.697498 -0.637811 -0.196457,
        0.753037 -0.638011 -0.196457,
        0.753037 -0.646654 -0.196457,
        0.793367 -0.646654 -0.196457,
        0.793367 -0.567913 -0.196457,
        0.782804 -0.567913 -0.196457,
        0.782804 -0.638011 -0.196457,
      ]
    }
    coordIndex [
      88, 89, 85, -1,
      85, 89, 82, -1,
      89, 90, 82, -1,
      82, 90, 80, -1,
      90, 91, 80, -1,
      80, 91, 78, -1,
      91, 92, 78, -1,
      78, 92, 79, -1,
      92, 93, 79, -1,
      79, 93, 81, -1,
      93, 94, 81, -1,
      81, 94, 83, -1,
      94, 95, 83, -1,
      83, 95, 84, -1,
      95, 88, 84, -1,
      84, 88, 85, -1,
      96, 92, 97, -1,
      97, 92, 91, -1,
      98, 95, 96, -1,
      96, 95, 94, -1,
      96, 94, 92, -1,
      92, 94, 93, -1,
      98, 99, 95, -1,
      95, 99, 100, -1,
      95, 100, 88, -1,
      88, 100, 101, -1,
      88, 101, 102, -1,
      102, 103, 88, -1,
      88, 103, 97, -1,
      88, 97, 89, -1,
      89, 97, 91, -1,
      89, 91, 90, -1,
      96, 97, 104, -1,
      104, 97, 105, -1,
      98, 96, 106, -1,
      106, 96, 104, -1,
      98, 106, 107, -1,
      98, 107, 99, -1,
      99, 107, 108, -1,
      99, 108, 100, -1,
      101, 100, 109, -1,
      109, 100, 108, -1,
      101, 109, 110, -1,
      101, 110, 102, -1,
      102, 110, 111, -1,
      102, 111, 103, -1,
      97, 103, 105, -1,
      105, 103, 111, -1,
      112, 113, 72, -1,
      72, 113, 73, -1,
      113, 114, 73, -1,
      73, 114, 74, -1,
      114, 115, 74, -1,
      74, 115, 64, -1,
      116, 76, 75, -1,
      116, 75, 117, -1,
      117, 75, 70, -1,
      117, 70, 118, -1,
      118, 70, 69, -1,
      118, 69, 119, -1,
      119, 69, 68, -1,
      119, 68, 120, -1,
      120, 68, 67, -1,
      120, 67, 121, -1,
      121, 67, 66, -1,
      121, 66, 122, -1,
      122, 66, 65, -1,
      122, 65, 123, -1,
      123, 65, 64, -1,
      123, 64, 115, -1,
      112, 72, 71, -1,
      112, 71, 124, -1,
      124, 71, 63, -1,
      124, 63, 125, -1,
      125, 63, 62, -1,
      125, 62, 126, -1,
      126, 62, 61, -1,
      126, 61, 127, -1,
      127, 61, 60, -1,
      127, 60, 128, -1,
      128, 60, 77, -1,
      128, 77, 129, -1,
      129, 77, 76, -1,
      129, 76, 116, -1,
      118, 119, 130, -1,
      130, 119, 120, -1,
      130, 120, 131, -1,
      131, 120, 121, -1,
      131, 121, 132, -1,
      132, 121, 122, -1,
      132, 122, 133, -1,
      133, 122, 123, -1,
      133, 123, 134, -1,
      134, 123, 115, -1,
      134, 115, 135, -1,
      135, 115, 114, -1,
      135, 114, 136, -1,
      136, 114, 113, -1,
      136, 113, 137, -1,
      137, 113, 112, -1,
      137, 112, 138, -1,
      138, 112, 124, -1,
      138, 124, 139, -1,
      139, 124, 125, -1,
      139, 125, 140, -1,
      140, 125, 126, -1,
      140, 126, 141, -1,
      141, 126, 127, -1,
      141, 127, 142, -1,
      142, 127, 128, -1,
      142, 128, 143, -1,
      143, 128, 129, -1,
      143, 129, 144, -1,
      144, 129, 116, -1,
      144, 116, 145, -1,
      145, 116, 117, -1,
      145, 117, 146, -1,
      146, 117, 118, -1,
      146, 118, 130, -1,
      134, 135, 147, -1,
      147, 135, 148, -1,
      134, 147, 149, -1,
      134, 149, 133, -1,
      133, 149, 150, -1,
      133, 150, 132, -1,
      132, 150, 151, -1,
      132, 151, 131, -1,
      131, 151, 152, -1,
      131, 152, 130, -1,
      130, 152, 153, -1,
      130, 153, 146, -1,
      146, 153, 154, -1,
      146, 154, 145, -1,
      145, 154, 155, -1,
      145, 155, 144, -1,
      144, 155, 156, -1,
      144, 156, 143, -1,
      143, 156, 157, -1,
      143, 157, 142, -1,
      142, 157, 158, -1,
      142, 158, 141, -1,
      141, 158, 159, -1,
      141, 159, 140, -1,
      140, 159, 160, -1,
      140, 160, 139, -1,
      139, 160, 161, -1,
      139, 161, 138, -1,
      138, 161, 162, -1,
      138, 162, 137, -1,
      136, 137, 163, -1,
      163, 137, 162, -1,
      135, 136, 148, -1,
      148, 136, 163, -1,
      164, 165, 50, -1,
      50, 165, 51, -1,
      165, 166, 51, -1,
      51, 166, 52, -1,
      166, 167, 52, -1,
      52, 167, 53, -1,
      167, 168, 53, -1,
      53, 168, 48, -1,
      168, 169, 48, -1,
      48, 169, 49, -1,
      169, 170, 49, -1,
      49, 170, 59, -1,
      170, 171, 59, -1,
      59, 171, 58, -1,
      171, 172, 58, -1,
      58, 172, 57, -1,
      172, 173, 57, -1,
      57, 173, 56, -1,
      173, 174, 56, -1,
      56, 174, 54, -1,
      174, 175, 54, -1,
      54, 175, 55, -1,
      175, 164, 55, -1,
      55, 164, 50, -1,
      166, 165, 164, -1,
      164, 175, 166, -1,
      166, 175, 174, -1,
      166, 174, 167, -1,
      169, 168, 170, -1,
      170, 168, 167, -1,
      170, 167, 171, -1,
      171, 167, 174, -1,
      171, 174, 172, -1,
      172, 174, 173, -1,
      176, 177, 0, -1,
      0, 177, 1, -1,
      1, 177, 178, -1,
      179, 39, 38, -1,
      179, 38, 180, -1,
      180, 38, 37, -1,
      180, 37, 178, -1,
      178, 37, 2, -1,
      178, 2, 1, -1,
      39, 179, 40, -1,
      40, 179, 181, -1,
      40, 181, 41, -1,
      41, 181, 182, -1,
      41, 182, 27, -1,
      27, 182, 183, -1,
      27, 183, 28, -1,
      28, 183, 184, -1,
      28, 184, 29, -1,
      29, 184, 185, -1,
      29, 185, 30, -1,
      30, 185, 186, -1,
      30, 186, 34, -1,
      34, 186, 187, -1,
      34, 187, 35, -1,
      188, 189, 86, -1,
      86, 189, 87, -1,
      86, 33, 188, -1,
      188, 33, 32, -1,
      188, 32, 190, -1,
      190, 32, 31, -1,
      190, 31, 191, -1,
      191, 31, 26, -1,
      191, 26, 192, -1,
      192, 26, 25, -1,
      192, 25, 193, -1,
      193, 25, 36, -1,
      193, 36, 194, -1,
      194, 36, 35, -1,
      194, 35, 187, -1,
      87, 189, 3, -1,
      3, 189, 195, -1,
      3, 195, 4, -1,
      4, 195, 196, -1,
      4, 196, 5, -1,
      196, 197, 5, -1,
      5, 197, 6, -1,
      198, 9, 7, -1,
      198, 7, 199, -1,
      199, 7, 6, -1,
      199, 6, 197, -1,
      200, 14, 24, -1,
      200, 24, 201, -1,
      201, 24, 23, -1,
      201, 23, 202, -1,
      202, 23, 13, -1,
      202, 13, 203, -1,
      203, 13, 12, -1,
      203, 12, 204, -1,
      204, 12, 11, -1,
      204, 11, 205, -1,
      205, 11, 10, -1,
      205, 10, 206, -1,
      206, 10, 9, -1,
      206, 9, 198, -1,
      207, 18, 17, -1,
      207, 17, 208, -1,
      208, 17, 19, -1,
      208, 19, 209, -1,
      209, 19, 20, -1,
      209, 20, 210, -1,
      210, 20, 21, -1,
      210, 21, 211, -1,
      211, 21, 16, -1,
      211, 16, 212, -1,
      212, 16, 15, -1,
      212, 15, 213, -1,
      213, 15, 14, -1,
      213, 14, 200, -1,
      176, 0, 8, -1,
      176, 8, 214, -1,
      214, 8, 22, -1,
      214, 22, 215, -1,
      215, 22, 18, -1,
      215, 18, 207, -1,
      208, 179, 207, -1,
      207, 179, 180, -1,
      207, 180, 215, -1,
      215, 180, 178, -1,
      215, 178, 214, -1,
      214, 178, 177, -1,
      214, 177, 176, -1,
      197, 196, 199, -1,
      199, 196, 195, -1,
      199, 195, 198, -1,
      198, 195, 189, -1,
      198, 189, 206, -1,
      206, 189, 188, -1,
      206, 188, 205, -1,
      205, 188, 190, -1,
      205, 190, 204, -1,
      204, 190, 191, -1,
      204, 191, 203, -1,
      203, 191, 192, -1,
      203, 192, 202, -1,
      202, 192, 193, -1,
      202, 193, 201, -1,
      201, 193, 194, -1,
      201, 194, 200, -1,
      200, 194, 187, -1,
      200, 187, 213, -1,
      213, 187, 186, -1,
      213, 186, 212, -1,
      212, 186, 185, -1,
      212, 185, 211, -1,
      211, 185, 184, -1,
      211, 184, 210, -1,
      210, 184, 183, -1,
      210, 183, 209, -1,
      209, 183, 182, -1,
      209, 182, 208, -1,
      208, 182, 181, -1,
      208, 181, 179, -1,
      216, 217, 42, -1,
      42, 217, 43, -1,
      217, 218, 43, -1,
      43, 218, 44, -1,
      218, 219, 44, -1,
      44, 219, 47, -1,
      219, 220, 47, -1,
      47, 220, 46, -1,
      220, 221, 46, -1,
      46, 221, 45, -1,
      221, 216, 45, -1,
      45, 216, 42, -1,
      220, 219, 221, -1,
      221, 219, 218, -1,
      221, 218, 216, -1,
      216, 218, 217, -1,
    ]
  }
}

Shape {
  appearance Appearance {
    material Material {
      diffuseColor 0.2510 0.2510 0.2510
      specularColor 0.1255 0.1255 0.1255
      ambientIntensity 0.2
      transparency 0.0000
      shininess 0.5
    }
  }
  geometry IndexedFaceSet {
    ccw TRUE
    solid FALSE
    coord DEF co Coordinate {
      point [
        0.523928 -0.615926 -0.196850,
        0.497596 -0.615926 -0.196850,
        0.512180 -0.583037 -0.196850,
        0.511422 -0.580306 -0.196850,
        0.510920 -0.577516 -0.196850,
        0.510665 -0.577516 -0.196850,
        0.510151 -0.580298 -0.196850,
        0.509449 -0.583037 -0.196850,
        0.592585 -0.576556 -0.196850,
        0.604198 -0.576556 -0.196850,
        0.583266 -0.577546 -0.196850,
        0.576767 -0.579820 -0.196850,
        0.571015 -0.583536 -0.196850,
        0.567190 -0.587597 -0.196850,
        0.564455 -0.592454 -0.196850,
        0.562617 -0.598681 -0.196850,
        0.561948 -0.606518 -0.196850,
        0.562670 -0.614789 -0.196850,
        0.564980 -0.622190 -0.196850,
        0.568301 -0.627619 -0.196850,
        0.572717 -0.631981 -0.196850,
        0.578087 -0.635170 -0.196850,
        0.584713 -0.637238 -0.196850,
        0.593021 -0.638011 -0.196850,
        0.604198 -0.638011 -0.196850,
      ]
    }
    coordIndex [
      0, 1, 2, -1,
      2, 1, 7, -1,
      2, 7, 3, -1,
      3, 7, 6, -1,
      3, 6, 4, -1,
      4, 6, 5, -1,
      9, 24, 8, -1,
      8, 24, 23, -1,
      8, 23, 22, -1,
      16, 15, 8, -1,
      8, 15, 14, -1,
      8, 14, 10, -1,
      22, 21, 8, -1,
      8, 21, 20, -1,
      8, 20, 19, -1,
      19, 18, 8, -1,
      8, 18, 17, -1,
      8, 17, 16, -1,
      13, 12, 14, -1,
      14, 12, 11, -1,
      14, 11, 10, -1,
    ]
  }
}

Shape {
  appearance Appearance {
    material Material {
      diffuseColor 1.0000 1.0000 1.0000
      specularColor 0.5020 0.5020 0.5020
      ambientIntensity 0.2
      transparency 0.0000
      shininess 0.5
    }
  }
  geometry IndexedFaceSet {
    ccw TRUE
    solid FALSE
    coord DEF co Coordinate {
      point [
        -0.433071 0.137795 -0.196850,
        -0.393701 0.137795 -0.196850,
        -0.393701 -0.137795 -0.196850,
        0.393701 -0.137795 -0.196850,
        0.393701 0.137795 -0.196850,
        0.433071 -0.137795 -0.196850,
        0.433071 0.137795 -0.196850,
        -0.433071 -0.137795 -0.196850,
        -0.433071 0.255906 -0.196850,
        0.433071 0.255906 -0.196850,
        0.393701 0.255906 -0.196850,
        0.393701 0.413386 -0.196850,
        -0.433071 -0.255906 -0.196850,
        -0.393701 -0.255906 -0.196850,
        -0.393701 -0.413386 -0.196850,
        -0.393701 0.255906 -0.196850,
        -0.393701 0.413386 -0.196850,
        0.393701 -0.413386 -0.196850,
        0.393701 -0.255906 -0.196850,
        0.433071 -0.255906 -0.196850,
        0.393701 0.137795 -0.236220,
        0.393701 -0.137795 -0.236220,
        0.393701 -0.413386 -0.236220,
        0.393701 -0.255906 -0.236220,
        -0.393701 0.137795 -0.236220,
        -0.393701 -0.137795 -0.236220,
        -0.393701 -0.413386 -0.236220,
        -0.393701 -0.255906 -0.236220,
        0.393701 0.413386 -0.236220,
        0.393701 0.255906 -0.236220,
        -0.393701 0.413386 -0.236220,
        -0.393701 0.255906 -0.236220,
        -0.433071 0.137795 -0.236220,
        -0.433071 0.255906 -0.236220,
        -0.433071 -0.255906 -0.236220,
        -0.433071 -0.137795 -0.236220,
        0.433071 0.255906 -0.236220,
        0.433071 0.137795 -0.236220,
        0.433071 -0.137795 -0.236220,
        0.433071 -0.255906 -0.236220,
      ]
    }
    coordIndex [
      26, 22, 14, -1,
      14, 22, 17, -1,
      28, 30, 11, -1,
      11, 30, 16, -1,
      22, 26, 27, -1,
      32, 33, 24, -1,
      24, 33, 31, -1,
      30, 28, 29, -1,
      34, 35, 27, -1,
      27, 35, 25, -1,
      27, 25, 22, -1,
      36, 37, 29, -1,
      29, 37, 20, -1,
      29, 20, 30, -1,
      30, 20, 21, -1,
      30, 21, 31, -1,
      38, 39, 21, -1,
      21, 39, 23, -1,
      21, 23, 31, -1,
      31, 23, 22, -1,
      31, 22, 24, -1,
      24, 22, 25, -1,
      31, 33, 15, -1,
      15, 33, 8, -1,
      1, 0, 24, -1,
      24, 0, 32, -1,
      33, 32, 8, -1,
      8, 32, 0, -1,
      20, 37, 4, -1,
      4, 37, 6, -1,
      10, 9, 29, -1,
      29, 9, 36, -1,
      37, 36, 6, -1,
      6, 36, 9, -1,
      13, 12, 27, -1,
      27, 12, 34, -1,
      25, 35, 2, -1,
      2, 35, 7, -1,
      35, 34, 7, -1,
      7, 34, 12, -1,
      3, 5, 21, -1,
      21, 5, 38, -1,
      23, 39, 18, -1,
      18, 39, 19, -1,
      39, 38, 19, -1,
      19, 38, 5, -1,
    ]
  }
}
