#VRML V2.0 utf8

Shape {
  appearance Appearance {
    material Material {
      diffuseColor 1.0000 1.0000 1.0000
      specularColor 0.5020 0.5020 0.5020
      ambientIntensity 0.2
      transparency 0.0000
      shininess 0.5
    }
  }
  geometry IndexedFaceSet {
    ccw TRUE
    solid FALSE
    coord DEF co Coordinate {
      point [
        -0.157480 0.393701 0.019685,
        -0.157480 0.393701 -0.019685,
        -0.157480 -0.393701 0.019685,
        -0.157480 -0.393701 -0.019685,
        -0.039370 0.393701 0.019685,
        -0.039370 0.393701 -0.019685,
        -0.039370 -0.393701 0.019685,
        -0.039370 -0.393701 -0.019685,
        -0.393701 0.137795 0.019685,
        -0.393701 0.137795 -0.019685,
        -0.393701 0.039370 0.019685,
        -0.393701 0.039370 -0.019685,
        -0.283465 0.137795 0.019685,
        -0.283465 0.137795 -0.019685,
        -0.277298 0.137391 0.019685,
        -0.277298 0.137391 -0.019685,
        -0.271237 0.136185 0.019685,
        -0.271237 0.136185 -0.019685,
        -0.265385 0.134199 0.019685,
        -0.265385 0.134199 -0.019685,
        -0.259843 0.131466 0.019685,
        -0.259843 0.131466 -0.019685,
        -0.254704 0.128032 0.019685,
        -0.254704 0.128032 -0.019685,
        -0.250058 0.123958 0.019685,
        -0.250058 0.123958 -0.019685,
        -0.245983 0.119311 0.019685,
        -0.245983 0.119311 -0.019685,
        -0.242550 0.114173 0.019685,
        -0.242550 0.114173 -0.019685,
        -0.239817 0.108631 0.019685,
        -0.239817 0.108631 -0.019685,
        -0.237830 0.102779 0.019685,
        -0.237830 0.102779 -0.019685,
        -0.236625 0.096718 0.019685,
        -0.236625 0.096718 -0.019685,
        -0.236220 0.090551 0.019685,
        -0.236220 0.090551 -0.019685,
        -0.236220 0.086614 0.019685,
        -0.236220 0.086614 -0.019685,
        -0.236625 0.080448 0.019685,
        -0.236625 0.080448 -0.019685,
        -0.237830 0.074387 0.019685,
        -0.237830 0.074387 -0.019685,
        -0.239817 0.068535 0.019685,
        -0.239817 0.068535 -0.019685,
        -0.242550 0.062992 0.019685,
        -0.242550 0.062992 -0.019685,
        -0.245983 0.057854 0.019685,
        -0.245983 0.057854 -0.019685,
        -0.250058 0.053207 0.019685,
        -0.250058 0.053207 -0.019685,
        -0.254704 0.049133 0.019685,
        -0.254704 0.049133 -0.019685,
        -0.259843 0.045700 0.019685,
        -0.259843 0.045700 -0.019685,
        -0.265385 0.042966 0.019685,
        -0.265385 0.042966 -0.019685,
        -0.271237 0.040980 0.019685,
        -0.271237 0.040980 -0.019685,
        -0.277298 0.039774 0.019685,
        -0.277298 0.039774 -0.019685,
        -0.283465 0.039370 0.019685,
        -0.283465 0.039370 -0.019685,
        -0.236220 0.393701 0.019685,
        -0.236220 0.393701 -0.019685,
        -0.334646 0.393701 0.019685,
        -0.334646 0.393701 -0.019685,
        -0.236220 0.255906 0.019685,
        -0.236220 0.255906 -0.019685,
        -0.275591 0.216535 0.019685,
        -0.275591 0.216535 -0.019685,
        -0.393701 0.216535 0.019685,
        -0.393701 0.216535 -0.019685,
        -0.393701 0.334646 0.019685,
        -0.393701 0.334646 -0.019685,
        -0.334646 0.334646 0.019685,
        -0.334646 0.334646 -0.019685,
        -0.236220 -0.090551 -0.019685,
        -0.236220 -0.090551 0.019685,
        -0.236625 -0.096718 0.019685,
        -0.236625 -0.096718 -0.019685,
        -0.237830 -0.102779 0.019685,
        -0.237830 -0.102779 -0.019685,
        -0.239817 -0.108631 0.019685,
        -0.239817 -0.108631 -0.019685,
        -0.242550 -0.114173 0.019685,
        -0.242550 -0.114173 -0.019685,
        -0.245983 -0.119311 0.019685,
        -0.245983 -0.119311 -0.019685,
        -0.250058 -0.123958 0.019685,
        -0.250058 -0.123958 -0.019685,
        -0.254704 -0.128032 0.019685,
        -0.254704 -0.128032 -0.019685,
        -0.259843 -0.131466 0.019685,
        -0.259843 -0.131466 -0.019685,
        -0.265385 -0.134199 0.019685,
        -0.265385 -0.134199 -0.019685,
        -0.271237 -0.136185 0.019685,
        -0.271237 -0.136185 -0.019685,
        -0.277298 -0.137391 0.019685,
        -0.277298 -0.137391 -0.019685,
        -0.283465 -0.137795 0.019685,
        -0.283465 -0.137795 -0.019685,
        -0.393701 -0.137795 0.019685,
        -0.393701 -0.137795 -0.019685,
        -0.393701 -0.039370 0.019685,
        -0.393701 -0.039370 -0.019685,
        -0.283465 -0.039370 0.019685,
        -0.283465 -0.039370 -0.019685,
        -0.277298 -0.039774 0.019685,
        -0.277298 -0.039774 -0.019685,
        -0.271237 -0.040980 0.019685,
        -0.271237 -0.040980 -0.019685,
        -0.265385 -0.042966 0.019685,
        -0.265385 -0.042966 -0.019685,
        -0.259843 -0.045700 0.019685,
        -0.259843 -0.045700 -0.019685,
        -0.254704 -0.049133 0.019685,
        -0.254704 -0.049133 -0.019685,
        -0.250058 -0.053207 0.019685,
        -0.250058 -0.053207 -0.019685,
        -0.245983 -0.057854 0.019685,
        -0.245983 -0.057854 -0.019685,
        -0.242550 -0.062992 0.019685,
        -0.242550 -0.062992 -0.019685,
        -0.239817 -0.068535 0.019685,
        -0.239817 -0.068535 -0.019685,
        -0.237830 -0.074387 0.019685,
        -0.237830 -0.074387 -0.019685,
        -0.236625 -0.080448 0.019685,
        -0.236625 -0.080448 -0.019685,
        -0.236220 -0.086614 0.019685,
        -0.236220 -0.086614 -0.019685,
        -0.236220 -0.393701 0.019685,
        -0.236220 -0.393701 -0.019685,
        -0.236220 -0.255906 0.019685,
        -0.236220 -0.255906 -0.019685,
        -0.334646 -0.393701 0.019685,
        -0.334646 -0.393701 -0.019685,
        -0.334646 -0.334646 0.019685,
        -0.334646 -0.334646 -0.019685,
        -0.393701 -0.334646 0.019685,
        -0.393701 -0.334646 -0.019685,
        -0.393701 -0.216535 0.019685,
        -0.393701 -0.216535 -0.019685,
        -0.275591 -0.216535 0.019685,
        -0.275591 -0.216535 -0.019685,
        -0.268754 -0.217133 0.019685,
        -0.268754 -0.217133 -0.019685,
        -0.262125 -0.218910 0.019685,
        -0.262125 -0.218910 -0.019685,
        -0.255906 -0.221810 0.019685,
        -0.255906 -0.221810 -0.019685,
        -0.250284 -0.225746 0.019685,
        -0.250284 -0.225746 -0.019685,
        -0.245431 -0.230599 0.019685,
        -0.245431 -0.230599 -0.019685,
        -0.241495 -0.236220 0.019685,
        -0.241495 -0.236220 -0.019685,
        -0.238595 -0.242440 0.019685,
        -0.238595 -0.242440 -0.019685,
        -0.236819 -0.249069 0.019685,
        -0.236819 -0.249069 -0.019685,
        0.157480 -0.393701 0.019685,
        0.157480 -0.393701 -0.019685,
        0.157480 0.393701 0.019685,
        0.157480 0.393701 -0.019685,
        0.039370 -0.393701 0.019685,
        0.039370 -0.393701 -0.019685,
        0.039370 0.393701 0.019685,
        0.039370 0.393701 -0.019685,
        0.236220 -0.086614 -0.019685,
        0.236220 -0.086614 0.019685,
        0.236625 -0.080448 0.019685,
        0.236625 -0.080448 -0.019685,
        0.237830 -0.074387 0.019685,
        0.237830 -0.074387 -0.019685,
        0.239817 -0.068535 0.019685,
        0.239817 -0.068535 -0.019685,
        0.242550 -0.062992 0.019685,
        0.242550 -0.062992 -0.019685,
        0.245983 -0.057854 0.019685,
        0.245983 -0.057854 -0.019685,
        0.250058 -0.053207 0.019685,
        0.250058 -0.053207 -0.019685,
        0.254704 -0.049133 0.019685,
        0.254704 -0.049133 -0.019685,
        0.259843 -0.045700 0.019685,
        0.259843 -0.045700 -0.019685,
        0.265385 -0.042966 0.019685,
        0.265385 -0.042966 -0.019685,
        0.271237 -0.040980 0.019685,
        0.271237 -0.040980 -0.019685,
        0.277298 -0.039774 0.019685,
        0.277298 -0.039774 -0.019685,
        0.283465 -0.039370 0.019685,
        0.283465 -0.039370 -0.019685,
        0.393701 -0.039370 0.019685,
        0.393701 -0.039370 -0.019685,
        0.393701 -0.137795 0.019685,
        0.393701 -0.137795 -0.019685,
        0.283465 -0.137795 0.019685,
        0.283465 -0.137795 -0.019685,
        0.277298 -0.137391 0.019685,
        0.277298 -0.137391 -0.019685,
        0.271237 -0.136185 0.019685,
        0.271237 -0.136185 -0.019685,
        0.265385 -0.134199 0.019685,
        0.265385 -0.134199 -0.019685,
        0.259843 -0.131466 0.019685,
        0.259843 -0.131466 -0.019685,
        0.254704 -0.128032 0.019685,
        0.254704 -0.128032 -0.019685,
        0.250058 -0.123958 0.019685,
        0.250058 -0.123958 -0.019685,
        0.245983 -0.119311 0.019685,
        0.245983 -0.119311 -0.019685,
        0.242550 -0.114173 0.019685,
        0.242550 -0.114173 -0.019685,
        0.239817 -0.108631 0.019685,
        0.239817 -0.108631 -0.019685,
        0.237830 -0.102779 0.019685,
        0.237830 -0.102779 -0.019685,
        0.236625 -0.096718 0.019685,
        0.236625 -0.096718 -0.019685,
        0.236220 -0.090551 0.019685,
        0.236220 -0.090551 -0.019685,
        0.236220 -0.393701 0.019685,
        0.236220 -0.393701 -0.019685,
        0.334646 -0.393701 0.019685,
        0.334646 -0.393701 -0.019685,
        0.236220 -0.255906 0.019685,
        0.236220 -0.255906 -0.019685,
        0.236819 -0.249069 0.019685,
        0.236819 -0.249069 -0.019685,
        0.238595 -0.242440 0.019685,
        0.238595 -0.242440 -0.019685,
        0.241495 -0.236220 0.019685,
        0.241495 -0.236220 -0.019685,
        0.245431 -0.230599 0.019685,
        0.245431 -0.230599 -0.019685,
        0.250284 -0.225746 0.019685,
        0.250284 -0.225746 -0.019685,
        0.255906 -0.221810 0.019685,
        0.255906 -0.221810 -0.019685,
        0.262125 -0.218910 0.019685,
        0.262125 -0.218910 -0.019685,
        0.268754 -0.217133 0.019685,
        0.268754 -0.217133 -0.019685,
        0.275591 -0.216535 0.019685,
        0.275591 -0.216535 -0.019685,
        0.393701 -0.216535 0.019685,
        0.393701 -0.216535 -0.019685,
        0.393701 -0.334646 0.019685,
        0.393701 -0.334646 -0.019685,
        0.334646 -0.334646 0.019685,
        0.334646 -0.334646 -0.019685,
        0.236220 0.090551 -0.019685,
        0.236220 0.090551 0.019685,
        0.236625 0.096718 0.019685,
        0.236625 0.096718 -0.019685,
        0.237830 0.102779 0.019685,
        0.237830 0.102779 -0.019685,
        0.239817 0.108631 0.019685,
        0.239817 0.108631 -0.019685,
        0.242550 0.114173 0.019685,
        0.242550 0.114173 -0.019685,
        0.245983 0.119311 0.019685,
        0.245983 0.119311 -0.019685,
        0.250058 0.123958 0.019685,
        0.250058 0.123958 -0.019685,
        0.254704 0.128032 0.019685,
        0.254704 0.128032 -0.019685,
        0.259843 0.131466 0.019685,
        0.259843 0.131466 -0.019685,
        0.265385 0.134199 0.019685,
        0.265385 0.134199 -0.019685,
        0.271237 0.136185 0.019685,
        0.271237 0.136185 -0.019685,
        0.277298 0.137391 0.019685,
        0.277298 0.137391 -0.019685,
        0.283465 0.137795 0.019685,
        0.283465 0.137795 -0.019685,
        0.393701 0.137795 0.019685,
        0.393701 0.137795 -0.019685,
        0.393701 0.039370 0.019685,
        0.393701 0.039370 -0.019685,
        0.283465 0.039370 0.019685,
        0.283465 0.039370 -0.019685,
        0.277298 0.039774 0.019685,
        0.277298 0.039774 -0.019685,
        0.271237 0.040980 0.019685,
        0.271237 0.040980 -0.019685,
        0.265385 0.042966 0.019685,
        0.265385 0.042966 -0.019685,
        0.259843 0.045700 0.019685,
        0.259843 0.045700 -0.019685,
        0.254704 0.049133 0.019685,
        0.254704 0.049133 -0.019685,
        0.250058 0.053207 0.019685,
        0.250058 0.053207 -0.019685,
        0.245983 0.057854 0.019685,
        0.245983 0.057854 -0.019685,
        0.242550 0.062992 0.019685,
        0.242550 0.062992 -0.019685,
        0.239817 0.068535 0.019685,
        0.239817 0.068535 -0.019685,
        0.237830 0.074387 0.019685,
        0.237830 0.074387 -0.019685,
        0.236625 0.080448 0.019685,
        0.236625 0.080448 -0.019685,
        0.236220 0.086614 0.019685,
        0.236220 0.086614 -0.019685,
        0.236220 0.393701 0.019685,
        0.236220 0.393701 -0.019685,
        0.236220 0.255906 0.019685,
        0.236220 0.255906 -0.019685,
        0.334646 0.393701 0.019685,
        0.334646 0.393701 -0.019685,
        0.334646 0.334646 0.019685,
        0.334646 0.334646 -0.019685,
        0.393701 0.334646 0.019685,
        0.393701 0.334646 -0.019685,
        0.393701 0.216535 0.019685,
        0.393701 0.216535 -0.019685,
        0.275591 0.216535 0.019685,
        0.275591 0.216535 -0.019685,
        0.268754 0.217133 0.019685,
        0.268754 0.217133 -0.019685,
        0.262125 0.218910 0.019685,
        0.262125 0.218910 -0.019685,
        0.255906 0.221810 0.019685,
        0.255906 0.221810 -0.019685,
        0.250284 0.225746 0.019685,
        0.250284 0.225746 -0.019685,
        0.245431 0.230599 0.019685,
        0.245431 0.230599 -0.019685,
        0.241495 0.236220 0.019685,
        0.241495 0.236220 -0.019685,
        0.238595 0.242440 0.019685,
        0.238595 0.242440 -0.019685,
        0.236819 0.249069 0.019685,
        0.236819 0.249069 -0.019685,
      ]
    }
    coordIndex [
      0, 1, 2, -1,
      2, 1, 3, -1,
      4, 5, 0, -1,
      0, 5, 1, -1,
      6, 7, 4, -1,
      4, 7, 5, -1,
      2, 3, 6, -1,
      6, 3, 7, -1,
      5, 7, 1, -1,
      1, 7, 3, -1,
      6, 4, 2, -1,
      2, 4, 0, -1,
      8, 9, 10, -1,
      10, 9, 11, -1,
      12, 13, 8, -1,
      8, 13, 9, -1,
      13, 12, 14, -1,
      13, 14, 15, -1,
      15, 14, 16, -1,
      15, 16, 17, -1,
      17, 16, 18, -1,
      17, 18, 19, -1,
      19, 18, 20, -1,
      19, 20, 21, -1,
      21, 20, 22, -1,
      21, 22, 23, -1,
      23, 22, 24, -1,
      23, 24, 25, -1,
      25, 24, 26, -1,
      25, 26, 27, -1,
      27, 26, 28, -1,
      27, 28, 29, -1,
      29, 28, 30, -1,
      29, 30, 31, -1,
      31, 30, 32, -1,
      31, 32, 33, -1,
      33, 32, 34, -1,
      33, 34, 35, -1,
      35, 34, 36, -1,
      35, 36, 37, -1,
      38, 39, 36, -1,
      36, 39, 37, -1,
      39, 38, 40, -1,
      39, 40, 41, -1,
      41, 40, 42, -1,
      41, 42, 43, -1,
      43, 42, 44, -1,
      43, 44, 45, -1,
      45, 44, 46, -1,
      45, 46, 47, -1,
      47, 46, 48, -1,
      47, 48, 49, -1,
      49, 48, 50, -1,
      49, 50, 51, -1,
      51, 50, 52, -1,
      51, 52, 53, -1,
      53, 52, 54, -1,
      53, 54, 55, -1,
      55, 54, 56, -1,
      55, 56, 57, -1,
      57, 56, 58, -1,
      57, 58, 59, -1,
      59, 58, 60, -1,
      59, 60, 61, -1,
      61, 60, 62, -1,
      61, 62, 63, -1,
      10, 11, 62, -1,
      62, 11, 63, -1,
      63, 11, 9, -1,
      35, 37, 63, -1,
      63, 37, 39, -1,
      9, 13, 63, -1,
      63, 13, 15, -1,
      63, 15, 17, -1,
      57, 59, 43, -1,
      17, 19, 63, -1,
      63, 19, 21, -1,
      63, 21, 23, -1,
      45, 47, 43, -1,
      43, 47, 49, -1,
      43, 49, 51, -1,
      39, 41, 63, -1,
      63, 41, 43, -1,
      63, 43, 61, -1,
      61, 43, 59, -1,
      23, 25, 63, -1,
      63, 25, 27, -1,
      63, 27, 29, -1,
      29, 31, 63, -1,
      63, 31, 33, -1,
      63, 33, 35, -1,
      51, 53, 43, -1,
      43, 53, 55, -1,
      43, 55, 57, -1,
      40, 38, 12, -1,
      12, 38, 36, -1,
      12, 36, 14, -1,
      14, 36, 16, -1,
      8, 10, 12, -1,
      12, 10, 62, -1,
      12, 62, 60, -1,
      60, 58, 12, -1,
      12, 58, 56, -1,
      12, 56, 54, -1,
      12, 48, 46, -1,
      54, 52, 12, -1,
      12, 52, 50, -1,
      12, 50, 48, -1,
      46, 44, 12, -1,
      12, 44, 42, -1,
      12, 42, 40, -1,
      36, 34, 16, -1,
      16, 34, 32, -1,
      16, 32, 30, -1,
      22, 20, 24, -1,
      24, 20, 26, -1,
      30, 28, 16, -1,
      16, 28, 26, -1,
      16, 26, 18, -1,
      18, 26, 20, -1,
      64, 65, 66, -1,
      66, 65, 67, -1,
      68, 69, 64, -1,
      64, 69, 65, -1,
      70, 71, 68, -1,
      68, 71, 69, -1,
      72, 73, 70, -1,
      70, 73, 71, -1,
      74, 75, 72, -1,
      72, 75, 73, -1,
      76, 77, 74, -1,
      74, 77, 75, -1,
      66, 67, 76, -1,
      76, 67, 77, -1,
      67, 65, 77, -1,
      77, 65, 69, -1,
      69, 71, 77, -1,
      77, 71, 73, -1,
      77, 73, 75, -1,
      72, 70, 68, -1,
      74, 72, 76, -1,
      76, 72, 68, -1,
      76, 68, 66, -1,
      66, 68, 64, -1,
      78, 79, 80, -1,
      78, 80, 81, -1,
      81, 80, 82, -1,
      81, 82, 83, -1,
      83, 82, 84, -1,
      83, 84, 85, -1,
      85, 84, 86, -1,
      85, 86, 87, -1,
      87, 86, 88, -1,
      87, 88, 89, -1,
      89, 88, 90, -1,
      89, 90, 91, -1,
      91, 90, 92, -1,
      91, 92, 93, -1,
      93, 92, 94, -1,
      93, 94, 95, -1,
      95, 94, 96, -1,
      95, 96, 97, -1,
      97, 96, 98, -1,
      97, 98, 99, -1,
      99, 98, 100, -1,
      99, 100, 101, -1,
      101, 100, 102, -1,
      101, 102, 103, -1,
      104, 105, 102, -1,
      102, 105, 103, -1,
      106, 107, 104, -1,
      104, 107, 105, -1,
      108, 109, 106, -1,
      106, 109, 107, -1,
      109, 108, 110, -1,
      109, 110, 111, -1,
      111, 110, 112, -1,
      111, 112, 113, -1,
      113, 112, 114, -1,
      113, 114, 115, -1,
      115, 114, 116, -1,
      115, 116, 117, -1,
      117, 116, 118, -1,
      117, 118, 119, -1,
      119, 118, 120, -1,
      119, 120, 121, -1,
      121, 120, 122, -1,
      121, 122, 123, -1,
      123, 122, 124, -1,
      123, 124, 125, -1,
      125, 124, 126, -1,
      125, 126, 127, -1,
      127, 126, 128, -1,
      127, 128, 129, -1,
      129, 128, 130, -1,
      129, 130, 131, -1,
      131, 130, 132, -1,
      131, 132, 133, -1,
      79, 78, 132, -1,
      132, 78, 133, -1,
      105, 107, 103, -1,
      103, 107, 109, -1,
      103, 109, 101, -1,
      133, 78, 109, -1,
      109, 78, 81, -1,
      109, 81, 83, -1,
      127, 129, 109, -1,
      109, 129, 131, -1,
      109, 131, 133, -1,
      83, 85, 109, -1,
      109, 85, 87, -1,
      109, 87, 89, -1,
      89, 91, 109, -1,
      109, 91, 93, -1,
      109, 93, 95, -1,
      95, 97, 109, -1,
      109, 97, 99, -1,
      109, 99, 101, -1,
      109, 111, 127, -1,
      127, 111, 113, -1,
      127, 113, 125, -1,
      125, 113, 115, -1,
      125, 115, 117, -1,
      117, 119, 125, -1,
      125, 119, 121, -1,
      125, 121, 123, -1,
      108, 106, 104, -1,
      80, 79, 108, -1,
      108, 79, 132, -1,
      108, 132, 130, -1,
      104, 102, 108, -1,
      108, 102, 100, -1,
      108, 100, 98, -1,
      92, 90, 108, -1,
      108, 90, 88, -1,
      108, 88, 86, -1,
      98, 96, 108, -1,
      108, 96, 94, -1,
      108, 94, 92, -1,
      86, 84, 108, -1,
      108, 84, 82, -1,
      108, 82, 80, -1,
      114, 112, 124, -1,
      124, 112, 126, -1,
      130, 128, 108, -1,
      108, 128, 126, -1,
      108, 126, 110, -1,
      110, 126, 112, -1,
      124, 122, 120, -1,
      120, 118, 124, -1,
      124, 118, 116, -1,
      124, 116, 114, -1,
      134, 135, 136, -1,
      136, 135, 137, -1,
      138, 139, 134, -1,
      134, 139, 135, -1,
      140, 141, 138, -1,
      138, 141, 139, -1,
      142, 143, 140, -1,
      140, 143, 141, -1,
      144, 145, 142, -1,
      142, 145, 143, -1,
      146, 147, 144, -1,
      144, 147, 145, -1,
      147, 146, 148, -1,
      147, 148, 149, -1,
      149, 148, 150, -1,
      149, 150, 151, -1,
      151, 150, 152, -1,
      151, 152, 153, -1,
      153, 152, 154, -1,
      153, 154, 155, -1,
      155, 154, 156, -1,
      155, 156, 157, -1,
      157, 156, 158, -1,
      157, 158, 159, -1,
      159, 158, 160, -1,
      159, 160, 161, -1,
      161, 160, 162, -1,
      161, 162, 163, -1,
      163, 162, 136, -1,
      163, 136, 137, -1,
      141, 143, 145, -1,
      135, 139, 137, -1,
      137, 139, 141, -1,
      137, 141, 163, -1,
      145, 147, 141, -1,
      141, 147, 149, -1,
      141, 149, 151, -1,
      151, 153, 141, -1,
      141, 153, 155, -1,
      141, 155, 157, -1,
      157, 159, 141, -1,
      141, 159, 161, -1,
      141, 161, 163, -1,
      138, 134, 140, -1,
      140, 134, 136, -1,
      140, 136, 162, -1,
      162, 160, 140, -1,
      140, 160, 158, -1,
      140, 158, 156, -1,
      156, 154, 140, -1,
      140, 154, 152, -1,
      140, 152, 150, -1,
      144, 142, 146, -1,
      146, 142, 140, -1,
      146, 140, 148, -1,
      148, 140, 150, -1,
      164, 165, 166, -1,
      166, 165, 167, -1,
      168, 169, 164, -1,
      164, 169, 165, -1,
      170, 171, 168, -1,
      168, 171, 169, -1,
      166, 167, 170, -1,
      170, 167, 171, -1,
      169, 171, 165, -1,
      165, 171, 167, -1,
      170, 168, 166, -1,
      166, 168, 164, -1,
      172, 173, 174, -1,
      172, 174, 175, -1,
      175, 174, 176, -1,
      175, 176, 177, -1,
      177, 176, 178, -1,
      177, 178, 179, -1,
      179, 178, 180, -1,
      179, 180, 181, -1,
      181, 180, 182, -1,
      181, 182, 183, -1,
      183, 182, 184, -1,
      183, 184, 185, -1,
      185, 184, 186, -1,
      185, 186, 187, -1,
      187, 186, 188, -1,
      187, 188, 189, -1,
      189, 188, 190, -1,
      189, 190, 191, -1,
      191, 190, 192, -1,
      191, 192, 193, -1,
      193, 192, 194, -1,
      193, 194, 195, -1,
      195, 194, 196, -1,
      195, 196, 197, -1,
      198, 199, 196, -1,
      196, 199, 197, -1,
      200, 201, 198, -1,
      198, 201, 199, -1,
      202, 203, 200, -1,
      200, 203, 201, -1,
      203, 202, 204, -1,
      203, 204, 205, -1,
      205, 204, 206, -1,
      205, 206, 207, -1,
      207, 206, 208, -1,
      207, 208, 209, -1,
      209, 208, 210, -1,
      209, 210, 211, -1,
      211, 210, 212, -1,
      211, 212, 213, -1,
      213, 212, 214, -1,
      213, 214, 215, -1,
      215, 214, 216, -1,
      215, 216, 217, -1,
      217, 216, 218, -1,
      217, 218, 219, -1,
      219, 218, 220, -1,
      219, 220, 221, -1,
      221, 220, 222, -1,
      221, 222, 223, -1,
      223, 222, 224, -1,
      223, 224, 225, -1,
      225, 224, 226, -1,
      225, 226, 227, -1,
      173, 172, 226, -1,
      226, 172, 227, -1,
      227, 172, 203, -1,
      203, 172, 175, -1,
      203, 175, 177, -1,
      221, 203, 219, -1,
      219, 203, 217, -1,
      221, 223, 203, -1,
      203, 223, 225, -1,
      203, 225, 227, -1,
      177, 179, 203, -1,
      203, 179, 181, -1,
      203, 181, 183, -1,
      189, 191, 203, -1,
      203, 191, 193, -1,
      199, 201, 197, -1,
      197, 201, 203, -1,
      197, 203, 195, -1,
      195, 203, 193, -1,
      205, 207, 203, -1,
      203, 207, 209, -1,
      203, 209, 211, -1,
      211, 213, 203, -1,
      203, 213, 215, -1,
      203, 215, 217, -1,
      183, 185, 203, -1,
      203, 185, 187, -1,
      203, 187, 189, -1,
      202, 200, 198, -1,
      174, 173, 202, -1,
      198, 196, 202, -1,
      202, 196, 194, -1,
      202, 194, 192, -1,
      192, 190, 202, -1,
      202, 190, 188, -1,
      202, 188, 186, -1,
      173, 226, 202, -1,
      202, 226, 224, -1,
      202, 224, 222, -1,
      222, 220, 202, -1,
      202, 220, 218, -1,
      202, 218, 216, -1,
      186, 184, 202, -1,
      202, 184, 182, -1,
      202, 182, 180, -1,
      180, 178, 202, -1,
      202, 178, 176, -1,
      202, 176, 174, -1,
      216, 214, 202, -1,
      202, 214, 212, -1,
      202, 212, 210, -1,
      210, 208, 202, -1,
      202, 208, 206, -1,
      202, 206, 204, -1,
      228, 229, 230, -1,
      230, 229, 231, -1,
      232, 233, 228, -1,
      228, 233, 229, -1,
      233, 232, 234, -1,
      233, 234, 235, -1,
      235, 234, 236, -1,
      235, 236, 237, -1,
      237, 236, 238, -1,
      237, 238, 239, -1,
      239, 238, 240, -1,
      239, 240, 241, -1,
      241, 240, 242, -1,
      241, 242, 243, -1,
      243, 242, 244, -1,
      243, 244, 245, -1,
      245, 244, 246, -1,
      245, 246, 247, -1,
      247, 246, 248, -1,
      247, 248, 249, -1,
      249, 248, 250, -1,
      249, 250, 251, -1,
      252, 253, 250, -1,
      250, 253, 251, -1,
      254, 255, 252, -1,
      252, 255, 253, -1,
      256, 257, 254, -1,
      254, 257, 255, -1,
      230, 231, 256, -1,
      256, 231, 257, -1,
      257, 231, 229, -1,
      253, 255, 251, -1,
      251, 255, 257, -1,
      251, 257, 249, -1,
      229, 233, 257, -1,
      257, 233, 235, -1,
      257, 235, 237, -1,
      237, 239, 257, -1,
      257, 239, 241, -1,
      257, 241, 243, -1,
      243, 245, 257, -1,
      257, 245, 247, -1,
      257, 247, 249, -1,
      228, 230, 232, -1,
      232, 230, 256, -1,
      232, 256, 234, -1,
      234, 256, 236, -1,
      254, 252, 256, -1,
      256, 252, 250, -1,
      256, 250, 248, -1,
      248, 246, 256, -1,
      256, 246, 244, -1,
      256, 244, 242, -1,
      242, 240, 256, -1,
      256, 240, 238, -1,
      256, 238, 236, -1,
      258, 259, 260, -1,
      258, 260, 261, -1,
      261, 260, 262, -1,
      261, 262, 263, -1,
      263, 262, 264, -1,
      263, 264, 265, -1,
      265, 264, 266, -1,
      265, 266, 267, -1,
      267, 266, 268, -1,
      267, 268, 269, -1,
      269, 268, 270, -1,
      269, 270, 271, -1,
      271, 270, 272, -1,
      271, 272, 273, -1,
      273, 272, 274, -1,
      273, 274, 275, -1,
      275, 274, 276, -1,
      275, 276, 277, -1,
      277, 276, 278, -1,
      277, 278, 279, -1,
      279, 278, 280, -1,
      279, 280, 281, -1,
      281, 280, 282, -1,
      281, 282, 283, -1,
      284, 285, 282, -1,
      282, 285, 283, -1,
      286, 287, 284, -1,
      284, 287, 285, -1,
      288, 289, 286, -1,
      286, 289, 287, -1,
      289, 288, 290, -1,
      289, 290, 291, -1,
      291, 290, 292, -1,
      291, 292, 293, -1,
      293, 292, 294, -1,
      293, 294, 295, -1,
      295, 294, 296, -1,
      295, 296, 297, -1,
      297, 296, 298, -1,
      297, 298, 299, -1,
      299, 298, 300, -1,
      299, 300, 301, -1,
      301, 300, 302, -1,
      301, 302, 303, -1,
      303, 302, 304, -1,
      303, 304, 305, -1,
      305, 304, 306, -1,
      305, 306, 307, -1,
      307, 306, 308, -1,
      307, 308, 309, -1,
      309, 308, 310, -1,
      309, 310, 311, -1,
      311, 310, 312, -1,
      311, 312, 313, -1,
      259, 258, 312, -1,
      312, 258, 313, -1,
      281, 283, 258, -1,
      258, 283, 313, -1,
      305, 307, 283, -1,
      307, 309, 283, -1,
      283, 309, 311, -1,
      283, 311, 313, -1,
      285, 287, 283, -1,
      283, 287, 289, -1,
      283, 289, 291, -1,
      283, 297, 299, -1,
      281, 258, 279, -1,
      279, 258, 261, -1,
      279, 261, 263, -1,
      267, 269, 271, -1,
      291, 293, 283, -1,
      283, 293, 295, -1,
      283, 295, 297, -1,
      273, 275, 263, -1,
      263, 275, 277, -1,
      263, 277, 279, -1,
      299, 301, 283, -1,
      283, 301, 303, -1,
      283, 303, 305, -1,
      273, 263, 271, -1,
      271, 263, 265, -1,
      271, 265, 267, -1,
      288, 286, 284, -1,
      284, 282, 288, -1,
      288, 282, 280, -1,
      288, 280, 278, -1,
      260, 259, 288, -1,
      288, 259, 312, -1,
      288, 312, 310, -1,
      278, 276, 288, -1,
      288, 276, 274, -1,
      288, 274, 272, -1,
      272, 270, 288, -1,
      288, 270, 268, -1,
      288, 268, 266, -1,
      266, 264, 288, -1,
      288, 264, 262, -1,
      288, 262, 260, -1,
      302, 300, 298, -1,
      310, 308, 288, -1,
      288, 308, 306, -1,
      288, 306, 290, -1,
      290, 306, 292, -1,
      302, 298, 304, -1,
      304, 298, 296, -1,
      304, 296, 306, -1,
      306, 296, 294, -1,
      306, 294, 292, -1,
      314, 315, 316, -1,
      316, 315, 317, -1,
      318, 319, 314, -1,
      314, 319, 315, -1,
      320, 321, 318, -1,
      318, 321, 319, -1,
      322, 323, 320, -1,
      320, 323, 321, -1,
      324, 325, 322, -1,
      322, 325, 323, -1,
      326, 327, 324, -1,
      324, 327, 325, -1,
      327, 326, 328, -1,
      327, 328, 329, -1,
      329, 328, 330, -1,
      329, 330, 331, -1,
      331, 330, 332, -1,
      331, 332, 333, -1,
      333, 332, 334, -1,
      333, 334, 335, -1,
      335, 334, 336, -1,
      335, 336, 337, -1,
      337, 336, 338, -1,
      337, 338, 339, -1,
      339, 338, 340, -1,
      339, 340, 341, -1,
      341, 340, 342, -1,
      341, 342, 343, -1,
      343, 342, 316, -1,
      343, 316, 317, -1,
      321, 323, 325, -1,
      315, 319, 317, -1,
      317, 319, 321, -1,
      317, 321, 343, -1,
      325, 327, 321, -1,
      321, 327, 329, -1,
      321, 329, 331, -1,
      331, 333, 321, -1,
      321, 333, 335, -1,
      321, 335, 337, -1,
      337, 339, 321, -1,
      321, 339, 341, -1,
      321, 341, 343, -1,
      318, 314, 320, -1,
      320, 314, 316, -1,
      320, 316, 342, -1,
      342, 340, 320, -1,
      320, 340, 338, -1,
      320, 338, 336, -1,
      336, 334, 320, -1,
      320, 334, 332, -1,
      320, 332, 330, -1,
      324, 322, 326, -1,
      326, 322, 320, -1,
      326, 320, 328, -1,
      328, 320, 330, -1,
    ]
  }
}

Shape {
  appearance Appearance {
    material Material {
      diffuseColor 0.2510 0.2510 0.2510
      specularColor 0.1255 0.1255 0.1255
      ambientIntensity 0.2
      transparency 0.0000
      shininess 0.5
    }
  }
  geometry IndexedFaceSet {
    ccw TRUE
    solid FALSE
    coord DEF co Coordinate {
      point [
        -0.157480 0.393701 0.019685,
        -0.157480 -0.393701 0.019685,
        -0.039370 0.393701 0.019685,
        -0.039370 -0.393701 0.019685,
        -0.393701 0.137795 0.019685,
        -0.393701 0.039370 0.019685,
        -0.236220 0.393701 0.019685,
        -0.334646 0.393701 0.019685,
        -0.393701 0.216535 0.019685,
        -0.393701 0.334646 0.019685,
        -0.393701 -0.137795 0.019685,
        -0.393701 -0.039370 0.019685,
        -0.236220 -0.393701 0.019685,
        -0.334646 -0.393701 0.019685,
        -0.393701 -0.334646 0.019685,
        -0.393701 -0.216535 0.019685,
        0.157480 -0.393701 0.019685,
        0.157480 0.393701 0.019685,
        0.039370 -0.393701 0.019685,
        0.039370 0.393701 0.019685,
        0.393701 -0.039370 0.019685,
        0.393701 -0.137795 0.019685,
        0.236220 -0.393701 0.019685,
        0.334646 -0.393701 0.019685,
        0.393701 -0.216535 0.019685,
        0.393701 -0.334646 0.019685,
        0.393701 0.137795 0.019685,
        0.393701 0.039370 0.019685,
        0.236220 0.393701 0.019685,
        0.334646 0.393701 0.019685,
        0.393701 0.334646 0.019685,
        0.393701 0.216535 0.019685,
        0.393701 0.051891 0.171090,
        0.393701 0.051891 0.163265,
        0.393701 0.077581 0.163265,
        0.393701 0.120416 0.120689,
        0.393701 0.120188 0.120599,
        0.393701 0.120188 0.118176,
        0.393701 0.087760 0.197979,
        0.393701 0.089808 0.198230,
        0.393701 0.079181 0.198230,
        0.393701 0.094650 0.171254,
        0.393701 0.092937 0.171090,
        0.393701 0.101767 0.171090,
        0.393701 0.106758 0.194935,
        0.393701 0.106758 0.186393,
        0.393701 0.113966 0.186393,
        0.393701 0.166128 0.171315,
        0.393701 0.163406 0.178615,
        0.393701 0.153612 0.178615,
        0.393701 0.108434 0.128888,
        0.393701 0.107273 0.128749,
        0.393701 0.113966 0.128749,
        0.393701 0.102564 0.128819,
        0.393701 0.101767 0.129099,
        0.393701 0.101767 0.128749,
        0.393701 0.140181 0.140996,
        0.393701 0.140181 0.132017,
        0.393701 0.145179 0.132017,
        0.393701 -0.080019 0.161369,
        0.393701 -0.079637 0.163265,
        0.393701 -0.236904 0.163265,
        0.393701 0.028997 0.177031,
        0.393701 0.034092 0.172629,
        0.393701 0.051891 0.198230,
        0.393701 0.007568 0.198230,
        0.393701 0.011929 0.195298,
        0.393701 0.018131 0.188148,
        0.393701 0.022176 0.180307,
        0.393701 0.023375 0.179897,
        0.393701 -0.006058 0.204344,
        0.393701 0.003465 0.200989,
        0.393701 0.051891 0.374016,
        0.393701 -0.032046 0.200620,
        0.393701 -0.023297 0.204002,
        0.393701 -0.236904 0.374016,
        0.393701 -0.013879 0.205166,
        0.393701 -0.071187 0.180687,
        0.393701 -0.069422 0.182324,
        0.393701 -0.236904 0.198230,
        0.393701 -0.035901 0.198230,
        0.393701 -0.036650 0.197765,
        0.393701 -0.063046 0.186570,
        0.393701 -0.055957 0.189080,
        0.393701 -0.049365 0.189795,
        0.393701 -0.041110 0.193946,
        0.393701 -0.047182 0.189677,
        0.393701 -0.045000 0.189416,
        0.393701 -0.236904 0.171090,
        0.393701 -0.078509 0.168847,
        0.393701 -0.077438 0.171090,
        0.393701 -0.075299 0.175566,
        0.393701 -0.056955 0.129261,
        0.393701 -0.060312 0.130324,
        0.393701 -0.236904 0.128749,
        0.393701 -0.067050 0.133887,
        0.393701 -0.072136 0.138370,
        0.393701 -0.072905 0.139257,
        0.393701 -0.076894 0.145383,
        0.393701 -0.079393 0.152496,
        0.393701 -0.080106 0.159054,
        0.393701 -0.052238 0.121715,
        0.393701 -0.055058 0.125198,
        0.393701 -0.056716 0.128749,
        0.393701 -0.236904 0.019685,
        0.393701 -0.236904 0.118176,
        0.393701 -0.046774 0.118176,
        0.393701 -0.048527 0.118915,
        0.393701 -0.216535 0.000000,
        0.393701 -0.137795 0.000000,
        0.393701 -0.039370 0.000000,
        0.393701 0.039370 0.000000,
        0.393701 0.051891 0.118176,
        0.393701 0.051891 0.019685,
        0.393701 0.077581 0.019685,
        0.393701 -0.031069 0.118176,
        0.393701 -0.034344 0.116921,
        0.393701 -0.038928 0.116357,
        0.393701 -0.039670 0.116371,
        0.393701 -0.044150 0.117073,
        0.393701 -0.021143 0.128749,
        0.393701 -0.021153 0.128704,
        0.393701 -0.023392 0.124470,
        0.393701 -0.026330 0.121172,
        0.393701 -0.030111 0.118544,
        0.393701 0.037536 0.142359,
        0.393701 0.033941 0.137421,
        0.393701 0.051891 0.128749,
        0.393701 -0.024696 0.148048,
        0.393701 0.000733 0.161331,
        0.393701 -0.028005 0.151062,
        0.393701 -0.032030 0.153222,
        0.393701 0.028487 0.132864,
        0.393701 0.022669 0.130109,
        0.393701 0.016672 0.128881,
        0.393701 0.029107 0.156894,
        0.393701 0.028222 0.160541,
        0.393701 0.026761 0.163265,
        0.393701 -0.067680 0.163265,
        0.393701 0.004476 0.140481,
        0.393701 0.006615 0.151274,
        0.393701 0.003167 0.139988,
        0.393701 0.001990 0.139182,
        0.393701 0.005477 0.128881,
        0.393701 0.004596 0.129008,
        0.393701 0.003332 0.129456,
        0.393701 0.002071 0.130290,
        0.393701 0.001437 0.130922,
        0.393701 -0.066576 0.151893,
        0.393701 -0.064296 0.148009,
        0.393701 -0.054661 0.146065,
        0.393701 -0.060893 0.144516,
        0.393701 -0.056765 0.141975,
        0.393701 -0.047640 0.152343,
        0.393701 -0.051521 0.149650,
        0.393701 -0.068151 0.159433,
        0.393701 -0.067929 0.156541,
        0.393701 0.040163 0.161379,
        0.393701 0.040962 0.155448,
        0.393701 0.040947 0.154539,
        0.393701 0.039997 0.148325,
        0.393701 -0.043447 0.153944,
        0.393701 -0.038928 0.154500,
        0.393701 -0.036610 0.154361,
        0.393701 0.005856 0.140647,
        0.393701 0.006041 0.140633,
        0.393701 0.006610 0.140507,
        0.393701 -0.000026 0.134764,
        0.393701 -0.000002 0.135296,
        0.393701 -0.019952 0.137231,
        0.393701 0.000324 0.136754,
        0.393701 0.001009 0.138080,
        0.393701 0.000624 0.132120,
        0.393701 0.000139 0.133410,
        0.393701 -0.020051 0.133391,
        0.393701 -0.019952 0.135333,
        0.393701 0.025350 0.145227,
        0.393701 0.027436 0.148187,
        0.393701 0.028743 0.151570,
        0.393701 0.029197 0.155259,
        0.393701 0.006995 0.140457,
        0.393701 0.015534 0.140457,
        0.393701 0.018920 0.141103,
        0.393701 0.022270 0.142650,
        0.393701 0.025080 0.144937,
        0.393701 0.012877 0.170060,
        0.393701 -0.065964 0.168250,
        0.393701 -0.067587 0.164017,
        0.393701 0.014395 0.170060,
        0.393701 0.026463 0.163819,
        0.393701 0.024253 0.166289,
        0.393701 0.021309 0.168343,
        0.393701 0.017996 0.169617,
        0.393701 -0.063990 0.171090,
        0.393701 -0.039117 0.175563,
        0.393701 -0.040512 0.176324,
        0.393701 0.009431 0.180410,
        0.393701 0.005378 0.185722,
        0.393701 0.003722 0.187277,
        0.393701 -0.001655 0.190891,
        0.393701 -0.007634 0.193081,
        0.393701 -0.044769 0.177869,
        0.393701 -0.049175 0.178409,
        0.393701 -0.051118 0.178310,
        0.393701 0.012676 0.171090,
        0.393701 0.012076 0.174163,
        0.393701 -0.013689 0.193780,
        0.393701 -0.014537 0.193767,
        0.393701 -0.036462 0.181182,
        0.393701 -0.020863 0.192830,
        0.393701 -0.032298 0.186333,
        0.393701 -0.027049 0.190269,
        0.393701 -0.055804 0.177208,
        0.393701 -0.060038 0.174969,
        0.393701 -0.063336 0.172031,
        0.393701 0.035172 0.171090,
        0.393701 0.037908 0.167191,
        0.393701 0.039431 0.163265,
        0.393701 0.151091 0.132017,
        0.393701 0.151091 0.128974,
        0.393701 0.153612 0.128749,
        0.393701 0.145179 0.128749,
        0.393701 0.153612 0.163265,
        0.393701 0.150484 0.155664,
        0.393701 0.150484 0.152594,
        0.393701 0.149726 0.144052,
        0.393701 0.149726 0.140996,
        0.393701 0.145179 0.140996,
        0.393701 0.145179 0.152594,
        0.393701 0.145179 0.144052,
        0.393701 0.140181 0.152594,
        0.393701 0.140181 0.144052,
        0.393701 0.145179 0.128974,
        0.393701 0.136736 0.128974,
        0.393701 0.134935 0.128749,
        0.393701 0.136736 0.155664,
        0.393701 0.081719 0.138055,
        0.393701 0.082238 0.143452,
        0.393701 0.081052 0.137096,
        0.393701 0.080595 0.135917,
        0.393701 0.090666 0.129977,
        0.393701 0.089447 0.129178,
        0.393701 0.092349 0.128974,
        0.393701 0.088220 0.128749,
        0.393701 0.095692 0.128974,
        0.393701 0.084391 0.128764,
        0.393701 0.083114 0.129252,
        0.393701 0.079181 0.128749,
        0.393701 0.080962 0.131395,
        0.393701 0.080550 0.132517,
        0.393701 0.089635 0.145635,
        0.393701 0.088487 0.145758,
        0.393701 0.086700 0.140300,
        0.393701 0.085392 0.148057,
        0.393701 0.079181 0.163265,
        0.393701 0.082909 0.147089,
        0.393701 0.082238 0.146699,
        0.393701 0.082742 0.138944,
        0.393701 0.084163 0.139674,
        0.393701 0.084554 0.144906,
        0.393701 0.086648 0.145582,
        0.393701 0.082013 0.130025,
        0.393701 0.081663 0.130377,
        0.393701 0.101738 0.139305,
        0.393701 0.100222 0.133095,
        0.393701 0.101767 0.139285,
        0.393701 0.101424 0.132342,
        0.393701 0.101767 0.132208,
        0.393701 0.092349 0.131922,
        0.393701 0.092260 0.131922,
        0.393701 0.091724 0.131108,
        0.393701 0.101191 0.139877,
        0.393701 0.095692 0.141241,
        0.393701 0.100222 0.129643,
        0.393701 0.093312 0.147245,
        0.393701 0.094208 0.146398,
        0.393701 0.100724 0.145069,
        0.393701 0.080375 0.134078,
        0.393701 0.080384 0.134471,
        0.393701 0.092349 0.141091,
        0.393701 0.092236 0.142547,
        0.393701 0.091893 0.143746,
        0.393701 0.091501 0.144438,
        0.393701 0.094895 0.145326,
        0.393701 0.095423 0.143819,
        0.393701 0.100352 0.143989,
        0.393701 0.088801 0.148473,
        0.393701 0.090779 0.148298,
        0.393701 0.092197 0.147875,
        0.393701 0.090998 0.144978,
        0.393701 0.090407 0.145363,
        0.393701 0.100807 0.140472,
        0.393701 0.100417 0.141472,
        0.393701 0.100243 0.142892,
        0.393701 0.103235 0.128749,
        0.393701 0.101767 0.118176,
        0.393701 0.105393 0.128524,
        0.393701 0.112182 0.147627,
        0.393701 0.112182 0.144380,
        0.393701 0.111977 0.137311,
        0.393701 0.112541 0.136506,
        0.393701 0.112583 0.131866,
        0.393701 0.111990 0.130974,
        0.393701 0.101317 0.145978,
        0.393701 0.101767 0.146391,
        0.393701 0.101767 0.163265,
        0.393701 0.102385 0.146959,
        0.393701 0.103196 0.147458,
        0.393701 0.104985 0.148151,
        0.393701 0.107665 0.148473,
        0.393701 0.113966 0.163265,
        0.393701 0.110011 0.148265,
        0.393701 0.110947 0.130039,
        0.393701 0.110187 0.129570,
        0.393701 0.112923 0.135542,
        0.393701 0.113096 0.134159,
        0.393701 0.112965 0.132933,
        0.393701 0.107338 0.145758,
        0.393701 0.106348 0.145683,
        0.393701 0.103688 0.143193,
        0.393701 0.105454 0.145447,
        0.393701 0.104704 0.145048,
        0.393701 0.103718 0.142748,
        0.393701 0.103851 0.142228,
        0.393701 0.104092 0.141778,
        0.393701 0.104418 0.141419,
        0.393701 0.105596 0.140682,
        0.393701 0.109674 0.145473,
        0.393701 0.107665 0.139781,
        0.393701 0.111566 0.144740,
        0.393701 0.108960 0.139257,
        0.393701 0.111180 0.138022,
        0.393701 0.104200 0.144602,
        0.393701 0.103913 0.144177,
        0.393701 0.103748 0.143726,
        0.393701 0.103515 0.131525,
        0.393701 0.105305 0.137352,
        0.393701 0.103312 0.138266,
        0.393701 0.105721 0.131253,
        0.393701 0.105869 0.131254,
        0.393701 0.107500 0.136433,
        0.393701 0.107582 0.131446,
        0.393701 0.109664 0.133832,
        0.393701 0.109631 0.134248,
        0.393701 0.108445 0.131762,
        0.393701 0.108750 0.131946,
        0.393701 0.109133 0.132287,
        0.393701 0.109425 0.132719,
        0.393701 0.109595 0.133194,
        0.393701 0.109480 0.134770,
        0.393701 0.109221 0.135213,
        0.393701 0.108805 0.135647,
        0.393701 0.169935 0.171315,
        0.393701 0.153612 0.171090,
        0.393701 0.393701 0.171090,
        0.393701 0.393701 0.198230,
        0.393701 0.159769 0.198005,
        0.393701 0.153612 0.198230,
        0.393701 0.152292 0.178615,
        0.393701 0.149726 0.171315,
        0.393701 0.145179 0.171090,
        0.393701 0.145919 0.171315,
        0.393701 0.145179 0.198230,
        0.393701 0.153612 0.191511,
        0.393701 0.156085 0.198005,
        0.393701 0.134935 0.171090,
        0.393701 0.134620 0.171877,
        0.393701 0.130050 0.171315,
        0.393701 0.130323 0.198005,
        0.393701 0.134935 0.198230,
        0.393701 0.120188 0.198230,
        0.393701 0.120188 0.171090,
        0.393701 0.122709 0.171315,
        0.393701 0.122709 0.198005,
        0.393701 0.143714 0.180182,
        0.393701 0.142401 0.177421,
        0.393701 0.141337 0.193570,
        0.393701 0.142993 0.191248,
        0.393701 0.140413 0.175054,
        0.393701 0.137656 0.173071,
        0.393701 0.134935 0.172000,
        0.393701 0.140413 0.194471,
        0.393701 0.134397 0.197555,
        0.393701 0.134935 0.197359,
        0.393701 0.137618 0.196379,
        0.393701 0.143986 0.188709,
        0.393701 0.144439 0.185001,
        0.393701 0.144359 0.183308,
        0.393701 0.113966 0.198230,
        0.393701 0.117060 0.198005,
        0.393701 0.113966 0.198005,
        0.393701 0.117060 0.194935,
        0.393701 0.117667 0.174358,
        0.393701 0.117667 0.171315,
        0.393701 0.113966 0.171090,
        0.393701 0.106758 0.174358,
        0.393701 0.113966 0.174358,
        0.393701 0.106758 0.183336,
        0.393701 0.113966 0.183336,
        0.393701 0.116303 0.183336,
        0.393701 0.116303 0.186393,
        0.393701 0.113966 0.194935,
        0.393701 0.103313 0.198005,
        0.393701 0.101767 0.198230,
        0.393701 0.103313 0.171315,
        0.393701 -0.393701 0.118176,
        0.393701 -0.393701 0.000000,
        0.393701 -0.334646 0.000000,
        0.393701 0.334646 0.000000,
        0.393701 0.393701 0.000000,
        0.393701 0.393701 0.118176,
        0.393701 0.153612 0.118176,
        0.393701 0.216535 0.000000,
        0.393701 0.134935 0.019685,
        0.393701 0.120188 0.019685,
        0.393701 0.113966 0.118176,
        0.393701 0.113966 0.019685,
        0.393701 0.101767 0.019685,
        0.393701 0.079181 0.118176,
        0.393701 0.079181 0.019685,
        0.393701 0.077581 0.118176,
        0.393701 0.097970 0.197363,
        0.393701 0.095179 0.198174,
        0.393701 0.094483 0.198230,
        0.393701 0.113966 0.171315,
        0.393701 0.097970 0.193761,
        0.393701 0.097515 0.172193,
        0.393701 0.092336 0.173982,
        0.393701 0.095353 0.174546,
        0.393701 0.097970 0.175722,
        0.393701 0.097970 0.172420,
        0.393701 0.081632 0.183376,
        0.393701 0.097673 0.193922,
        0.393701 0.094966 0.194952,
        0.393701 0.082922 0.178553,
        0.393701 0.084223 0.176746,
        0.393701 0.084744 0.176230,
        0.393701 0.086487 0.174996,
        0.393701 0.088388 0.174260,
        0.393701 0.091080 0.173935,
        0.393701 0.084407 0.192383,
        0.393701 0.082954 0.190363,
        0.393701 0.086226 0.193884,
        0.393701 0.088325 0.194856,
        0.393701 0.091680 0.195344,
        0.393701 0.090647 0.195303,
        0.393701 0.081603 0.184360,
        0.393701 0.082054 0.188068,
        0.393701 0.082059 0.180705,
        0.393701 0.091646 0.198455,
        0.393701 0.079181 0.374016,
        0.393701 0.101767 0.374016,
        0.393701 0.091692 0.198455,
        0.393701 0.079906 0.191996,
        0.393701 0.081842 0.194525,
        0.393701 0.082480 0.195135,
        0.393701 0.084975 0.196891,
        0.393701 0.079181 0.178102,
        0.393701 0.078525 0.179767,
        0.393701 0.077581 0.171090,
        0.393701 0.077987 0.184155,
        0.393701 0.078034 0.185546,
        0.393701 0.077581 0.198230,
        0.393701 0.078639 0.189031,
        0.393701 0.079181 0.190300,
        0.393701 0.083560 0.172723,
        0.393701 0.081412 0.174508,
        0.393701 0.079181 0.171090,
        0.393701 0.079619 0.176991,
        0.393701 0.090581 0.170865,
        0.393701 0.088972 0.170941,
        0.393701 0.088247 0.171090,
        0.393701 0.086080 0.171536,
        0.393701 0.084508 0.128749,
        0.393701 0.086310 0.128524,
        0.393701 0.088080 0.128700,
        0.393701 0.086420 0.128524,
        0.393701 0.129668 0.148037,
        0.393701 0.133134 0.148037,
        0.393701 0.134935 0.163265,
        0.393701 0.145179 0.155664,
        0.393701 0.145179 0.163265,
        0.393701 0.125529 0.128749,
        0.393701 0.123555 0.133709,
        0.393701 0.123965 0.132140,
        0.393701 0.124053 0.132140,
        0.393701 0.120188 0.163265,
        0.393701 0.120188 0.143395,
        0.393701 0.124463 0.133682,
        0.393701 0.124207 0.132793,
        0.393701 0.120188 0.128749,
        0.393701 0.120188 0.134421,
        0.393701 0.114836 0.148037,
        0.393701 0.118574 0.148037,
        0.393701 0.122313 0.129015,
        0.393701 0.122201 0.128749,
        0.393701 0.120846 0.125549,
        0.393701 0.115525 0.120269,
        0.393701 0.115525 0.123243,
        0.393701 0.116209 0.123019,
        0.393701 0.117422 0.122861,
        0.393701 0.118061 0.122917,
        0.393701 0.118797 0.123147,
        0.393701 0.119423 0.123530,
        0.393701 0.119104 0.120169,
        0.393701 0.117681 0.119996,
        0.393701 0.116943 0.120022,
        0.393701 0.120097 0.124220,
        0.393701 0.120188 0.124381,
        0.393701 0.145179 0.118176,
        0.393701 0.134935 0.118176,
        0.393701 0.121576 0.121520,
        0.393701 0.124483 0.126095,
        0.393701 0.122951 0.123120,
        0.393701 -0.393701 0.128749,
        0.393701 -0.393701 0.163265,
        0.393701 -0.393701 0.171090,
        0.393701 -0.393701 0.198230,
        0.393701 -0.393701 0.374016,
        0.393701 0.076896 0.174358,
        0.393701 0.076896 0.171315,
        0.393701 0.062820 0.171315,
        0.393701 0.066266 0.198005,
        0.393701 0.066266 0.174358,
        0.393701 0.062820 0.198005,
        0.393701 0.077581 0.128749,
        0.393701 0.077175 0.128974,
        0.393701 0.062820 0.128974,
        0.393701 0.077175 0.132017,
        0.393701 0.076568 0.152594,
        0.393701 0.066266 0.140996,
        0.393701 0.066266 0.132017,
        0.393701 0.075811 0.140996,
        0.393701 0.075811 0.144052,
        0.393701 0.066266 0.144052,
        0.393701 0.066266 0.152594,
        0.393701 0.062820 0.155664,
        0.393701 0.076568 0.155664,
        0.393701 0.077581 0.374016,
        0.393701 0.153612 0.000000,
        0.393701 0.145179 0.000000,
        0.393701 0.137795 0.000000,
        0.393701 0.113966 0.374016,
        0.393701 0.120188 0.374016,
        0.393701 0.134935 0.374016,
        0.393701 0.145179 0.374016,
        0.393701 0.153612 0.374016,
        0.393701 0.393701 0.374016,
        0.393701 0.393701 0.163265,
        0.393701 0.156133 0.128974,
        0.393701 0.156133 0.155664,
        0.393701 0.163474 0.128974,
        0.393701 0.189509 0.155664,
        0.393701 0.193193 0.155664,
        0.393701 0.199552 0.128974,
        0.393701 0.203359 0.128974,
        0.393701 0.393701 0.128749,
        0.393701 0.196829 0.136274,
        0.393701 0.185715 0.136274,
        0.393701 0.183150 0.128974,
        0.393701 0.179343 0.128974,
        0.393701 0.175825 0.135080,
        0.393701 0.173837 0.132713,
        0.393701 0.171080 0.130730,
        0.393701 0.168044 0.129536,
        0.393701 0.173837 0.152130,
        0.393701 0.174760 0.151229,
        0.393701 0.176417 0.148908,
        0.393701 0.177410 0.146368,
        0.393701 0.163747 0.155664,
        0.393701 0.167820 0.155215,
        0.393701 0.171042 0.154038,
        0.393701 0.177863 0.142660,
        0.393701 0.177783 0.140967,
        0.393701 0.177138 0.137841,
        -0.393701 0.334646 0.000000,
        -0.393701 0.393701 0.000000,
        -0.334646 0.334646 0.000000,
        -0.334646 0.393701 0.000000,
        -0.262966 0.044049 0.000000,
        -0.254008 0.049677 0.000000,
        -0.272952 -0.040555 0.000000,
        -0.236220 0.393701 0.000000,
        -0.157480 0.393701 0.000000,
        -0.236220 0.255906 0.000000,
        -0.157480 -0.393701 0.000000,
        -0.272952 -0.136611 0.000000,
        -0.262966 -0.133117 0.000000,
        -0.258509 -0.220434 0.000000,
        -0.240899 0.111050 0.000000,
        -0.246528 0.120007 0.000000,
        -0.275591 0.216535 0.000000,
        -0.254008 0.127488 0.000000,
        -0.262966 0.133117 0.000000,
        -0.393701 0.137795 0.000000,
        -0.393701 0.216535 0.000000,
        -0.283465 0.137795 0.000000,
        -0.272952 0.136611 0.000000,
        -0.251044 -0.225125 0.000000,
        -0.240899 -0.111050 0.000000,
        -0.237405 -0.101064 0.000000,
        -0.254008 -0.049677 0.000000,
        -0.237405 0.076101 0.000000,
        -0.246528 -0.057158 0.000000,
        -0.236220 0.086614 0.000000,
        -0.240899 -0.066116 0.000000,
        -0.236220 -0.393701 0.000000,
        -0.236220 -0.255906 0.000000,
        -0.254008 -0.127488 0.000000,
        -0.246528 -0.120007 0.000000,
        -0.237207 -0.247145 0.000000,
        -0.240119 -0.238824 0.000000,
        -0.244810 -0.231359 0.000000,
        -0.262966 -0.044049 0.000000,
        -0.246528 0.057158 0.000000,
        -0.240899 0.066116 0.000000,
        -0.393701 -0.039370 0.000000,
        -0.393701 0.039370 0.000000,
        -0.283465 -0.039370 0.000000,
        -0.283465 0.039370 0.000000,
        -0.272952 0.040555 0.000000,
        -0.275591 -0.216535 0.000000,
        -0.393701 -0.216535 0.000000,
        -0.393701 -0.137795 0.000000,
        -0.237405 0.101064 0.000000,
        -0.236220 0.090551 0.000000,
        -0.266830 -0.217522 0.000000,
        -0.283465 -0.137795 0.000000,
        -0.236220 -0.090551 0.000000,
        -0.236220 -0.086614 0.000000,
        -0.237405 -0.076101 0.000000,
        0.334646 -0.334646 0.000000,
        0.334646 -0.393701 0.000000,
        0.157480 0.393701 0.000000,
        0.251044 -0.225125 0.000000,
        0.244810 -0.231359 0.000000,
        0.254008 0.127488 0.000000,
        0.246528 0.120007 0.000000,
        0.251044 0.225125 0.000000,
        0.240899 0.111050 0.000000,
        0.258509 -0.220434 0.000000,
        0.272952 -0.136611 0.000000,
        0.237405 -0.076101 0.000000,
        0.236220 -0.086614 0.000000,
        0.246528 0.057158 0.000000,
        0.254008 -0.049677 0.000000,
        0.246528 -0.057158 0.000000,
        0.262966 0.044049 0.000000,
        0.237405 0.101064 0.000000,
        0.236220 0.090551 0.000000,
        0.244810 0.231359 0.000000,
        0.240119 -0.238824 0.000000,
        0.237207 -0.247145 0.000000,
        0.157480 -0.393701 0.000000,
        0.236220 -0.255906 0.000000,
        0.236220 -0.393701 0.000000,
        0.254008 0.049677 0.000000,
        0.240899 -0.066116 0.000000,
        0.262966 0.133117 0.000000,
        0.258509 0.220434 0.000000,
        0.266830 0.217522 0.000000,
        0.275591 0.216535 0.000000,
        0.283465 0.137795 0.000000,
        0.272952 0.136611 0.000000,
        0.246528 -0.120007 0.000000,
        0.254008 -0.127488 0.000000,
        0.262966 -0.133117 0.000000,
        0.283465 0.039370 0.000000,
        0.283465 -0.039370 0.000000,
        0.272952 0.040555 0.000000,
        0.272952 -0.040555 0.000000,
        0.262966 -0.044049 0.000000,
        0.236220 0.393701 0.000000,
        0.236220 0.255906 0.000000,
        0.237207 0.247145 0.000000,
        0.240119 0.238824 0.000000,
        0.236220 0.086614 0.000000,
        0.237405 0.076101 0.000000,
        0.240899 0.066116 0.000000,
        0.236220 -0.090551 0.000000,
        0.237405 -0.101064 0.000000,
        0.240899 -0.111050 0.000000,
        0.283465 -0.137795 0.000000,
        0.275591 -0.216535 0.000000,
        0.266830 -0.217522 0.000000,
        -0.039370 -0.393701 0.000000,
        -0.039370 0.393701 0.000000,
        0.039370 -0.393701 0.000000,
        0.039370 0.393701 0.000000,
        -0.334646 -0.393701 0.000000,
        -0.393701 -0.393701 0.000000,
        -0.334646 -0.334646 0.000000,
        -0.393701 -0.334646 0.000000,
        0.334646 0.393701 0.000000,
        -0.393701 0.393701 0.374016,
        -0.393701 -0.393701 0.374016,
        -0.264095 0.336346 0.374016,
        -0.255910 0.325680 0.374016,
        -0.250765 0.313258 0.374016,
        -0.255910 0.274177 0.374016,
        -0.250765 0.286598 0.374016,
        -0.249010 0.299928 0.374016,
        -0.350261 0.313258 0.374016,
        -0.345115 0.325680 0.374016,
        -0.264095 0.263510 0.374016,
        -0.274761 0.255325 0.374016,
        -0.287183 0.250180 0.374016,
        -0.300513 0.248425 0.374016,
        -0.313843 0.250180 0.374016,
        -0.326264 0.255325 0.374016,
        -0.336931 0.263510 0.374016,
        -0.336931 0.336346 0.374016,
        -0.326264 0.344531 0.374016,
        -0.313843 0.349676 0.374016,
        -0.300513 0.351431 0.374016,
        -0.287183 0.349676 0.374016,
        -0.274761 0.344531 0.374016,
        -0.345115 0.274177 0.374016,
        -0.350261 0.286598 0.374016,
        -0.352015 0.299928 0.374016,
        0.334646 0.334646 0.000000,
      ]
    }
    coordIndex [
      32, 33, 34, -1,
      35, 36, 37, -1,
      38, 39, 40, -1,
      41, 42, 43, -1,
      44, 45, 46, -1,
      47, 48, 49, -1,
      50, 51, 52, -1,
      53, 54, 55, -1,
      56, 57, 58, -1,
      59, 60, 61, -1,
      62, 63, 64, -1,
      64, 63, 32, -1,
      65, 66, 64, -1,
      64, 66, 67, -1,
      67, 68, 64, -1,
      64, 68, 69, -1,
      64, 69, 62, -1,
      70, 71, 72, -1,
      73, 74, 75, -1,
      75, 74, 72, -1,
      72, 74, 76, -1,
      72, 76, 70, -1,
      77, 78, 79, -1,
      73, 75, 80, -1,
      80, 75, 79, -1,
      80, 79, 81, -1,
      78, 82, 79, -1,
      79, 82, 83, -1,
      79, 83, 81, -1,
      81, 83, 84, -1,
      81, 84, 85, -1,
      85, 84, 86, -1,
      85, 86, 87, -1,
      61, 60, 88, -1,
      60, 89, 88, -1,
      88, 89, 90, -1,
      88, 90, 79, -1,
      79, 90, 91, -1,
      79, 91, 77, -1,
      92, 93, 94, -1,
      93, 95, 94, -1,
      94, 95, 96, -1,
      94, 96, 97, -1,
      97, 98, 94, -1,
      94, 98, 99, -1,
      94, 99, 61, -1,
      61, 99, 100, -1,
      61, 100, 59, -1,
      101, 102, 94, -1,
      94, 102, 103, -1,
      94, 103, 92, -1,
      25, 104, 105, -1,
      105, 104, 106, -1,
      105, 106, 94, -1,
      94, 106, 107, -1,
      94, 107, 101, -1,
      108, 109, 24, -1,
      24, 109, 21, -1,
      110, 111, 20, -1,
      20, 111, 27, -1,
      20, 27, 112, -1,
      112, 27, 113, -1,
      112, 113, 114, -1,
      112, 115, 20, -1,
      20, 115, 116, -1,
      20, 116, 117, -1,
      117, 118, 20, -1,
      20, 118, 119, -1,
      20, 119, 21, -1,
      21, 119, 106, -1,
      21, 106, 24, -1,
      24, 106, 104, -1,
      120, 121, 112, -1,
      112, 121, 122, -1,
      122, 123, 112, -1,
      112, 123, 124, -1,
      112, 124, 115, -1,
      125, 126, 127, -1,
      128, 129, 130, -1,
      130, 129, 131, -1,
      126, 132, 127, -1,
      127, 132, 133, -1,
      127, 133, 134, -1,
      135, 136, 129, -1,
      129, 136, 137, -1,
      129, 137, 138, -1,
      139, 140, 141, -1,
      141, 140, 142, -1,
      143, 144, 120, -1,
      144, 145, 120, -1,
      120, 145, 146, -1,
      120, 146, 147, -1,
      148, 149, 150, -1,
      150, 149, 151, -1,
      150, 151, 152, -1,
      153, 138, 154, -1,
      154, 138, 155, -1,
      154, 155, 150, -1,
      150, 155, 156, -1,
      150, 156, 148, -1,
      157, 158, 33, -1,
      33, 158, 159, -1,
      33, 159, 127, -1,
      127, 159, 160, -1,
      127, 160, 125, -1,
      153, 161, 138, -1,
      138, 161, 162, -1,
      138, 162, 129, -1,
      129, 162, 163, -1,
      129, 163, 131, -1,
      139, 164, 140, -1,
      140, 164, 165, -1,
      140, 165, 166, -1,
      167, 168, 169, -1,
      169, 168, 170, -1,
      169, 170, 140, -1,
      140, 170, 171, -1,
      140, 171, 142, -1,
      147, 172, 120, -1,
      120, 172, 173, -1,
      120, 173, 174, -1,
      174, 173, 167, -1,
      174, 167, 175, -1,
      175, 167, 169, -1,
      176, 177, 140, -1,
      140, 177, 178, -1,
      140, 178, 129, -1,
      129, 178, 179, -1,
      129, 179, 135, -1,
      166, 180, 140, -1,
      140, 180, 181, -1,
      140, 181, 182, -1,
      182, 183, 140, -1,
      140, 183, 184, -1,
      140, 184, 176, -1,
      185, 186, 187, -1,
      187, 138, 185, -1,
      185, 138, 137, -1,
      185, 137, 188, -1,
      188, 137, 189, -1,
      189, 190, 188, -1,
      188, 190, 191, -1,
      188, 191, 192, -1,
      193, 194, 195, -1,
      196, 197, 194, -1,
      197, 198, 194, -1,
      194, 198, 199, -1,
      194, 199, 200, -1,
      195, 201, 193, -1,
      193, 201, 202, -1,
      193, 202, 203, -1,
      186, 185, 193, -1,
      193, 185, 204, -1,
      193, 204, 194, -1,
      194, 204, 205, -1,
      194, 205, 196, -1,
      200, 206, 194, -1,
      194, 206, 207, -1,
      194, 207, 208, -1,
      208, 207, 209, -1,
      208, 209, 210, -1,
      210, 209, 211, -1,
      212, 213, 203, -1,
      203, 213, 214, -1,
      203, 214, 193, -1,
      63, 215, 32, -1,
      32, 215, 216, -1,
      32, 216, 33, -1,
      33, 216, 217, -1,
      33, 217, 157, -1,
      218, 219, 220, -1,
      220, 219, 221, -1,
      222, 223, 224, -1,
      225, 226, 218, -1,
      218, 226, 58, -1,
      58, 226, 227, -1,
      58, 227, 56, -1,
      224, 228, 229, -1,
      229, 228, 230, -1,
      229, 230, 231, -1,
      219, 232, 221, -1,
      221, 232, 233, -1,
      221, 233, 234, -1,
      234, 233, 235, -1,
      236, 237, 238, -1,
      238, 237, 239, -1,
      240, 241, 242, -1,
      242, 241, 243, -1,
      242, 243, 244, -1,
      245, 246, 247, -1,
      247, 248, 249, -1,
      250, 251, 252, -1,
      253, 254, 255, -1,
      255, 254, 256, -1,
      236, 257, 237, -1,
      237, 257, 258, -1,
      237, 258, 259, -1,
      259, 258, 252, -1,
      259, 252, 260, -1,
      260, 252, 251, -1,
      246, 261, 247, -1,
      247, 261, 262, -1,
      247, 262, 248, -1,
      263, 264, 265, -1,
      265, 264, 266, -1,
      265, 266, 267, -1,
      268, 269, 242, -1,
      242, 269, 270, -1,
      242, 270, 240, -1,
      263, 271, 264, -1,
      264, 271, 272, -1,
      264, 272, 273, -1,
      273, 272, 244, -1,
      273, 244, 54, -1,
      274, 275, 276, -1,
      249, 277, 247, -1,
      247, 277, 278, -1,
      247, 278, 254, -1,
      254, 278, 239, -1,
      254, 239, 256, -1,
      256, 239, 237, -1,
      279, 280, 252, -1,
      252, 280, 281, -1,
      252, 281, 282, -1,
      275, 283, 276, -1,
      276, 283, 284, -1,
      276, 284, 285, -1,
      253, 286, 254, -1,
      254, 286, 287, -1,
      254, 287, 288, -1,
      282, 289, 252, -1,
      252, 289, 290, -1,
      252, 290, 250, -1,
      271, 291, 272, -1,
      272, 291, 292, -1,
      272, 292, 284, -1,
      284, 292, 293, -1,
      284, 293, 285, -1,
      53, 55, 294, -1,
      294, 55, 295, -1,
      294, 295, 296, -1,
      297, 298, 52, -1,
      299, 300, 298, -1,
      301, 302, 52, -1,
      303, 304, 305, -1,
      305, 304, 306, -1,
      305, 306, 307, -1,
      307, 308, 305, -1,
      305, 308, 309, -1,
      305, 309, 310, -1,
      310, 309, 311, -1,
      310, 311, 297, -1,
      302, 312, 52, -1,
      52, 312, 313, -1,
      52, 313, 50, -1,
      300, 314, 298, -1,
      298, 314, 315, -1,
      298, 315, 52, -1,
      52, 315, 316, -1,
      52, 316, 301, -1,
      317, 318, 319, -1,
      319, 318, 320, -1,
      319, 320, 321, -1,
      319, 322, 317, -1,
      317, 322, 323, -1,
      317, 323, 324, -1,
      324, 325, 317, -1,
      317, 325, 326, -1,
      317, 326, 327, -1,
      327, 326, 328, -1,
      327, 328, 329, -1,
      329, 328, 330, -1,
      329, 330, 298, -1,
      298, 330, 331, -1,
      298, 331, 299, -1,
      332, 333, 321, -1,
      321, 333, 334, -1,
      321, 334, 319, -1,
      335, 336, 267, -1,
      267, 336, 337, -1,
      267, 337, 265, -1,
      335, 338, 336, -1,
      336, 338, 339, -1,
      336, 339, 340, -1,
      340, 339, 341, -1,
      340, 342, 343, -1,
      341, 344, 340, -1,
      340, 344, 345, -1,
      340, 345, 346, -1,
      346, 347, 340, -1,
      340, 347, 348, -1,
      340, 348, 342, -1,
      343, 349, 340, -1,
      340, 349, 350, -1,
      340, 350, 351, -1,
      352, 47, 353, -1,
      354, 355, 356, -1,
      356, 355, 357, -1,
      47, 49, 353, -1,
      353, 49, 358, -1,
      353, 358, 359, -1,
      360, 361, 362, -1,
      362, 361, 363, -1,
      362, 363, 357, -1,
      357, 363, 364, -1,
      357, 364, 356, -1,
      365, 366, 367, -1,
      368, 369, 370, -1,
      365, 367, 371, -1,
      371, 367, 372, -1,
      371, 372, 370, -1,
      370, 372, 373, -1,
      370, 373, 368, -1,
      374, 375, 360, -1,
      376, 377, 362, -1,
      375, 378, 360, -1,
      360, 378, 379, -1,
      360, 379, 365, -1,
      365, 379, 380, -1,
      365, 380, 366, -1,
      376, 362, 381, -1,
      368, 382, 369, -1,
      369, 382, 383, -1,
      369, 383, 362, -1,
      362, 383, 384, -1,
      362, 384, 381, -1,
      377, 385, 362, -1,
      362, 385, 386, -1,
      362, 386, 360, -1,
      360, 386, 387, -1,
      360, 387, 374, -1,
      370, 388, 389, -1,
      389, 388, 390, -1,
      389, 391, 370, -1,
      370, 391, 392, -1,
      370, 392, 371, -1,
      371, 392, 393, -1,
      371, 393, 394, -1,
      395, 396, 397, -1,
      397, 396, 398, -1,
      398, 396, 399, -1,
      399, 396, 392, -1,
      399, 392, 400, -1,
      400, 392, 391, -1,
      400, 391, 46, -1,
      46, 391, 401, -1,
      46, 401, 44, -1,
      390, 388, 402, -1,
      402, 388, 403, -1,
      402, 403, 404, -1,
      405, 406, 407, -1,
      408, 409, 30, -1,
      30, 409, 410, -1,
      30, 410, 31, -1,
      31, 410, 411, -1,
      31, 411, 412, -1,
      413, 37, 414, -1,
      414, 37, 415, -1,
      414, 415, 416, -1,
      416, 415, 295, -1,
      416, 295, 417, -1,
      417, 295, 418, -1,
      417, 418, 419, -1,
      114, 420, 112, -1,
      112, 420, 127, -1,
      112, 127, 120, -1,
      120, 127, 134, -1,
      120, 134, 143, -1,
      421, 403, 422, -1,
      422, 403, 423, -1,
      393, 424, 394, -1,
      394, 424, 404, -1,
      394, 404, 43, -1,
      43, 404, 403, -1,
      43, 403, 425, -1,
      425, 403, 421, -1,
      41, 43, 426, -1,
      427, 428, 425, -1,
      425, 428, 429, -1,
      425, 429, 43, -1,
      43, 429, 430, -1,
      43, 430, 426, -1,
      431, 432, 433, -1,
      434, 435, 425, -1,
      425, 435, 436, -1,
      425, 436, 437, -1,
      437, 438, 425, -1,
      425, 438, 439, -1,
      425, 439, 427, -1,
      440, 441, 442, -1,
      442, 441, 443, -1,
      433, 444, 431, -1,
      431, 444, 445, -1,
      431, 445, 446, -1,
      446, 445, 443, -1,
      446, 443, 447, -1,
      447, 443, 441, -1,
      432, 431, 425, -1,
      425, 431, 448, -1,
      425, 448, 434, -1,
      39, 449, 450, -1,
      450, 449, 451, -1,
      451, 449, 452, -1,
      451, 452, 423, -1,
      40, 453, 454, -1,
      454, 455, 40, -1,
      40, 455, 456, -1,
      40, 456, 38, -1,
      457, 458, 459, -1,
      460, 461, 462, -1,
      462, 461, 463, -1,
      462, 463, 40, -1,
      40, 463, 464, -1,
      40, 464, 453, -1,
      465, 466, 467, -1,
      467, 466, 468, -1,
      469, 470, 254, -1,
      254, 470, 471, -1,
      254, 471, 467, -1,
      467, 471, 472, -1,
      467, 472, 465, -1,
      274, 276, 288, -1,
      288, 276, 303, -1,
      288, 303, 254, -1,
      254, 303, 305, -1,
      254, 305, 469, -1,
      245, 247, 473, -1,
      473, 247, 418, -1,
      473, 418, 474, -1,
      54, 244, 55, -1,
      55, 244, 243, -1,
      55, 243, 295, -1,
      295, 243, 475, -1,
      295, 475, 418, -1,
      418, 475, 476, -1,
      418, 476, 474, -1,
      477, 478, 479, -1,
      223, 222, 480, -1,
      480, 222, 481, -1,
      480, 481, 235, -1,
      235, 481, 479, -1,
      235, 479, 234, -1,
      234, 479, 478, -1,
      234, 478, 482, -1,
      483, 484, 485, -1,
      479, 486, 477, -1,
      477, 486, 487, -1,
      477, 487, 488, -1,
      488, 487, 483, -1,
      488, 483, 489, -1,
      489, 483, 485, -1,
      490, 491, 52, -1,
      52, 491, 492, -1,
      297, 52, 310, -1,
      310, 52, 492, -1,
      310, 492, 486, -1,
      486, 492, 493, -1,
      486, 493, 487, -1,
      494, 491, 495, -1,
      495, 491, 490, -1,
      495, 490, 496, -1,
      415, 497, 498, -1,
      296, 295, 51, -1,
      51, 295, 415, -1,
      51, 415, 52, -1,
      52, 415, 498, -1,
      52, 498, 490, -1,
      490, 498, 499, -1,
      490, 499, 500, -1,
      500, 501, 490, -1,
      490, 501, 502, -1,
      490, 502, 503, -1,
      36, 504, 37, -1,
      37, 504, 505, -1,
      37, 505, 415, -1,
      415, 505, 506, -1,
      415, 506, 497, -1,
      503, 507, 490, -1,
      490, 507, 508, -1,
      490, 508, 496, -1,
      26, 509, 413, -1,
      413, 509, 510, -1,
      413, 510, 37, -1,
      37, 510, 511, -1,
      37, 511, 35, -1,
      482, 512, 510, -1,
      510, 512, 513, -1,
      510, 513, 511, -1,
      407, 25, 405, -1,
      405, 25, 105, -1,
      405, 105, 514, -1,
      514, 105, 94, -1,
      514, 94, 515, -1,
      515, 94, 61, -1,
      515, 61, 516, -1,
      516, 61, 88, -1,
      516, 88, 517, -1,
      517, 88, 79, -1,
      517, 79, 518, -1,
      518, 79, 75, -1,
      519, 520, 459, -1,
      459, 520, 521, -1,
      522, 462, 64, -1,
      458, 460, 459, -1,
      459, 460, 462, -1,
      459, 462, 519, -1,
      519, 462, 522, -1,
      519, 522, 523, -1,
      34, 459, 32, -1,
      32, 459, 521, -1,
      32, 521, 64, -1,
      64, 521, 524, -1,
      64, 524, 522, -1,
      525, 526, 527, -1,
      526, 525, 528, -1,
      528, 525, 34, -1,
      528, 34, 529, -1,
      530, 531, 532, -1,
      532, 531, 528, -1,
      532, 528, 533, -1,
      533, 528, 529, -1,
      533, 529, 534, -1,
      534, 529, 535, -1,
      420, 525, 127, -1,
      127, 525, 527, -1,
      127, 527, 33, -1,
      33, 527, 536, -1,
      33, 536, 34, -1,
      34, 536, 537, -1,
      34, 537, 529, -1,
      39, 450, 40, -1,
      40, 450, 538, -1,
      40, 538, 462, -1,
      462, 538, 72, -1,
      462, 72, 64, -1,
      64, 72, 71, -1,
      64, 71, 65, -1,
      114, 419, 420, -1,
      420, 419, 418, -1,
      420, 418, 525, -1,
      525, 418, 247, -1,
      525, 247, 34, -1,
      34, 247, 254, -1,
      34, 254, 459, -1,
      459, 254, 467, -1,
      459, 467, 457, -1,
      457, 467, 468, -1,
      222, 360, 481, -1,
      481, 360, 365, -1,
      481, 365, 479, -1,
      479, 365, 371, -1,
      479, 371, 486, -1,
      486, 371, 394, -1,
      486, 394, 310, -1,
      310, 394, 43, -1,
      310, 43, 305, -1,
      305, 43, 42, -1,
      305, 42, 469, -1,
      412, 411, 539, -1,
      539, 411, 509, -1,
      539, 509, 540, -1,
      540, 509, 26, -1,
      540, 26, 541, -1,
      423, 403, 451, -1,
      451, 403, 388, -1,
      451, 388, 542, -1,
      542, 388, 370, -1,
      542, 370, 543, -1,
      543, 370, 369, -1,
      543, 369, 544, -1,
      544, 369, 362, -1,
      544, 362, 545, -1,
      545, 362, 357, -1,
      545, 357, 546, -1,
      546, 357, 355, -1,
      546, 355, 547, -1,
      356, 352, 354, -1,
      354, 352, 353, -1,
      354, 353, 548, -1,
      549, 550, 222, -1,
      551, 549, 220, -1,
      220, 549, 222, -1,
      220, 222, 218, -1,
      218, 222, 224, -1,
      218, 224, 225, -1,
      225, 224, 229, -1,
      222, 552, 553, -1,
      554, 220, 555, -1,
      555, 220, 556, -1,
      555, 556, 553, -1,
      553, 556, 548, -1,
      553, 548, 222, -1,
      222, 548, 353, -1,
      222, 353, 360, -1,
      360, 353, 359, -1,
      360, 359, 361, -1,
      557, 558, 554, -1,
      554, 558, 559, -1,
      554, 559, 220, -1,
      220, 559, 560, -1,
      220, 560, 551, -1,
      560, 561, 562, -1,
      562, 563, 560, -1,
      560, 563, 564, -1,
      560, 564, 551, -1,
      565, 566, 552, -1,
      552, 566, 567, -1,
      552, 567, 568, -1,
      550, 569, 222, -1,
      222, 569, 570, -1,
      222, 570, 552, -1,
      552, 570, 571, -1,
      552, 571, 565, -1,
      568, 572, 552, -1,
      552, 572, 573, -1,
      552, 573, 560, -1,
      560, 573, 574, -1,
      560, 574, 561, -1,
      482, 510, 234, -1,
      234, 510, 509, -1,
      234, 509, 221, -1,
      221, 509, 411, -1,
      221, 411, 220, -1,
      220, 411, 410, -1,
      220, 410, 556, -1,
      575, 576, 577, -1,
      577, 576, 578, -1,
      579, 580, 581, -1,
      582, 583, 584, -1,
      584, 583, 585, -1,
      586, 587, 588, -1,
      589, 590, 591, -1,
      591, 590, 592, -1,
      591, 592, 593, -1,
      594, 595, 596, -1,
      596, 595, 591, -1,
      596, 591, 597, -1,
      597, 591, 593, -1,
      588, 587, 598, -1,
      585, 599, 600, -1,
      601, 602, 603, -1,
      603, 602, 604, -1,
      603, 604, 605, -1,
      585, 606, 607, -1,
      587, 608, 585, -1,
      585, 608, 609, -1,
      585, 609, 599, -1,
      607, 610, 585, -1,
      585, 610, 611, -1,
      585, 611, 587, -1,
      587, 611, 612, -1,
      587, 612, 598, -1,
      581, 580, 613, -1,
      613, 580, 614, -1,
      613, 614, 601, -1,
      601, 614, 615, -1,
      601, 615, 602, -1,
      616, 617, 618, -1,
      618, 617, 619, -1,
      618, 619, 581, -1,
      581, 619, 620, -1,
      581, 620, 579, -1,
      621, 622, 623, -1,
      589, 591, 624, -1,
      624, 591, 584, -1,
      624, 584, 625, -1,
      625, 584, 585, -1,
      625, 585, 604, -1,
      588, 626, 586, -1,
      586, 626, 621, -1,
      586, 621, 627, -1,
      627, 621, 623, -1,
      600, 628, 585, -1,
      585, 628, 629, -1,
      585, 629, 604, -1,
      604, 629, 630, -1,
      604, 630, 605, -1,
      407, 406, 631, -1,
      631, 406, 632, -1,
      633, 634, 635, -1,
      636, 637, 638, -1,
      638, 637, 639, -1,
      640, 634, 641, -1,
      642, 643, 644, -1,
      645, 646, 647, -1,
      639, 648, 638, -1,
      638, 648, 649, -1,
      638, 649, 650, -1,
      635, 651, 633, -1,
      633, 651, 652, -1,
      633, 652, 653, -1,
      653, 652, 654, -1,
      653, 654, 655, -1,
      644, 656, 642, -1,
      642, 656, 647, -1,
      642, 647, 657, -1,
      657, 647, 646, -1,
      636, 638, 658, -1,
      658, 638, 659, -1,
      658, 659, 660, -1,
      412, 541, 661, -1,
      661, 541, 662, -1,
      661, 662, 660, -1,
      660, 662, 663, -1,
      660, 663, 658, -1,
      664, 665, 634, -1,
      634, 665, 666, -1,
      634, 666, 641, -1,
      111, 110, 667, -1,
      667, 110, 668, -1,
      667, 668, 669, -1,
      669, 668, 670, -1,
      669, 670, 647, -1,
      647, 670, 671, -1,
      647, 671, 645, -1,
      672, 673, 633, -1,
      633, 673, 674, -1,
      633, 674, 649, -1,
      649, 674, 675, -1,
      649, 675, 650, -1,
      649, 676, 633, -1,
      633, 676, 677, -1,
      633, 677, 643, -1,
      643, 677, 678, -1,
      643, 678, 644, -1,
      643, 679, 633, -1,
      633, 679, 680, -1,
      633, 680, 634, -1,
      634, 680, 681, -1,
      634, 681, 664, -1,
      109, 108, 682, -1,
      682, 108, 683, -1,
      682, 683, 641, -1,
      641, 683, 684, -1,
      641, 684, 640, -1,
      685, 686, 687, -1,
      687, 686, 688, -1,
      689, 690, 691, -1,
      691, 690, 692, -1,
      409, 693, 29, -1,
      28, 694, 29, -1,
      29, 694, 547, -1,
      29, 547, 409, -1,
      19, 688, 686, -1,
      2, 0, 694, -1,
      686, 2, 19, -1,
      19, 2, 694, -1,
      19, 694, 17, -1,
      17, 694, 28, -1,
      17, 28, 633, -1,
      633, 28, 672, -1,
      578, 576, 7, -1,
      7, 576, 694, -1,
      7, 694, 6, -1,
      6, 694, 0, -1,
      6, 0, 582, -1,
      582, 0, 583, -1,
      5, 617, 616, -1,
      576, 575, 9, -1,
      11, 10, 695, -1,
      8, 695, 9, -1,
      9, 695, 694, -1,
      9, 694, 576, -1,
      616, 11, 5, -1,
      5, 11, 695, -1,
      5, 695, 4, -1,
      4, 695, 8, -1,
      4, 8, 594, -1,
      594, 8, 595, -1,
      692, 690, 14, -1,
      14, 690, 695, -1,
      14, 695, 15, -1,
      15, 695, 10, -1,
      15, 10, 622, -1,
      622, 10, 623, -1,
      690, 689, 13, -1,
      12, 518, 13, -1,
      13, 518, 695, -1,
      13, 695, 690, -1,
      3, 685, 687, -1,
      18, 16, 518, -1,
      687, 18, 3, -1,
      3, 18, 518, -1,
      3, 518, 1, -1,
      1, 518, 12, -1,
      1, 12, 585, -1,
      585, 12, 606, -1,
      632, 406, 23, -1,
      23, 406, 518, -1,
      23, 518, 22, -1,
      22, 518, 16, -1,
      22, 16, 655, -1,
      655, 16, 653, -1,
      696, 697, 547, -1,
      547, 697, 698, -1,
      699, 518, 700, -1,
      700, 518, 547, -1,
      700, 547, 701, -1,
      701, 547, 698, -1,
      702, 703, 694, -1,
      699, 704, 518, -1,
      518, 704, 705, -1,
      518, 705, 695, -1,
      695, 705, 706, -1,
      695, 706, 707, -1,
      707, 708, 695, -1,
      695, 708, 709, -1,
      695, 709, 710, -1,
      703, 711, 694, -1,
      694, 711, 712, -1,
      694, 712, 713, -1,
      713, 714, 694, -1,
      694, 714, 715, -1,
      694, 715, 547, -1,
      547, 715, 716, -1,
      547, 716, 696, -1,
      710, 717, 695, -1,
      695, 717, 718, -1,
      695, 718, 694, -1,
      694, 718, 719, -1,
      694, 719, 702, -1,
      693, 409, 720, -1,
      720, 409, 408, -1,
    ]
  }
}

Shape {
  appearance Appearance {
    material Material {
      diffuseColor 0.7922 0.8196 0.9333
      specularColor 0.3961 0.4118 0.4667
      ambientIntensity 0.2
      transparency 0.0000
      shininess 0.5
    }
  }
  geometry IndexedFaceSet {
    ccw TRUE
    solid FALSE
    coord DEF co Coordinate {
      point [
        -0.157480 0.393701 0.019685,
        -0.157480 -0.393701 0.019685,
        -0.039370 0.393701 0.019685,
        -0.039370 -0.393701 0.019685,
        -0.393701 0.137795 0.019685,
        -0.393701 0.039370 0.019685,
        -0.283465 0.137795 0.019685,
        -0.236220 0.090551 0.019685,
        -0.236220 0.086614 0.019685,
        -0.283465 0.039370 0.019685,
        -0.236220 0.393701 0.019685,
        -0.334646 0.393701 0.019685,
        -0.236220 0.255906 0.019685,
        -0.275591 0.216535 0.019685,
        -0.393701 0.216535 0.019685,
        -0.393701 0.334646 0.019685,
        -0.334646 0.334646 0.019685,
        -0.236220 -0.090551 0.019685,
        -0.283465 -0.137795 0.019685,
        -0.393701 -0.137795 0.019685,
        -0.393701 -0.039370 0.019685,
        -0.283465 -0.039370 0.019685,
        -0.236220 -0.086614 0.019685,
        -0.236220 -0.393701 0.019685,
        -0.236220 -0.255906 0.019685,
        -0.334646 -0.393701 0.019685,
        -0.334646 -0.334646 0.019685,
        -0.393701 -0.334646 0.019685,
        -0.393701 -0.216535 0.019685,
        -0.275591 -0.216535 0.019685,
        0.157480 -0.393701 0.019685,
        0.157480 0.393701 0.019685,
        0.039370 -0.393701 0.019685,
        0.039370 0.393701 0.019685,
        0.236220 -0.086614 0.019685,
        0.283465 -0.039370 0.019685,
        0.393701 -0.039370 0.019685,
        0.393701 -0.137795 0.019685,
        0.283465 -0.137795 0.019685,
        0.236220 -0.090551 0.019685,
        0.236220 -0.393701 0.019685,
        0.334646 -0.393701 0.019685,
        0.236220 -0.255906 0.019685,
        0.275591 -0.216535 0.019685,
        0.393701 -0.216535 0.019685,
        0.393701 -0.334646 0.019685,
        0.334646 -0.334646 0.019685,
        0.236220 0.090551 0.019685,
        0.283465 0.137795 0.019685,
        0.393701 0.137795 0.019685,
        0.393701 0.039370 0.019685,
        0.283465 0.039370 0.019685,
        0.236220 0.086614 0.019685,
        0.236220 0.393701 0.019685,
        0.236220 0.255906 0.019685,
        0.334646 0.393701 0.019685,
        0.334646 0.334646 0.019685,
        0.393701 0.334646 0.019685,
        0.393701 0.216535 0.019685,
        0.275591 0.216535 0.019685,
        0.393701 -0.216535 0.000000,
        0.393701 -0.137795 0.000000,
        0.393701 -0.039370 0.000000,
        0.393701 0.039370 0.000000,
        0.393701 -0.334646 0.000000,
        0.393701 0.334646 0.000000,
        0.393701 0.216535 0.000000,
        0.393701 0.137795 0.000000,
        -0.393701 0.334646 0.000000,
        -0.334646 0.334646 0.000000,
        -0.334646 0.393701 0.000000,
        -0.262966 0.044049 0.000000,
        -0.254008 0.049677 0.000000,
        -0.272952 -0.040555 0.000000,
        -0.236220 0.393701 0.000000,
        -0.157480 0.393701 0.000000,
        -0.236220 0.255906 0.000000,
        -0.157480 -0.393701 0.000000,
        -0.272952 -0.136611 0.000000,
        -0.262966 -0.133117 0.000000,
        -0.258509 -0.220434 0.000000,
        -0.240899 0.111050 0.000000,
        -0.246528 0.120007 0.000000,
        -0.275591 0.216535 0.000000,
        -0.254008 0.127488 0.000000,
        -0.262966 0.133117 0.000000,
        -0.393701 0.137795 0.000000,
        -0.393701 0.216535 0.000000,
        -0.283465 0.137795 0.000000,
        -0.272952 0.136611 0.000000,
        -0.251044 -0.225125 0.000000,
        -0.240899 -0.111050 0.000000,
        -0.237405 -0.101064 0.000000,
        -0.254008 -0.049677 0.000000,
        -0.237405 0.076101 0.000000,
        -0.246528 -0.057158 0.000000,
        -0.236220 0.086614 0.000000,
        -0.240899 -0.066116 0.000000,
        -0.236220 -0.393701 0.000000,
        -0.236220 -0.255906 0.000000,
        -0.254008 -0.127488 0.000000,
        -0.246528 -0.120007 0.000000,
        -0.237207 -0.247145 0.000000,
        -0.240119 -0.238824 0.000000,
        -0.244810 -0.231359 0.000000,
        -0.262966 -0.044049 0.000000,
        -0.246528 0.057158 0.000000,
        -0.240899 0.066116 0.000000,
        -0.393701 -0.039370 0.000000,
        -0.393701 0.039370 0.000000,
        -0.283465 -0.039370 0.000000,
        -0.283465 0.039370 0.000000,
        -0.272952 0.040555 0.000000,
        -0.275591 -0.216535 0.000000,
        -0.393701 -0.216535 0.000000,
        -0.393701 -0.137795 0.000000,
        -0.237405 0.101064 0.000000,
        -0.236220 0.090551 0.000000,
        -0.266830 -0.217522 0.000000,
        -0.283465 -0.137795 0.000000,
        -0.236220 -0.090551 0.000000,
        -0.236220 -0.086614 0.000000,
        -0.237405 -0.076101 0.000000,
        0.334646 -0.334646 0.000000,
        0.334646 -0.393701 0.000000,
        0.157480 0.393701 0.000000,
        0.251044 -0.225125 0.000000,
        0.244810 -0.231359 0.000000,
        0.254008 0.127488 0.000000,
        0.246528 0.120007 0.000000,
        0.251044 0.225125 0.000000,
        0.240899 0.111050 0.000000,
        0.258509 -0.220434 0.000000,
        0.272952 -0.136611 0.000000,
        0.237405 -0.076101 0.000000,
        0.236220 -0.086614 0.000000,
        0.246528 0.057158 0.000000,
        0.254008 -0.049677 0.000000,
        0.246528 -0.057158 0.000000,
        0.262966 0.044049 0.000000,
        0.237405 0.101064 0.000000,
        0.236220 0.090551 0.000000,
        0.244810 0.231359 0.000000,
        0.240119 -0.238824 0.000000,
        0.237207 -0.247145 0.000000,
        0.157480 -0.393701 0.000000,
        0.236220 -0.255906 0.000000,
        0.236220 -0.393701 0.000000,
        0.254008 0.049677 0.000000,
        0.240899 -0.066116 0.000000,
        0.262966 0.133117 0.000000,
        0.258509 0.220434 0.000000,
        0.266830 0.217522 0.000000,
        0.275591 0.216535 0.000000,
        0.283465 0.137795 0.000000,
        0.272952 0.136611 0.000000,
        0.246528 -0.120007 0.000000,
        0.254008 -0.127488 0.000000,
        0.262966 -0.133117 0.000000,
        0.283465 0.039370 0.000000,
        0.283465 -0.039370 0.000000,
        0.272952 0.040555 0.000000,
        0.272952 -0.040555 0.000000,
        0.262966 -0.044049 0.000000,
        0.236220 0.393701 0.000000,
        0.236220 0.255906 0.000000,
        0.237207 0.247145 0.000000,
        0.240119 0.238824 0.000000,
        0.236220 0.086614 0.000000,
        0.237405 0.076101 0.000000,
        0.240899 0.066116 0.000000,
        0.236220 -0.090551 0.000000,
        0.237405 -0.101064 0.000000,
        0.240899 -0.111050 0.000000,
        0.283465 -0.137795 0.000000,
        0.275591 -0.216535 0.000000,
        0.266830 -0.217522 0.000000,
        -0.039370 -0.393701 0.000000,
        -0.039370 0.393701 0.000000,
        0.039370 -0.393701 0.000000,
        0.039370 0.393701 0.000000,
        -0.334646 -0.393701 0.000000,
        -0.334646 -0.334646 0.000000,
        -0.393701 -0.334646 0.000000,
        0.334646 0.393701 0.000000,
        0.334646 0.334646 0.000000,
        0.266830 0.217522 0.019685,
        0.258509 0.220434 0.019685,
        0.251044 0.225125 0.019685,
        0.244810 0.231359 0.019685,
        0.240119 0.238824 0.019685,
        0.237207 0.247145 0.019685,
        0.237405 -0.076101 0.019685,
        0.240899 -0.066116 0.019685,
        0.246528 -0.057158 0.019685,
        0.254008 -0.049677 0.019685,
        0.262966 -0.044049 0.019685,
        0.272952 -0.040555 0.019685,
        0.272952 -0.136611 0.019685,
        0.262966 -0.133117 0.019685,
        0.254008 -0.127488 0.019685,
        0.246528 -0.120007 0.019685,
        0.240899 -0.111050 0.019685,
        0.237405 -0.101064 0.019685,
        0.237207 -0.247145 0.019685,
        0.240119 -0.238824 0.019685,
        0.244810 -0.231359 0.019685,
        0.251044 -0.225125 0.019685,
        0.258509 -0.220434 0.019685,
        0.266830 -0.217522 0.019685,
        0.237405 0.101064 0.019685,
        0.240899 0.111050 0.019685,
        0.246528 0.120007 0.019685,
        0.254008 0.127488 0.019685,
        0.262966 0.133117 0.019685,
        0.272952 0.136611 0.019685,
        0.272952 0.040555 0.019685,
        0.262966 0.044049 0.019685,
        0.254008 0.049677 0.019685,
        0.246528 0.057158 0.019685,
        0.240899 0.066116 0.019685,
        0.237405 0.076101 0.019685,
        -0.266830 -0.217522 0.019685,
        -0.258509 -0.220434 0.019685,
        -0.251044 -0.225125 0.019685,
        -0.244810 -0.231359 0.019685,
        -0.240119 -0.238824 0.019685,
        -0.237207 -0.247145 0.019685,
        -0.237405 -0.101064 0.019685,
        -0.240899 -0.111050 0.019685,
        -0.246528 -0.120007 0.019685,
        -0.254008 -0.127488 0.019685,
        -0.262966 -0.133117 0.019685,
        -0.272952 -0.136611 0.019685,
        -0.272952 -0.040555 0.019685,
        -0.262966 -0.044049 0.019685,
        -0.254008 -0.049677 0.019685,
        -0.246528 -0.057158 0.019685,
        -0.240899 -0.066116 0.019685,
        -0.237405 -0.076101 0.019685,
        -0.237405 0.076101 0.019685,
        -0.240899 0.066116 0.019685,
        -0.246528 0.057158 0.019685,
        -0.254008 0.049677 0.019685,
        -0.262966 0.044049 0.019685,
        -0.272952 0.040555 0.019685,
        -0.272952 0.136611 0.019685,
        -0.262966 0.133117 0.019685,
        -0.254008 0.127488 0.019685,
        -0.246528 0.120007 0.019685,
        -0.240899 0.111050 0.019685,
        -0.237405 0.101064 0.019685,
      ]
    }
    coordIndex [
      0, 1, 75, -1,
      75, 1, 77, -1,
      3, 2, 177, -1,
      177, 2, 178, -1,
      2, 3, 0, -1,
      0, 3, 1, -1,
      53, 54, 164, -1,
      164, 54, 165, -1,
      59, 153, 186, -1,
      186, 153, 152, -1,
      186, 152, 187, -1,
      187, 152, 151, -1,
      187, 151, 188, -1,
      188, 151, 130, -1,
      188, 130, 189, -1,
      189, 130, 142, -1,
      189, 142, 190, -1,
      190, 142, 167, -1,
      190, 167, 191, -1,
      191, 167, 166, -1,
      191, 166, 54, -1,
      54, 166, 165, -1,
      59, 58, 153, -1,
      153, 58, 66, -1,
      57, 56, 65, -1,
      65, 56, 185, -1,
      56, 55, 185, -1,
      185, 55, 184, -1,
      56, 57, 58, -1,
      53, 55, 54, -1,
      54, 55, 56, -1,
      54, 56, 191, -1,
      191, 56, 190, -1,
      58, 59, 56, -1,
      56, 59, 186, -1,
      56, 186, 187, -1,
      187, 188, 56, -1,
      56, 188, 189, -1,
      56, 189, 190, -1,
      30, 31, 145, -1,
      145, 31, 125, -1,
      33, 32, 180, -1,
      180, 32, 179, -1,
      32, 33, 30, -1,
      30, 33, 31, -1,
      34, 135, 192, -1,
      192, 135, 134, -1,
      192, 134, 193, -1,
      193, 134, 149, -1,
      193, 149, 194, -1,
      194, 149, 138, -1,
      194, 138, 195, -1,
      195, 138, 137, -1,
      195, 137, 196, -1,
      196, 137, 163, -1,
      196, 163, 197, -1,
      197, 163, 162, -1,
      197, 162, 35, -1,
      35, 162, 160, -1,
      34, 39, 135, -1,
      135, 39, 171, -1,
      38, 174, 198, -1,
      198, 174, 133, -1,
      198, 133, 199, -1,
      199, 133, 158, -1,
      199, 158, 200, -1,
      200, 158, 157, -1,
      200, 157, 201, -1,
      201, 157, 156, -1,
      201, 156, 202, -1,
      202, 156, 173, -1,
      202, 173, 203, -1,
      203, 173, 172, -1,
      203, 172, 39, -1,
      39, 172, 171, -1,
      38, 37, 174, -1,
      174, 37, 61, -1,
      36, 35, 62, -1,
      62, 35, 160, -1,
      36, 37, 35, -1,
      35, 37, 38, -1,
      200, 201, 35, -1,
      35, 201, 202, -1,
      35, 202, 203, -1,
      34, 195, 196, -1,
      34, 192, 195, -1,
      195, 192, 193, -1,
      195, 193, 194, -1,
      203, 39, 35, -1,
      35, 39, 34, -1,
      35, 34, 197, -1,
      197, 34, 196, -1,
      38, 198, 35, -1,
      35, 198, 199, -1,
      35, 199, 200, -1,
      41, 46, 124, -1,
      124, 46, 123, -1,
      46, 45, 123, -1,
      123, 45, 64, -1,
      44, 43, 60, -1,
      60, 43, 175, -1,
      42, 146, 204, -1,
      204, 146, 144, -1,
      204, 144, 205, -1,
      205, 144, 143, -1,
      205, 143, 206, -1,
      206, 143, 127, -1,
      206, 127, 207, -1,
      207, 127, 126, -1,
      207, 126, 208, -1,
      208, 126, 132, -1,
      208, 132, 209, -1,
      209, 132, 176, -1,
      209, 176, 43, -1,
      43, 176, 175, -1,
      42, 40, 146, -1,
      146, 40, 147, -1,
      44, 45, 43, -1,
      43, 45, 46, -1,
      43, 46, 209, -1,
      41, 40, 46, -1,
      46, 40, 42, -1,
      42, 204, 46, -1,
      46, 204, 205, -1,
      46, 205, 206, -1,
      206, 207, 46, -1,
      46, 207, 208, -1,
      46, 208, 209, -1,
      47, 141, 210, -1,
      210, 141, 140, -1,
      210, 140, 211, -1,
      211, 140, 131, -1,
      211, 131, 212, -1,
      212, 131, 129, -1,
      212, 129, 213, -1,
      213, 129, 128, -1,
      213, 128, 214, -1,
      214, 128, 150, -1,
      214, 150, 215, -1,
      215, 150, 155, -1,
      215, 155, 48, -1,
      48, 155, 154, -1,
      47, 52, 141, -1,
      141, 52, 168, -1,
      51, 159, 216, -1,
      216, 159, 161, -1,
      216, 161, 217, -1,
      217, 161, 139, -1,
      217, 139, 218, -1,
      218, 139, 148, -1,
      218, 148, 219, -1,
      219, 148, 136, -1,
      219, 136, 220, -1,
      220, 136, 170, -1,
      220, 170, 221, -1,
      221, 170, 169, -1,
      221, 169, 52, -1,
      52, 169, 168, -1,
      51, 50, 159, -1,
      159, 50, 63, -1,
      49, 48, 67, -1,
      67, 48, 154, -1,
      48, 49, 50, -1,
      215, 48, 47, -1,
      50, 51, 48, -1,
      48, 51, 216, -1,
      48, 216, 217, -1,
      217, 218, 48, -1,
      48, 218, 219, -1,
      48, 219, 220, -1,
      220, 221, 48, -1,
      48, 221, 52, -1,
      48, 52, 47, -1,
      212, 213, 211, -1,
      211, 213, 210, -1,
      210, 213, 47, -1,
      47, 213, 214, -1,
      47, 214, 215, -1,
      23, 24, 98, -1,
      98, 24, 99, -1,
      29, 113, 222, -1,
      222, 113, 118, -1,
      222, 118, 223, -1,
      223, 118, 80, -1,
      223, 80, 224, -1,
      224, 80, 90, -1,
      224, 90, 225, -1,
      225, 90, 104, -1,
      225, 104, 226, -1,
      226, 104, 103, -1,
      226, 103, 227, -1,
      227, 103, 102, -1,
      227, 102, 24, -1,
      24, 102, 99, -1,
      29, 28, 113, -1,
      113, 28, 114, -1,
      27, 26, 183, -1,
      183, 26, 182, -1,
      26, 25, 182, -1,
      182, 25, 181, -1,
      23, 25, 24, -1,
      24, 25, 26, -1,
      24, 26, 227, -1,
      27, 28, 26, -1,
      26, 28, 29, -1,
      29, 222, 26, -1,
      26, 222, 223, -1,
      26, 223, 224, -1,
      224, 225, 26, -1,
      26, 225, 226, -1,
      26, 226, 227, -1,
      17, 120, 228, -1,
      228, 120, 92, -1,
      228, 92, 229, -1,
      229, 92, 91, -1,
      229, 91, 230, -1,
      230, 91, 101, -1,
      230, 101, 231, -1,
      231, 101, 100, -1,
      231, 100, 232, -1,
      232, 100, 79, -1,
      232, 79, 233, -1,
      233, 79, 78, -1,
      233, 78, 18, -1,
      18, 78, 119, -1,
      17, 22, 120, -1,
      120, 22, 121, -1,
      21, 110, 234, -1,
      234, 110, 73, -1,
      234, 73, 235, -1,
      235, 73, 105, -1,
      235, 105, 236, -1,
      236, 105, 93, -1,
      236, 93, 237, -1,
      237, 93, 95, -1,
      237, 95, 238, -1,
      238, 95, 97, -1,
      238, 97, 239, -1,
      239, 97, 122, -1,
      239, 122, 22, -1,
      22, 122, 121, -1,
      21, 20, 110, -1,
      110, 20, 108, -1,
      19, 18, 115, -1,
      115, 18, 119, -1,
      18, 19, 20, -1,
      233, 18, 17, -1,
      20, 21, 18, -1,
      18, 21, 234, -1,
      18, 234, 235, -1,
      238, 239, 18, -1,
      18, 239, 22, -1,
      18, 22, 17, -1,
      235, 236, 18, -1,
      18, 236, 237, -1,
      18, 237, 238, -1,
      229, 230, 228, -1,
      228, 230, 231, -1,
      228, 231, 17, -1,
      17, 231, 232, -1,
      17, 232, 233, -1,
      11, 16, 70, -1,
      70, 16, 69, -1,
      16, 15, 69, -1,
      69, 15, 68, -1,
      14, 13, 87, -1,
      87, 13, 83, -1,
      13, 12, 83, -1,
      83, 12, 76, -1,
      12, 10, 76, -1,
      76, 10, 74, -1,
      11, 10, 16, -1,
      16, 10, 12, -1,
      12, 13, 16, -1,
      16, 13, 14, -1,
      16, 14, 15, -1,
      5, 9, 109, -1,
      109, 9, 111, -1,
      8, 96, 240, -1,
      240, 96, 94, -1,
      240, 94, 241, -1,
      241, 94, 107, -1,
      241, 107, 242, -1,
      242, 107, 106, -1,
      242, 106, 243, -1,
      243, 106, 72, -1,
      243, 72, 244, -1,
      244, 72, 71, -1,
      244, 71, 245, -1,
      245, 71, 112, -1,
      245, 112, 9, -1,
      9, 112, 111, -1,
      8, 7, 96, -1,
      96, 7, 117, -1,
      6, 88, 246, -1,
      246, 88, 89, -1,
      246, 89, 247, -1,
      247, 89, 85, -1,
      247, 85, 248, -1,
      248, 85, 84, -1,
      248, 84, 249, -1,
      249, 84, 82, -1,
      249, 82, 250, -1,
      250, 82, 81, -1,
      250, 81, 251, -1,
      251, 81, 116, -1,
      251, 116, 7, -1,
      7, 116, 117, -1,
      6, 4, 88, -1,
      88, 4, 86, -1,
      251, 7, 9, -1,
      5, 4, 9, -1,
      9, 4, 6, -1,
      6, 246, 9, -1,
      9, 246, 247, -1,
      9, 247, 248, -1,
      248, 249, 9, -1,
      9, 249, 250, -1,
      9, 250, 251, -1,
      244, 240, 243, -1,
      243, 240, 241, -1,
      243, 241, 242, -1,
      7, 8, 9, -1,
      9, 8, 240, -1,
      9, 240, 245, -1,
      245, 240, 244, -1,
    ]
  }
}

Shape {
  appearance Appearance {
    material Material {
      diffuseColor 0.7529 0.7529 0.7529
      specularColor 0.3765 0.3765 0.3765
      ambientIntensity 0.2
      transparency 0.0000
      shininess 0.5
    }
  }
  geometry IndexedFaceSet {
    ccw TRUE
    solid FALSE
    coord DEF co Coordinate {
      point [
        -0.264095 0.336346 0.374016,
        -0.255910 0.325680 0.374016,
        -0.250765 0.313258 0.374016,
        -0.255910 0.274177 0.374016,
        -0.250765 0.286598 0.374016,
        -0.249010 0.299928 0.374016,
        -0.350261 0.313258 0.374016,
        -0.345115 0.325680 0.374016,
        -0.264095 0.263510 0.374016,
        -0.274761 0.255325 0.374016,
        -0.287183 0.250180 0.374016,
        -0.300513 0.248425 0.374016,
        -0.313843 0.250180 0.374016,
        -0.326264 0.255325 0.374016,
        -0.336931 0.263510 0.374016,
        -0.336931 0.336346 0.374016,
        -0.326264 0.344531 0.374016,
        -0.313843 0.349676 0.374016,
        -0.300513 0.351431 0.374016,
        -0.287183 0.349676 0.374016,
        -0.274761 0.344531 0.374016,
        -0.345115 0.274177 0.374016,
        -0.350261 0.286598 0.374016,
        -0.352015 0.299928 0.374016,
        -0.249010 0.299928 0.370079,
        -0.250765 0.313258 0.370079,
        -0.255910 0.325680 0.370079,
        -0.264095 0.336346 0.370079,
        -0.274761 0.344531 0.370079,
        -0.287183 0.349676 0.370079,
        -0.300513 0.351431 0.370079,
        -0.313843 0.349676 0.370079,
        -0.326264 0.344531 0.370079,
        -0.336931 0.336346 0.370079,
        -0.345115 0.325680 0.370079,
        -0.350261 0.313258 0.370079,
        -0.352015 0.299928 0.370079,
        -0.350261 0.286598 0.370079,
        -0.345115 0.274177 0.370079,
        -0.336931 0.263510 0.370079,
        -0.326264 0.255325 0.370079,
        -0.313843 0.250180 0.370079,
        -0.300513 0.248425 0.370079,
        -0.287183 0.250180 0.370079,
        -0.274761 0.255325 0.370079,
        -0.264095 0.263510 0.370079,
        -0.255910 0.274177 0.370079,
        -0.250765 0.286598 0.370079,
        -0.300513 0.299928 0.370079,
      ]
    }
    coordIndex [
      24, 5, 25, -1,
      25, 5, 2, -1,
      25, 2, 26, -1,
      26, 2, 1, -1,
      26, 1, 27, -1,
      27, 1, 0, -1,
      27, 0, 28, -1,
      28, 0, 20, -1,
      28, 20, 29, -1,
      29, 20, 19, -1,
      29, 19, 30, -1,
      30, 19, 18, -1,
      30, 18, 31, -1,
      31, 18, 17, -1,
      31, 17, 32, -1,
      32, 17, 16, -1,
      32, 16, 33, -1,
      33, 16, 15, -1,
      33, 15, 34, -1,
      34, 15, 7, -1,
      34, 7, 35, -1,
      35, 7, 6, -1,
      35, 6, 36, -1,
      36, 6, 23, -1,
      36, 23, 37, -1,
      37, 23, 22, -1,
      37, 22, 38, -1,
      38, 22, 21, -1,
      38, 21, 39, -1,
      39, 21, 14, -1,
      39, 14, 40, -1,
      40, 14, 13, -1,
      40, 13, 41, -1,
      41, 13, 12, -1,
      41, 12, 42, -1,
      42, 12, 11, -1,
      42, 11, 43, -1,
      43, 11, 10, -1,
      43, 10, 44, -1,
      44, 10, 9, -1,
      44, 9, 45, -1,
      45, 9, 8, -1,
      45, 8, 46, -1,
      46, 8, 3, -1,
      46, 3, 47, -1,
      47, 3, 4, -1,
      47, 4, 24, -1,
      24, 4, 5, -1,
      46, 47, 48, -1,
      48, 47, 24, -1,
      48, 24, 25, -1,
      43, 44, 48, -1,
      48, 44, 45, -1,
      48, 45, 46, -1,
      40, 41, 48, -1,
      48, 41, 42, -1,
      48, 42, 43, -1,
      37, 38, 48, -1,
      48, 38, 39, -1,
      48, 39, 40, -1,
      34, 35, 48, -1,
      48, 35, 36, -1,
      48, 36, 37, -1,
      31, 32, 48, -1,
      48, 32, 33, -1,
      48, 33, 34, -1,
      28, 29, 48, -1,
      48, 29, 30, -1,
      48, 30, 31, -1,
      25, 26, 48, -1,
      48, 26, 27, -1,
      48, 27, 28, -1,
    ]
  }
}

Shape {
  appearance Appearance {
    material Material {
      diffuseColor 0.5020 0.5020 0.5020
      specularColor 0.2510 0.2510 0.2510
      ambientIntensity 0.2
      transparency 0.0000
      shininess 0.5
    }
  }
  geometry IndexedFaceSet {
    ccw TRUE
    solid FALSE
    coord DEF co Coordinate {
      point [
        0.393701 0.087760 0.197979,
        0.393701 0.089808 0.198230,
        0.393701 0.094650 0.171254,
        0.393701 0.092937 0.171090,
        0.393701 0.106758 0.194935,
        0.393701 0.106758 0.186393,
        0.393701 0.113966 0.186393,
        0.393701 0.134620 0.171877,
        0.393701 0.130050 0.171315,
        0.393701 0.130323 0.198005,
        0.393701 0.122709 0.171315,
        0.393701 0.122709 0.198005,
        0.393701 0.143714 0.180182,
        0.393701 0.142401 0.177421,
        0.393701 0.141337 0.193570,
        0.393701 0.142993 0.191248,
        0.393701 0.140413 0.175054,
        0.393701 0.137656 0.173071,
        0.393701 0.134935 0.172000,
        0.393701 0.140413 0.194471,
        0.393701 0.134397 0.197555,
        0.393701 0.134935 0.197359,
        0.393701 0.137618 0.196379,
        0.393701 0.143986 0.188709,
        0.393701 0.144439 0.185001,
        0.393701 0.144359 0.183308,
        0.393701 0.117060 0.198005,
        0.393701 0.113966 0.198005,
        0.393701 0.117060 0.194935,
        0.393701 0.117667 0.174358,
        0.393701 0.117667 0.171315,
        0.393701 0.106758 0.174358,
        0.393701 0.113966 0.174358,
        0.393701 0.106758 0.183336,
        0.393701 0.113966 0.183336,
        0.393701 0.116303 0.183336,
        0.393701 0.116303 0.186393,
        0.393701 0.113966 0.194935,
        0.393701 0.103313 0.198005,
        0.393701 0.103313 0.171315,
        0.393701 0.097970 0.197363,
        0.393701 0.095179 0.198174,
        0.393701 0.094483 0.198230,
        0.393701 0.113966 0.171315,
        0.393701 0.097970 0.193761,
        0.393701 0.097515 0.172193,
        0.393701 0.092336 0.173982,
        0.393701 0.095353 0.174546,
        0.393701 0.097970 0.175722,
        0.393701 0.097970 0.172420,
        0.393701 0.081632 0.183376,
        0.393701 0.097673 0.193922,
        0.393701 0.094966 0.194952,
        0.393701 0.082922 0.178553,
        0.393701 0.084223 0.176746,
        0.393701 0.084744 0.176230,
        0.393701 0.086487 0.174996,
        0.393701 0.088388 0.174260,
        0.393701 0.091080 0.173935,
        0.393701 0.084407 0.192383,
        0.393701 0.082954 0.190363,
        0.393701 0.086226 0.193884,
        0.393701 0.088325 0.194856,
        0.393701 0.091680 0.195344,
        0.393701 0.090647 0.195303,
        0.393701 0.081603 0.184360,
        0.393701 0.082054 0.188068,
        0.393701 0.082059 0.180705,
        0.393701 0.091646 0.198455,
        0.393701 0.091692 0.198455,
        0.393701 0.079906 0.191996,
        0.393701 0.081842 0.194525,
        0.393701 0.082480 0.195135,
        0.393701 0.084975 0.196891,
        0.393701 0.079181 0.178102,
        0.393701 0.078525 0.179767,
        0.393701 0.077987 0.184155,
        0.393701 0.078034 0.185546,
        0.393701 0.078639 0.189031,
        0.393701 0.079181 0.190300,
        0.393701 0.083560 0.172723,
        0.393701 0.081412 0.174508,
        0.393701 0.079619 0.176991,
        0.393701 0.090581 0.170865,
        0.393701 0.088972 0.170941,
        0.393701 0.088247 0.171090,
        0.393701 0.086080 0.171536,
        0.393701 0.076896 0.174358,
        0.393701 0.076896 0.171315,
        0.393701 0.062820 0.171315,
        0.393701 0.066266 0.198005,
        0.393701 0.066266 0.174358,
        0.393701 0.062820 0.198005,
        0.397638 0.076896 0.174358,
        0.397638 0.076896 0.171315,
        0.397638 0.066266 0.174358,
        0.397638 0.066266 0.198005,
        0.397638 0.062820 0.198005,
        0.397638 0.062820 0.171315,
        0.397638 0.090581 0.170865,
        0.397638 0.094650 0.171254,
        0.397638 0.097515 0.172193,
        0.397638 0.097970 0.172420,
        0.397638 0.097970 0.175722,
        0.397638 0.095353 0.174546,
        0.397638 0.092336 0.173982,
        0.397638 0.091080 0.173935,
        0.397638 0.088388 0.174260,
        0.397638 0.086487 0.174996,
        0.397638 0.084744 0.176230,
        0.397638 0.084223 0.176746,
        0.397638 0.082922 0.178553,
        0.397638 0.082059 0.180705,
        0.397638 0.081632 0.183376,
        0.397638 0.081603 0.184360,
        0.397638 0.082054 0.188068,
        0.397638 0.082954 0.190363,
        0.397638 0.084407 0.192383,
        0.397638 0.086226 0.193884,
        0.397638 0.088325 0.194856,
        0.397638 0.090647 0.195303,
        0.397638 0.091680 0.195344,
        0.397638 0.094966 0.194952,
        0.397638 0.097673 0.193922,
        0.397638 0.097970 0.193761,
        0.397638 0.097970 0.197363,
        0.397638 0.091646 0.198455,
        0.397638 0.091692 0.198455,
        0.397638 0.095179 0.198174,
        0.397638 0.087760 0.197979,
        0.397638 0.084975 0.196891,
        0.397638 0.082480 0.195135,
        0.397638 0.081842 0.194525,
        0.397638 0.079906 0.191996,
        0.397638 0.078639 0.189031,
        0.397638 0.078034 0.185546,
        0.397638 0.077987 0.184155,
        0.397638 0.081412 0.174508,
        0.397638 0.079619 0.176991,
        0.397638 0.078525 0.179767,
        0.397638 0.088972 0.170941,
        0.397638 0.083560 0.172723,
        0.397638 0.086080 0.171536,
        0.397638 0.117667 0.174358,
        0.397638 0.117667 0.171315,
        0.397638 0.106758 0.174358,
        0.397638 0.106758 0.183336,
        0.397638 0.116303 0.183336,
        0.397638 0.116303 0.186393,
        0.397638 0.106758 0.186393,
        0.397638 0.106758 0.194935,
        0.397638 0.117060 0.194935,
        0.397638 0.117060 0.198005,
        0.397638 0.103313 0.198005,
        0.397638 0.103313 0.171315,
        0.397638 0.139293 0.178791,
        0.397638 0.137964 0.177141,
        0.397638 0.140413 0.175054,
        0.397638 0.137473 0.176696,
        0.397638 0.137656 0.173071,
        0.397638 0.135706 0.175538,
        0.397638 0.134620 0.171877,
        0.397638 0.133424 0.174724,
        0.397638 0.130050 0.171315,
        0.397638 0.130030 0.174358,
        0.397638 0.122709 0.171315,
        0.397638 0.126154 0.174358,
        0.397638 0.122709 0.198005,
        0.397638 0.126154 0.194935,
        0.397638 0.130323 0.198005,
        0.397638 0.130187 0.194935,
        0.397638 0.134397 0.197555,
        0.397638 0.133621 0.194556,
        0.397638 0.137618 0.196379,
        0.397638 0.135937 0.193721,
        0.397638 0.140413 0.194471,
        0.397638 0.137889 0.192424,
        0.397638 0.141337 0.193570,
        0.397638 0.138765 0.191537,
        0.397638 0.142993 0.191248,
        0.397638 0.139767 0.190002,
        0.397638 0.143986 0.188709,
        0.397638 0.140486 0.187981,
        0.397638 0.144439 0.185001,
        0.397638 0.140816 0.184906,
        0.397638 0.144359 0.183308,
        0.397638 0.140728 0.183220,
        0.397638 0.143714 0.180182,
        0.397638 0.140211 0.180774,
        0.397638 0.142401 0.177421,
        0.393701 0.130187 0.194935,
        0.393701 0.126154 0.194935,
        0.393701 0.126154 0.174358,
        0.393701 0.130030 0.174358,
        0.393701 0.137964 0.177141,
        0.393701 0.137473 0.176696,
        0.393701 0.135706 0.175538,
        0.393701 0.133424 0.174724,
        0.393701 0.140816 0.184906,
        0.393701 0.140728 0.183220,
        0.393701 0.140211 0.180774,
        0.393701 0.139293 0.178791,
        0.393701 0.137889 0.192424,
        0.393701 0.138765 0.191537,
        0.393701 0.139767 0.190002,
        0.393701 0.140486 0.187981,
        0.393701 0.133621 0.194556,
        0.393701 0.135937 0.193721,
      ]
    }
    coordIndex [
      93, 94, 87, -1,
      87, 94, 88, -1,
      95, 93, 91, -1,
      91, 93, 87, -1,
      96, 95, 90, -1,
      90, 95, 91, -1,
      97, 96, 92, -1,
      92, 96, 90, -1,
      98, 97, 89, -1,
      89, 97, 92, -1,
      94, 98, 88, -1,
      88, 98, 89, -1,
      96, 97, 95, -1,
      95, 97, 98, -1,
      95, 98, 93, -1,
      93, 98, 94, -1,
      83, 3, 99, -1,
      99, 3, 100, -1,
      3, 2, 100, -1,
      100, 2, 45, -1,
      100, 45, 101, -1,
      101, 45, 49, -1,
      101, 49, 102, -1,
      103, 102, 48, -1,
      48, 102, 49, -1,
      103, 48, 47, -1,
      103, 47, 104, -1,
      104, 47, 46, -1,
      104, 46, 105, -1,
      105, 46, 58, -1,
      105, 58, 106, -1,
      106, 58, 57, -1,
      106, 57, 107, -1,
      107, 57, 56, -1,
      107, 56, 108, -1,
      108, 56, 55, -1,
      108, 55, 109, -1,
      109, 55, 54, -1,
      109, 54, 110, -1,
      110, 54, 53, -1,
      110, 53, 111, -1,
      111, 53, 67, -1,
      111, 67, 112, -1,
      112, 67, 50, -1,
      112, 50, 113, -1,
      113, 50, 65, -1,
      113, 65, 114, -1,
      114, 65, 66, -1,
      114, 66, 115, -1,
      115, 66, 60, -1,
      115, 60, 116, -1,
      116, 60, 59, -1,
      116, 59, 117, -1,
      117, 59, 61, -1,
      117, 61, 118, -1,
      118, 61, 62, -1,
      118, 62, 119, -1,
      119, 62, 64, -1,
      119, 64, 120, -1,
      120, 64, 63, -1,
      120, 63, 121, -1,
      121, 63, 52, -1,
      121, 52, 122, -1,
      122, 52, 51, -1,
      122, 51, 123, -1,
      123, 51, 44, -1,
      123, 44, 124, -1,
      125, 124, 40, -1,
      40, 124, 44, -1,
      68, 126, 127, -1,
      125, 40, 41, -1,
      125, 41, 128, -1,
      128, 41, 42, -1,
      128, 42, 127, -1,
      127, 42, 69, -1,
      127, 69, 68, -1,
      126, 68, 1, -1,
      126, 1, 129, -1,
      1, 0, 129, -1,
      129, 0, 73, -1,
      129, 73, 130, -1,
      130, 73, 72, -1,
      130, 72, 131, -1,
      131, 72, 71, -1,
      131, 71, 132, -1,
      132, 71, 70, -1,
      132, 70, 133, -1,
      133, 70, 79, -1,
      133, 79, 134, -1,
      79, 78, 134, -1,
      134, 78, 77, -1,
      134, 77, 135, -1,
      135, 77, 76, -1,
      135, 76, 136, -1,
      81, 137, 138, -1,
      136, 76, 75, -1,
      136, 75, 139, -1,
      139, 75, 74, -1,
      139, 74, 138, -1,
      138, 74, 82, -1,
      138, 82, 81, -1,
      83, 99, 140, -1,
      137, 81, 80, -1,
      137, 80, 141, -1,
      141, 80, 86, -1,
      141, 86, 142, -1,
      142, 86, 85, -1,
      142, 85, 140, -1,
      140, 85, 84, -1,
      140, 84, 83, -1,
      123, 124, 125, -1,
      118, 131, 117, -1,
      117, 131, 132, -1,
      117, 132, 116, -1,
      116, 132, 133, -1,
      116, 133, 115, -1,
      123, 125, 122, -1,
      122, 125, 128, -1,
      122, 128, 121, -1,
      121, 128, 127, -1,
      121, 127, 120, -1,
      120, 127, 126, -1,
      120, 126, 119, -1,
      119, 126, 129, -1,
      119, 129, 118, -1,
      118, 129, 130, -1,
      118, 130, 131, -1,
      136, 114, 135, -1,
      135, 114, 115, -1,
      135, 115, 134, -1,
      134, 115, 133, -1,
      102, 103, 101, -1,
      101, 103, 104, -1,
      101, 104, 100, -1,
      100, 104, 105, -1,
      100, 105, 99, -1,
      99, 105, 106, -1,
      99, 106, 140, -1,
      140, 106, 107, -1,
      140, 107, 142, -1,
      142, 107, 108, -1,
      142, 108, 141, -1,
      141, 108, 109, -1,
      141, 109, 137, -1,
      137, 109, 110, -1,
      137, 110, 138, -1,
      138, 110, 111, -1,
      138, 111, 139, -1,
      139, 111, 112, -1,
      139, 112, 136, -1,
      136, 112, 113, -1,
      136, 113, 114, -1,
      143, 144, 29, -1,
      29, 144, 30, -1,
      31, 145, 32, -1,
      32, 145, 143, -1,
      32, 143, 29, -1,
      146, 145, 33, -1,
      33, 145, 31, -1,
      146, 33, 147, -1,
      147, 33, 34, -1,
      147, 34, 35, -1,
      148, 147, 36, -1,
      36, 147, 35, -1,
      5, 149, 6, -1,
      6, 149, 148, -1,
      6, 148, 36, -1,
      150, 149, 4, -1,
      4, 149, 5, -1,
      150, 4, 151, -1,
      151, 4, 37, -1,
      151, 37, 28, -1,
      152, 151, 26, -1,
      26, 151, 28, -1,
      38, 153, 27, -1,
      27, 153, 152, -1,
      27, 152, 26, -1,
      154, 153, 39, -1,
      39, 153, 38, -1,
      154, 39, 144, -1,
      144, 39, 43, -1,
      144, 43, 30, -1,
      154, 144, 143, -1,
      143, 145, 154, -1,
      154, 145, 146, -1,
      154, 146, 153, -1,
      151, 152, 150, -1,
      150, 152, 153, -1,
      150, 153, 149, -1,
      149, 153, 146, -1,
      149, 146, 148, -1,
      148, 146, 147, -1,
      155, 156, 157, -1,
      157, 156, 158, -1,
      157, 158, 159, -1,
      159, 158, 160, -1,
      159, 160, 161, -1,
      161, 160, 162, -1,
      161, 162, 163, -1,
      163, 162, 164, -1,
      163, 164, 165, -1,
      165, 164, 166, -1,
      165, 166, 167, -1,
      167, 166, 168, -1,
      167, 168, 169, -1,
      169, 168, 170, -1,
      169, 170, 171, -1,
      171, 170, 172, -1,
      171, 172, 173, -1,
      173, 172, 174, -1,
      173, 174, 175, -1,
      175, 174, 176, -1,
      175, 176, 177, -1,
      177, 176, 178, -1,
      177, 178, 179, -1,
      179, 178, 180, -1,
      179, 180, 181, -1,
      181, 180, 182, -1,
      181, 182, 183, -1,
      183, 182, 184, -1,
      183, 184, 185, -1,
      185, 184, 186, -1,
      185, 186, 187, -1,
      187, 186, 188, -1,
      187, 188, 189, -1,
      189, 188, 155, -1,
      189, 155, 157, -1,
      163, 165, 8, -1,
      8, 165, 10, -1,
      16, 157, 159, -1,
      163, 8, 7, -1,
      163, 7, 161, -1,
      161, 7, 18, -1,
      161, 18, 159, -1,
      159, 18, 17, -1,
      159, 17, 16, -1,
      157, 16, 13, -1,
      157, 13, 189, -1,
      189, 13, 12, -1,
      189, 12, 187, -1,
      187, 12, 25, -1,
      187, 25, 185, -1,
      185, 25, 24, -1,
      185, 24, 183, -1,
      183, 24, 23, -1,
      183, 23, 181, -1,
      181, 23, 15, -1,
      181, 15, 179, -1,
      179, 15, 14, -1,
      179, 14, 177, -1,
      177, 14, 19, -1,
      177, 19, 175, -1,
      9, 169, 171, -1,
      175, 19, 22, -1,
      175, 22, 173, -1,
      173, 22, 21, -1,
      173, 21, 171, -1,
      171, 21, 20, -1,
      171, 20, 9, -1,
      167, 169, 11, -1,
      11, 169, 9, -1,
      165, 167, 10, -1,
      10, 167, 11, -1,
      170, 168, 190, -1,
      190, 168, 191, -1,
      168, 166, 191, -1,
      191, 166, 192, -1,
      166, 164, 192, -1,
      192, 164, 193, -1,
      156, 194, 195, -1,
      156, 195, 158, -1,
      158, 195, 196, -1,
      158, 196, 160, -1,
      160, 196, 197, -1,
      160, 197, 162, -1,
      162, 197, 193, -1,
      162, 193, 164, -1,
      184, 198, 199, -1,
      184, 199, 186, -1,
      186, 199, 200, -1,
      186, 200, 188, -1,
      188, 200, 201, -1,
      188, 201, 155, -1,
      155, 201, 194, -1,
      155, 194, 156, -1,
      176, 202, 203, -1,
      176, 203, 178, -1,
      178, 203, 204, -1,
      178, 204, 180, -1,
      180, 204, 205, -1,
      180, 205, 182, -1,
      182, 205, 198, -1,
      182, 198, 184, -1,
      170, 190, 206, -1,
      170, 206, 172, -1,
      172, 206, 207, -1,
      172, 207, 174, -1,
      174, 207, 202, -1,
      174, 202, 176, -1,
    ]
  }
}

Shape {
  appearance Appearance {
    material Material {
      diffuseColor 0.2510 0.2510 0.2510
      specularColor 0.1255 0.1255 0.1255
      ambientIntensity 0.2
      transparency 0.0000
      shininess 0.5
    }
  }
  geometry IndexedFaceSet {
    ccw TRUE
    solid FALSE
    coord DEF co Coordinate {
      point [
        0.393701 0.130187 0.194935,
        0.393701 0.126154 0.194935,
        0.393701 0.126154 0.174358,
        0.393701 0.130030 0.174358,
        0.393701 0.137964 0.177141,
        0.393701 0.137473 0.176696,
        0.393701 0.135706 0.175538,
        0.393701 0.133424 0.174724,
        0.393701 0.140816 0.184906,
        0.393701 0.140728 0.183220,
        0.393701 0.140211 0.180774,
        0.393701 0.139293 0.178791,
        0.393701 0.137889 0.192424,
        0.393701 0.138765 0.191537,
        0.393701 0.139767 0.190002,
        0.393701 0.140486 0.187981,
        0.393701 0.133621 0.194556,
        0.393701 0.135937 0.193721,
      ]
    }
    coordIndex [
      1, 2, 0, -1,
      0, 2, 3, -1,
      0, 3, 7, -1,
      7, 6, 0, -1,
      0, 6, 5, -1,
      0, 5, 4, -1,
      4, 11, 0, -1,
      0, 11, 10, -1,
      0, 10, 9, -1,
      9, 8, 0, -1,
      0, 8, 15, -1,
      0, 15, 14, -1,
      14, 13, 0, -1,
      0, 13, 12, -1,
      0, 12, 16, -1,
      16, 12, 17, -1,
    ]
  }
}

Shape {
  appearance Appearance {
    material Material {
      diffuseColor 0.5020 0.5020 0.5020
      specularColor 0.2510 0.2510 0.2510
      ambientIntensity 0.2
      transparency 0.0000
      shininess 0.5
    }
  }
  geometry IndexedFaceSet {
    ccw TRUE
    solid FALSE
    coord DEF co Coordinate {
      point [
        0.393701 0.166128 0.171315,
        0.393701 0.163406 0.178615,
        0.393701 0.153612 0.178615,
        0.393701 0.169935 0.171315,
        0.393701 0.159769 0.198005,
        0.393701 0.152292 0.178615,
        0.393701 0.149726 0.171315,
        0.393701 0.145919 0.171315,
        0.393701 0.153612 0.191511,
        0.393701 0.156085 0.198005,
        0.397638 0.153383 0.181631,
        0.397638 0.152292 0.178615,
        0.397638 0.162341 0.181631,
        0.397638 0.163406 0.178615,
        0.397638 0.157374 0.192724,
        0.397638 0.156085 0.198005,
        0.397638 0.145919 0.171315,
        0.397638 0.149726 0.171315,
        0.397638 0.157606 0.193521,
        0.397638 0.157811 0.194594,
        0.397638 0.159769 0.198005,
        0.397638 0.157893 0.194594,
        0.397638 0.158109 0.193465,
        0.397638 0.158309 0.192724,
        0.397638 0.169935 0.171315,
        0.397638 0.166128 0.171315,
        0.393701 0.153383 0.181631,
        0.393701 0.162341 0.181631,
        0.393701 0.158309 0.192724,
        0.393701 0.157893 0.194594,
        0.393701 0.158109 0.193465,
        0.393701 0.157811 0.194594,
        0.393701 0.157374 0.192724,
        0.393701 0.157606 0.193521,
      ]
    }
    coordIndex [
      10, 11, 12, -1,
      12, 11, 13, -1,
      14, 15, 10, -1,
      10, 15, 16, -1,
      10, 16, 11, -1,
      11, 16, 17, -1,
      14, 18, 15, -1,
      15, 18, 19, -1,
      15, 19, 20, -1,
      20, 19, 21, -1,
      20, 21, 22, -1,
      22, 23, 20, -1,
      20, 23, 12, -1,
      20, 12, 24, -1,
      24, 12, 13, -1,
      24, 13, 25, -1,
      20, 24, 4, -1,
      4, 24, 3, -1,
      15, 20, 9, -1,
      9, 20, 4, -1,
      7, 16, 8, -1,
      8, 16, 15, -1,
      8, 15, 9, -1,
      17, 16, 6, -1,
      6, 16, 7, -1,
      11, 17, 5, -1,
      5, 17, 6, -1,
      1, 13, 2, -1,
      2, 13, 11, -1,
      2, 11, 5, -1,
      25, 13, 0, -1,
      0, 13, 1, -1,
      24, 25, 3, -1,
      3, 25, 0, -1,
      10, 12, 26, -1,
      26, 12, 27, -1,
      12, 23, 27, -1,
      27, 23, 28, -1,
      21, 29, 30, -1,
      21, 30, 22, -1,
      22, 30, 28, -1,
      22, 28, 23, -1,
      21, 19, 29, -1,
      29, 19, 31, -1,
      14, 32, 33, -1,
      14, 33, 18, -1,
      18, 33, 31, -1,
      18, 31, 19, -1,
      14, 10, 32, -1,
      32, 10, 26, -1,
    ]
  }
}

Shape {
  appearance Appearance {
    material Material {
      diffuseColor 0.2510 0.2510 0.2510
      specularColor 0.1255 0.1255 0.1255
      ambientIntensity 0.2
      transparency 0.0000
      shininess 0.5
    }
  }
  geometry IndexedFaceSet {
    ccw TRUE
    solid FALSE
    coord DEF co Coordinate {
      point [
        0.393701 0.153383 0.181631,
        0.393701 0.162341 0.181631,
        0.393701 0.158309 0.192724,
        0.393701 0.157893 0.194594,
        0.393701 0.158109 0.193465,
        0.393701 0.157811 0.194594,
        0.393701 0.157374 0.192724,
        0.393701 0.157606 0.193521,
      ]
    }
    coordIndex [
      3, 5, 4, -1,
      4, 5, 7, -1,
      4, 7, 2, -1,
      2, 7, 6, -1,
      2, 6, 1, -1,
      1, 6, 0, -1,
    ]
  }
}

Shape {
  appearance Appearance {
    material Material {
      diffuseColor 0.5020 0.5020 0.5020
      specularColor 0.2510 0.2510 0.2510
      ambientIntensity 0.2
      transparency 0.0000
      shininess 0.5
    }
  }
  geometry IndexedFaceSet {
    ccw TRUE
    solid FALSE
    coord DEF co Coordinate {
      point [
        0.393701 0.081719 0.138055,
        0.393701 0.082238 0.143452,
        0.393701 0.081052 0.137096,
        0.393701 0.080595 0.135917,
        0.393701 0.090666 0.129977,
        0.393701 0.089447 0.129178,
        0.393701 0.092349 0.128974,
        0.393701 0.088220 0.128749,
        0.393701 0.095692 0.128974,
        0.393701 0.084391 0.128764,
        0.393701 0.083114 0.129252,
        0.393701 0.080962 0.131395,
        0.393701 0.080550 0.132517,
        0.393701 0.089635 0.145635,
        0.393701 0.088487 0.145758,
        0.393701 0.086700 0.140300,
        0.393701 0.085392 0.148057,
        0.393701 0.082909 0.147089,
        0.393701 0.082238 0.146699,
        0.393701 0.082742 0.138944,
        0.393701 0.084163 0.139674,
        0.393701 0.084554 0.144906,
        0.393701 0.086648 0.145582,
        0.393701 0.082013 0.130025,
        0.393701 0.081663 0.130377,
        0.393701 0.092349 0.131922,
        0.393701 0.092260 0.131922,
        0.393701 0.091724 0.131108,
        0.393701 0.095692 0.141241,
        0.393701 0.093312 0.147245,
        0.393701 0.094208 0.146398,
        0.393701 0.080375 0.134078,
        0.393701 0.080384 0.134471,
        0.393701 0.092349 0.141091,
        0.393701 0.092236 0.142547,
        0.393701 0.091893 0.143746,
        0.393701 0.091501 0.144438,
        0.393701 0.094895 0.145326,
        0.393701 0.095423 0.143819,
        0.393701 0.088801 0.148473,
        0.393701 0.090779 0.148298,
        0.393701 0.092197 0.147875,
        0.393701 0.090998 0.144978,
        0.393701 0.090407 0.145363,
        0.393701 0.084508 0.128749,
        0.393701 0.086310 0.128524,
        0.393701 0.088080 0.128700,
        0.393701 0.086420 0.128524,
        0.393701 0.077175 0.128974,
        0.393701 0.062820 0.128974,
        0.393701 0.077175 0.132017,
        0.393701 0.076568 0.152594,
        0.393701 0.066266 0.140996,
        0.393701 0.066266 0.132017,
        0.393701 0.075811 0.140996,
        0.393701 0.075811 0.144052,
        0.393701 0.066266 0.144052,
        0.393701 0.066266 0.152594,
        0.393701 0.062820 0.155664,
        0.393701 0.076568 0.155664,
        0.397638 0.077175 0.132017,
        0.397638 0.077175 0.128974,
        0.397638 0.066266 0.132017,
        0.397638 0.066266 0.140996,
        0.397638 0.075811 0.140996,
        0.397638 0.075811 0.144052,
        0.397638 0.066266 0.144052,
        0.397638 0.066266 0.152594,
        0.397638 0.076568 0.152594,
        0.397638 0.076568 0.155664,
        0.397638 0.062820 0.155664,
        0.397638 0.062820 0.128974,
        0.397638 0.095692 0.141241,
        0.397638 0.092349 0.138539,
        0.397638 0.092349 0.136711,
        0.397638 0.092260 0.131922,
        0.397638 0.092349 0.131922,
        0.397638 0.092163 0.135122,
        0.397638 0.092349 0.128974,
        0.397638 0.095692 0.128974,
        0.397638 0.083794 0.134881,
        0.397638 0.083959 0.135646,
        0.397638 0.081052 0.137096,
        0.397638 0.084450 0.132412,
        0.397638 0.082013 0.130025,
        0.397638 0.084735 0.132126,
        0.397638 0.083114 0.129252,
        0.397638 0.085401 0.131671,
        0.397638 0.084391 0.128764,
        0.397638 0.086157 0.131394,
        0.397638 0.081719 0.138055,
        0.397638 0.084253 0.136270,
        0.397638 0.082742 0.138944,
        0.397638 0.084653 0.136766,
        0.397638 0.084163 0.139674,
        0.397638 0.086310 0.128524,
        0.397638 0.086420 0.128524,
        0.397638 0.087286 0.131267,
        0.397638 0.088080 0.128700,
        0.397638 0.088669 0.131440,
        0.397638 0.089447 0.129178,
        0.397638 0.089665 0.131834,
        0.397638 0.090666 0.129977,
        0.397638 0.090590 0.132496,
        0.397638 0.091724 0.131108,
        0.397638 0.090916 0.132822,
        0.397638 0.091700 0.133913,
        0.397638 0.085082 0.137096,
        0.397638 0.085870 0.137472,
        0.397638 0.086700 0.140300,
        0.397638 0.087887 0.137939,
        0.397638 0.092349 0.141091,
        0.397638 0.080595 0.135917,
        0.397638 0.080384 0.134471,
        0.397638 0.083766 0.134350,
        0.397638 0.080375 0.134078,
        0.397638 0.083851 0.133583,
        0.397638 0.080550 0.132517,
        0.397638 0.084070 0.132976,
        0.397638 0.080962 0.131395,
        0.397638 0.081663 0.130377,
        0.397638 0.082238 0.146699,
        0.397638 0.082238 0.143452,
        0.397638 0.082909 0.147089,
        0.397638 0.084554 0.144906,
        0.397638 0.085392 0.148057,
        0.397638 0.086648 0.145582,
        0.397638 0.088801 0.148473,
        0.397638 0.088487 0.145758,
        0.397638 0.090779 0.148298,
        0.397638 0.089635 0.145635,
        0.397638 0.092197 0.147875,
        0.397638 0.090407 0.145363,
        0.397638 0.093312 0.147245,
        0.397638 0.090998 0.144978,
        0.397638 0.094208 0.146398,
        0.397638 0.091501 0.144438,
        0.397638 0.094895 0.145326,
        0.397638 0.091893 0.143746,
        0.397638 0.095423 0.143819,
        0.397638 0.092236 0.142547,
        0.393701 0.084653 0.136766,
        0.393701 0.085082 0.137096,
        0.393701 0.085870 0.137472,
        0.393701 0.087887 0.137939,
        0.393701 0.083766 0.134350,
        0.393701 0.083794 0.134881,
        0.393701 0.083959 0.135646,
        0.393701 0.084253 0.136270,
        0.393701 0.084735 0.132126,
        0.393701 0.084450 0.132412,
        0.393701 0.084070 0.132976,
        0.393701 0.083851 0.133583,
        0.393701 0.087286 0.131267,
        0.393701 0.086157 0.131394,
        0.393701 0.085401 0.131671,
        0.393701 0.090916 0.132822,
        0.393701 0.090590 0.132496,
        0.393701 0.089665 0.131834,
        0.393701 0.088669 0.131440,
        0.393701 0.092349 0.136711,
        0.393701 0.092163 0.135122,
        0.393701 0.091700 0.133913,
        0.393701 0.092349 0.138539,
      ]
    }
    coordIndex [
      60, 61, 50, -1,
      50, 61, 48, -1,
      62, 60, 53, -1,
      53, 60, 50, -1,
      63, 62, 52, -1,
      52, 62, 53, -1,
      64, 63, 54, -1,
      54, 63, 52, -1,
      65, 64, 55, -1,
      55, 64, 54, -1,
      66, 65, 56, -1,
      56, 65, 55, -1,
      67, 66, 57, -1,
      57, 66, 56, -1,
      68, 67, 51, -1,
      51, 67, 57, -1,
      69, 68, 59, -1,
      59, 68, 51, -1,
      70, 69, 58, -1,
      58, 69, 59, -1,
      71, 70, 49, -1,
      49, 70, 58, -1,
      61, 71, 48, -1,
      48, 71, 49, -1,
      71, 61, 60, -1,
      60, 62, 71, -1,
      71, 62, 63, -1,
      71, 63, 70, -1,
      68, 69, 67, -1,
      67, 69, 70, -1,
      67, 70, 66, -1,
      66, 70, 63, -1,
      66, 63, 65, -1,
      65, 63, 64, -1,
      72, 73, 74, -1,
      75, 76, 77, -1,
      78, 79, 76, -1,
      76, 79, 72, -1,
      76, 72, 77, -1,
      77, 72, 74, -1,
      80, 81, 82, -1,
      83, 84, 85, -1,
      85, 84, 86, -1,
      85, 86, 87, -1,
      87, 86, 88, -1,
      87, 88, 89, -1,
      82, 81, 90, -1,
      90, 81, 91, -1,
      90, 91, 92, -1,
      92, 91, 93, -1,
      92, 93, 94, -1,
      88, 95, 89, -1,
      89, 95, 96, -1,
      89, 96, 97, -1,
      97, 96, 98, -1,
      97, 98, 99, -1,
      99, 98, 100, -1,
      99, 100, 101, -1,
      101, 100, 102, -1,
      101, 102, 103, -1,
      103, 102, 104, -1,
      103, 104, 105, -1,
      105, 104, 75, -1,
      105, 75, 106, -1,
      106, 75, 77, -1,
      93, 107, 94, -1,
      94, 107, 108, -1,
      94, 108, 109, -1,
      109, 108, 110, -1,
      109, 110, 111, -1,
      82, 112, 80, -1,
      80, 112, 113, -1,
      80, 113, 114, -1,
      114, 113, 115, -1,
      114, 115, 116, -1,
      116, 115, 117, -1,
      116, 117, 118, -1,
      118, 117, 119, -1,
      118, 119, 83, -1,
      83, 119, 120, -1,
      83, 120, 84, -1,
      121, 122, 123, -1,
      123, 122, 124, -1,
      123, 124, 125, -1,
      125, 124, 126, -1,
      125, 126, 127, -1,
      127, 126, 128, -1,
      127, 128, 129, -1,
      129, 128, 130, -1,
      129, 130, 131, -1,
      131, 130, 132, -1,
      131, 132, 133, -1,
      133, 132, 134, -1,
      133, 134, 135, -1,
      135, 134, 136, -1,
      135, 136, 137, -1,
      137, 136, 138, -1,
      137, 138, 139, -1,
      139, 138, 140, -1,
      139, 140, 72, -1,
      72, 140, 111, -1,
      72, 111, 73, -1,
      73, 111, 110, -1,
      127, 39, 16, -1,
      127, 16, 125, -1,
      125, 16, 17, -1,
      125, 17, 123, -1,
      123, 17, 18, -1,
      123, 18, 121, -1,
      122, 121, 1, -1,
      1, 121, 18, -1,
      122, 1, 21, -1,
      122, 21, 124, -1,
      124, 21, 22, -1,
      124, 22, 126, -1,
      126, 22, 14, -1,
      126, 14, 128, -1,
      128, 14, 13, -1,
      128, 13, 130, -1,
      130, 13, 43, -1,
      130, 43, 132, -1,
      132, 43, 42, -1,
      132, 42, 134, -1,
      134, 42, 36, -1,
      134, 36, 136, -1,
      136, 36, 35, -1,
      136, 35, 138, -1,
      138, 35, 34, -1,
      138, 34, 140, -1,
      140, 34, 33, -1,
      140, 33, 111, -1,
      109, 111, 15, -1,
      15, 111, 33, -1,
      109, 15, 20, -1,
      109, 20, 94, -1,
      94, 20, 19, -1,
      94, 19, 92, -1,
      92, 19, 0, -1,
      92, 0, 90, -1,
      90, 0, 2, -1,
      90, 2, 82, -1,
      82, 2, 3, -1,
      82, 3, 112, -1,
      112, 3, 32, -1,
      112, 32, 113, -1,
      113, 32, 31, -1,
      113, 31, 115, -1,
      115, 31, 12, -1,
      115, 12, 117, -1,
      117, 12, 11, -1,
      117, 11, 119, -1,
      119, 11, 24, -1,
      119, 24, 120, -1,
      120, 24, 23, -1,
      120, 23, 84, -1,
      47, 96, 95, -1,
      84, 23, 10, -1,
      84, 10, 86, -1,
      86, 10, 9, -1,
      86, 9, 88, -1,
      88, 9, 44, -1,
      88, 44, 95, -1,
      95, 44, 45, -1,
      95, 45, 47, -1,
      96, 47, 46, -1,
      96, 46, 98, -1,
      98, 46, 7, -1,
      98, 7, 100, -1,
      7, 5, 100, -1,
      100, 5, 4, -1,
      100, 4, 102, -1,
      102, 4, 27, -1,
      102, 27, 104, -1,
      104, 27, 26, -1,
      104, 26, 75, -1,
      76, 75, 25, -1,
      25, 75, 26, -1,
      78, 76, 6, -1,
      6, 76, 25, -1,
      79, 78, 8, -1,
      8, 78, 6, -1,
      72, 79, 28, -1,
      28, 79, 8, -1,
      72, 28, 38, -1,
      72, 38, 139, -1,
      139, 38, 37, -1,
      139, 37, 137, -1,
      137, 37, 30, -1,
      137, 30, 135, -1,
      135, 30, 29, -1,
      135, 29, 133, -1,
      133, 29, 41, -1,
      133, 41, 131, -1,
      131, 41, 40, -1,
      131, 40, 129, -1,
      129, 40, 39, -1,
      129, 39, 127, -1,
      93, 141, 142, -1,
      93, 142, 107, -1,
      107, 142, 143, -1,
      107, 143, 108, -1,
      108, 143, 144, -1,
      108, 144, 110, -1,
      114, 145, 146, -1,
      114, 146, 80, -1,
      80, 146, 147, -1,
      80, 147, 81, -1,
      81, 147, 148, -1,
      81, 148, 91, -1,
      91, 148, 141, -1,
      91, 141, 93, -1,
      85, 149, 150, -1,
      85, 150, 83, -1,
      83, 150, 151, -1,
      83, 151, 118, -1,
      118, 151, 152, -1,
      118, 152, 116, -1,
      116, 152, 145, -1,
      116, 145, 114, -1,
      97, 153, 154, -1,
      97, 154, 89, -1,
      89, 154, 155, -1,
      89, 155, 87, -1,
      87, 155, 149, -1,
      87, 149, 85, -1,
      105, 156, 157, -1,
      105, 157, 103, -1,
      103, 157, 158, -1,
      103, 158, 101, -1,
      101, 158, 159, -1,
      101, 159, 99, -1,
      99, 159, 153, -1,
      99, 153, 97, -1,
      74, 160, 161, -1,
      74, 161, 77, -1,
      77, 161, 162, -1,
      77, 162, 106, -1,
      106, 162, 156, -1,
      106, 156, 105, -1,
      74, 73, 160, -1,
      160, 73, 163, -1,
      73, 110, 163, -1,
      163, 110, 144, -1,
    ]
  }
}

Shape {
  appearance Appearance {
    material Material {
      diffuseColor 0.2510 0.2510 0.2510
      specularColor 0.1255 0.1255 0.1255
      ambientIntensity 0.2
      transparency 0.0000
      shininess 0.5
    }
  }
  geometry IndexedFaceSet {
    ccw TRUE
    solid FALSE
    coord DEF co Coordinate {
      point [
        0.393701 0.084653 0.136766,
        0.393701 0.085082 0.137096,
        0.393701 0.085870 0.137472,
        0.393701 0.087887 0.137939,
        0.393701 0.083766 0.134350,
        0.393701 0.083794 0.134881,
        0.393701 0.083959 0.135646,
        0.393701 0.084253 0.136270,
        0.393701 0.084735 0.132126,
        0.393701 0.084450 0.132412,
        0.393701 0.084070 0.132976,
        0.393701 0.083851 0.133583,
        0.393701 0.087286 0.131267,
        0.393701 0.086157 0.131394,
        0.393701 0.085401 0.131671,
        0.393701 0.090916 0.132822,
        0.393701 0.090590 0.132496,
        0.393701 0.089665 0.131834,
        0.393701 0.088669 0.131440,
        0.393701 0.092349 0.136711,
        0.393701 0.092163 0.135122,
        0.393701 0.091700 0.133913,
        0.393701 0.092349 0.138539,
      ]
    }
    coordIndex [
      19, 22, 3, -1,
      16, 15, 3, -1,
      2, 1, 18, -1,
      2, 18, 3, -1,
      3, 18, 17, -1,
      3, 17, 16, -1,
      15, 21, 3, -1,
      3, 21, 20, -1,
      3, 20, 19, -1,
      1, 0, 18, -1,
      18, 0, 7, -1,
      18, 7, 6, -1,
      6, 5, 18, -1,
      18, 5, 4, -1,
      18, 4, 11, -1,
      14, 13, 8, -1,
      8, 13, 12, -1,
      8, 12, 18, -1,
      11, 10, 18, -1,
      18, 10, 9, -1,
      18, 9, 8, -1,
    ]
  }
}

Shape {
  appearance Appearance {
    material Material {
      diffuseColor 0.5020 0.5020 0.5020
      specularColor 0.2510 0.2510 0.2510
      ambientIntensity 0.2
      transparency 0.0000
      shininess 0.5
    }
  }
  geometry IndexedFaceSet {
    ccw TRUE
    solid FALSE
    coord DEF co Coordinate {
      point [
        0.393701 0.120416 0.120689,
        0.393701 0.120188 0.120599,
        0.393701 0.108434 0.128888,
        0.393701 0.107273 0.128749,
        0.393701 0.102564 0.128819,
        0.393701 0.101767 0.129099,
        0.393701 0.140181 0.140996,
        0.393701 0.140181 0.132017,
        0.393701 0.145179 0.132017,
        0.393701 0.151091 0.132017,
        0.393701 0.151091 0.128974,
        0.393701 0.150484 0.155664,
        0.393701 0.150484 0.152594,
        0.393701 0.149726 0.144052,
        0.393701 0.149726 0.140996,
        0.393701 0.145179 0.140996,
        0.393701 0.145179 0.152594,
        0.393701 0.145179 0.144052,
        0.393701 0.140181 0.152594,
        0.393701 0.140181 0.144052,
        0.393701 0.145179 0.128974,
        0.393701 0.136736 0.128974,
        0.393701 0.136736 0.155664,
        0.393701 0.101738 0.139305,
        0.393701 0.100222 0.133095,
        0.393701 0.101767 0.139285,
        0.393701 0.101424 0.132342,
        0.393701 0.101767 0.132208,
        0.393701 0.101191 0.139877,
        0.393701 0.100222 0.129643,
        0.393701 0.100724 0.145069,
        0.393701 0.100352 0.143989,
        0.393701 0.100807 0.140472,
        0.393701 0.100417 0.141472,
        0.393701 0.100243 0.142892,
        0.393701 0.103235 0.128749,
        0.393701 0.105393 0.128524,
        0.393701 0.112182 0.147627,
        0.393701 0.112182 0.144380,
        0.393701 0.111977 0.137311,
        0.393701 0.112541 0.136506,
        0.393701 0.112583 0.131866,
        0.393701 0.111990 0.130974,
        0.393701 0.101317 0.145978,
        0.393701 0.101767 0.146391,
        0.393701 0.102385 0.146959,
        0.393701 0.103196 0.147458,
        0.393701 0.104985 0.148151,
        0.393701 0.107665 0.148473,
        0.393701 0.110011 0.148265,
        0.393701 0.110947 0.130039,
        0.393701 0.110187 0.129570,
        0.393701 0.112923 0.135542,
        0.393701 0.113096 0.134159,
        0.393701 0.112965 0.132933,
        0.393701 0.107338 0.145758,
        0.393701 0.106348 0.145683,
        0.393701 0.103688 0.143193,
        0.393701 0.105454 0.145447,
        0.393701 0.104704 0.145048,
        0.393701 0.103718 0.142748,
        0.393701 0.103851 0.142228,
        0.393701 0.104092 0.141778,
        0.393701 0.104418 0.141419,
        0.393701 0.105596 0.140682,
        0.393701 0.109674 0.145473,
        0.393701 0.107665 0.139781,
        0.393701 0.111566 0.144740,
        0.393701 0.108960 0.139257,
        0.393701 0.111180 0.138022,
        0.393701 0.104200 0.144602,
        0.393701 0.103913 0.144177,
        0.393701 0.103748 0.143726,
        0.393701 0.103515 0.131525,
        0.393701 0.105305 0.137352,
        0.393701 0.103312 0.138266,
        0.393701 0.105721 0.131253,
        0.393701 0.105869 0.131254,
        0.393701 0.107500 0.136433,
        0.393701 0.107582 0.131446,
        0.393701 0.109664 0.133832,
        0.393701 0.109631 0.134248,
        0.393701 0.108445 0.131762,
        0.393701 0.108750 0.131946,
        0.393701 0.109133 0.132287,
        0.393701 0.109425 0.132719,
        0.393701 0.109595 0.133194,
        0.393701 0.109480 0.134770,
        0.393701 0.109221 0.135213,
        0.393701 0.108805 0.135647,
        0.393701 0.129668 0.148037,
        0.393701 0.133134 0.148037,
        0.393701 0.145179 0.155664,
        0.393701 0.125529 0.128749,
        0.393701 0.123555 0.133709,
        0.393701 0.123965 0.132140,
        0.393701 0.124053 0.132140,
        0.393701 0.120188 0.143395,
        0.393701 0.124463 0.133682,
        0.393701 0.124207 0.132793,
        0.393701 0.120188 0.134421,
        0.393701 0.114836 0.148037,
        0.393701 0.118574 0.148037,
        0.393701 0.122313 0.129015,
        0.393701 0.122201 0.128749,
        0.393701 0.120846 0.125549,
        0.393701 0.115525 0.120269,
        0.393701 0.115525 0.123243,
        0.393701 0.116209 0.123019,
        0.393701 0.117422 0.122861,
        0.393701 0.118061 0.122917,
        0.393701 0.118797 0.123147,
        0.393701 0.119423 0.123530,
        0.393701 0.119104 0.120169,
        0.393701 0.117681 0.119996,
        0.393701 0.116943 0.120022,
        0.393701 0.120097 0.124220,
        0.393701 0.120188 0.124381,
        0.393701 0.121576 0.121520,
        0.393701 0.124483 0.126095,
        0.393701 0.122951 0.123120,
        0.393701 0.156133 0.128974,
        0.393701 0.156133 0.155664,
        0.393701 0.163474 0.128974,
        0.393701 0.175825 0.135080,
        0.393701 0.173837 0.132713,
        0.393701 0.171080 0.130730,
        0.393701 0.168044 0.129536,
        0.393701 0.173837 0.152130,
        0.393701 0.174760 0.151229,
        0.393701 0.176417 0.148908,
        0.393701 0.177410 0.146368,
        0.393701 0.163747 0.155664,
        0.393701 0.167820 0.155215,
        0.393701 0.171042 0.154038,
        0.393701 0.177863 0.142660,
        0.393701 0.177783 0.140967,
        0.393701 0.177138 0.137841,
        0.397638 0.100222 0.133095,
        0.397638 0.101424 0.132342,
        0.397638 0.105721 0.131253,
        0.397638 0.103515 0.131525,
        0.397638 0.100222 0.129643,
        0.397638 0.102564 0.128819,
        0.397638 0.105393 0.128524,
        0.397638 0.108434 0.128888,
        0.397638 0.110187 0.129570,
        0.397638 0.110947 0.130039,
        0.397638 0.111990 0.130974,
        0.397638 0.112583 0.131866,
        0.397638 0.112965 0.132933,
        0.397638 0.113096 0.134159,
        0.397638 0.112923 0.135542,
        0.397638 0.112541 0.136506,
        0.397638 0.111977 0.137311,
        0.397638 0.111180 0.138022,
        0.397638 0.108960 0.139257,
        0.397638 0.107665 0.139781,
        0.397638 0.105596 0.140682,
        0.397638 0.104418 0.141419,
        0.397638 0.104092 0.141778,
        0.397638 0.103851 0.142228,
        0.397638 0.103718 0.142748,
        0.397638 0.103688 0.143193,
        0.397638 0.103748 0.143726,
        0.397638 0.103913 0.144177,
        0.397638 0.104200 0.144602,
        0.397638 0.104704 0.145048,
        0.397638 0.105454 0.145447,
        0.397638 0.106348 0.145683,
        0.397638 0.107338 0.145758,
        0.397638 0.109674 0.145473,
        0.397638 0.111566 0.144740,
        0.397638 0.112182 0.144380,
        0.397638 0.112182 0.147627,
        0.397638 0.110011 0.148265,
        0.397638 0.107665 0.148473,
        0.397638 0.104985 0.148151,
        0.397638 0.103196 0.147458,
        0.397638 0.102385 0.146959,
        0.397638 0.101317 0.145978,
        0.397638 0.100724 0.145069,
        0.397638 0.100352 0.143989,
        0.397638 0.100243 0.142892,
        0.397638 0.100417 0.141472,
        0.397638 0.100807 0.140472,
        0.397638 0.101191 0.139877,
        0.397638 0.105305 0.137352,
        0.397638 0.103312 0.138266,
        0.397638 0.101738 0.139305,
        0.397638 0.107500 0.136433,
        0.397638 0.108805 0.135647,
        0.397638 0.109221 0.135213,
        0.397638 0.109480 0.134770,
        0.397638 0.109631 0.134248,
        0.397638 0.109664 0.133832,
        0.397638 0.109595 0.133194,
        0.397638 0.109425 0.132719,
        0.397638 0.109133 0.132287,
        0.397638 0.108750 0.131946,
        0.397638 0.108445 0.131762,
        0.397638 0.107582 0.131446,
        0.397638 0.105869 0.131254,
        0.397638 0.129668 0.148037,
        0.397638 0.133134 0.148037,
        0.397638 0.124463 0.133682,
        0.397638 0.124207 0.132793,
        0.397638 0.124053 0.132140,
        0.397638 0.123965 0.132140,
        0.397638 0.123555 0.133709,
        0.397638 0.118574 0.148037,
        0.397638 0.114836 0.148037,
        0.397638 0.122313 0.129015,
        0.397638 0.120846 0.125549,
        0.397638 0.120097 0.124220,
        0.397638 0.119423 0.123530,
        0.397638 0.118797 0.123147,
        0.397638 0.118061 0.122917,
        0.397638 0.117422 0.122861,
        0.397638 0.116209 0.123019,
        0.397638 0.115525 0.123243,
        0.397638 0.115525 0.120269,
        0.397638 0.116943 0.120022,
        0.397638 0.117681 0.119996,
        0.397638 0.119104 0.120169,
        0.397638 0.120416 0.120689,
        0.397638 0.121576 0.121520,
        0.397638 0.122951 0.123120,
        0.397638 0.124483 0.126095,
        0.397638 0.151091 0.132017,
        0.397638 0.151091 0.128974,
        0.397638 0.140181 0.132017,
        0.397638 0.140181 0.140996,
        0.397638 0.149726 0.140996,
        0.397638 0.149726 0.144052,
        0.397638 0.140181 0.144052,
        0.397638 0.140181 0.152594,
        0.397638 0.150484 0.152594,
        0.397638 0.150484 0.155664,
        0.397638 0.136736 0.155664,
        0.397638 0.136736 0.128974,
        0.397638 0.172717 0.136450,
        0.397638 0.171388 0.134801,
        0.397638 0.173837 0.132713,
        0.397638 0.170897 0.134355,
        0.397638 0.171080 0.130730,
        0.397638 0.169130 0.133197,
        0.397638 0.168044 0.129536,
        0.397638 0.166847 0.132383,
        0.397638 0.163474 0.128974,
        0.397638 0.163454 0.132017,
        0.397638 0.156133 0.128974,
        0.397638 0.159578 0.132017,
        0.397638 0.156133 0.155664,
        0.397638 0.159578 0.152594,
        0.397638 0.163747 0.155664,
        0.397638 0.163610 0.152594,
        0.397638 0.167820 0.155215,
        0.397638 0.167044 0.152215,
        0.397638 0.171042 0.154038,
        0.397638 0.169360 0.151380,
        0.397638 0.173837 0.152130,
        0.397638 0.171313 0.150083,
        0.397638 0.174760 0.151229,
        0.397638 0.172189 0.149197,
        0.397638 0.176417 0.148908,
        0.397638 0.173191 0.147661,
        0.397638 0.177410 0.146368,
        0.397638 0.173910 0.145641,
        0.397638 0.177863 0.142660,
        0.397638 0.174240 0.142565,
        0.397638 0.177783 0.140967,
        0.397638 0.174152 0.140879,
        0.397638 0.177138 0.137841,
        0.397638 0.173635 0.138433,
        0.397638 0.175825 0.135080,
        0.393701 0.163610 0.152594,
        0.393701 0.159578 0.152594,
        0.393701 0.159578 0.132017,
        0.393701 0.163454 0.132017,
        0.393701 0.171388 0.134801,
        0.393701 0.170897 0.134355,
        0.393701 0.169130 0.133197,
        0.393701 0.166847 0.132383,
        0.393701 0.174240 0.142565,
        0.393701 0.174152 0.140879,
        0.393701 0.173635 0.138433,
        0.393701 0.172717 0.136450,
        0.393701 0.171313 0.150083,
        0.393701 0.172189 0.149197,
        0.393701 0.173191 0.147661,
        0.393701 0.173910 0.145641,
        0.393701 0.167044 0.152215,
        0.393701 0.169360 0.151380,
      ]
    }
    coordIndex [
      24, 138, 139, -1,
      140, 76, 73, -1,
      140, 73, 141, -1,
      141, 73, 27, -1,
      141, 27, 139, -1,
      139, 27, 26, -1,
      139, 26, 24, -1,
      142, 138, 29, -1,
      29, 138, 24, -1,
      29, 5, 142, -1,
      142, 5, 143, -1,
      36, 144, 35, -1,
      35, 144, 143, -1,
      35, 143, 4, -1,
      4, 143, 5, -1,
      36, 3, 144, -1,
      144, 3, 145, -1,
      3, 2, 145, -1,
      145, 2, 51, -1,
      145, 51, 146, -1,
      146, 51, 50, -1,
      146, 50, 147, -1,
      147, 50, 42, -1,
      147, 42, 148, -1,
      148, 42, 41, -1,
      148, 41, 149, -1,
      149, 41, 54, -1,
      149, 54, 150, -1,
      150, 54, 53, -1,
      150, 53, 151, -1,
      151, 53, 52, -1,
      151, 52, 152, -1,
      152, 52, 40, -1,
      152, 40, 153, -1,
      153, 40, 39, -1,
      153, 39, 154, -1,
      154, 39, 69, -1,
      154, 69, 155, -1,
      155, 69, 68, -1,
      155, 68, 156, -1,
      156, 68, 66, -1,
      156, 66, 157, -1,
      157, 66, 64, -1,
      157, 64, 158, -1,
      158, 64, 63, -1,
      158, 63, 159, -1,
      159, 63, 62, -1,
      159, 62, 160, -1,
      160, 62, 61, -1,
      160, 61, 161, -1,
      161, 61, 60, -1,
      161, 60, 162, -1,
      162, 60, 57, -1,
      162, 57, 163, -1,
      163, 57, 72, -1,
      163, 72, 164, -1,
      164, 72, 71, -1,
      164, 71, 165, -1,
      165, 71, 70, -1,
      165, 70, 166, -1,
      166, 70, 59, -1,
      166, 59, 167, -1,
      167, 59, 58, -1,
      167, 58, 168, -1,
      168, 58, 56, -1,
      168, 56, 169, -1,
      169, 56, 55, -1,
      169, 55, 170, -1,
      170, 55, 65, -1,
      170, 65, 171, -1,
      171, 65, 67, -1,
      171, 67, 172, -1,
      172, 67, 38, -1,
      172, 38, 173, -1,
      174, 173, 37, -1,
      37, 173, 38, -1,
      174, 37, 49, -1,
      174, 49, 175, -1,
      175, 49, 48, -1,
      175, 48, 176, -1,
      176, 48, 47, -1,
      176, 47, 177, -1,
      177, 47, 46, -1,
      177, 46, 178, -1,
      178, 46, 45, -1,
      178, 45, 179, -1,
      45, 44, 179, -1,
      179, 44, 180, -1,
      44, 43, 180, -1,
      180, 43, 30, -1,
      180, 30, 181, -1,
      181, 30, 31, -1,
      181, 31, 182, -1,
      182, 31, 34, -1,
      182, 34, 183, -1,
      183, 34, 33, -1,
      183, 33, 184, -1,
      184, 33, 32, -1,
      184, 32, 185, -1,
      185, 32, 28, -1,
      185, 28, 186, -1,
      74, 187, 188, -1,
      186, 28, 23, -1,
      186, 23, 189, -1,
      189, 23, 25, -1,
      189, 25, 188, -1,
      188, 25, 75, -1,
      188, 75, 74, -1,
      187, 74, 78, -1,
      187, 78, 190, -1,
      190, 78, 89, -1,
      190, 89, 191, -1,
      191, 89, 88, -1,
      191, 88, 192, -1,
      192, 88, 87, -1,
      192, 87, 193, -1,
      193, 87, 81, -1,
      193, 81, 194, -1,
      194, 81, 80, -1,
      194, 80, 195, -1,
      195, 80, 86, -1,
      195, 86, 196, -1,
      196, 86, 85, -1,
      196, 85, 197, -1,
      197, 85, 84, -1,
      197, 84, 198, -1,
      198, 84, 83, -1,
      198, 83, 199, -1,
      199, 83, 82, -1,
      199, 82, 200, -1,
      200, 82, 79, -1,
      200, 79, 201, -1,
      201, 79, 77, -1,
      201, 77, 202, -1,
      202, 77, 76, -1,
      202, 76, 140, -1,
      165, 166, 179, -1,
      179, 166, 178, -1,
      178, 166, 167, -1,
      178, 167, 177, -1,
      197, 148, 149, -1,
      190, 157, 187, -1,
      187, 157, 158, -1,
      197, 149, 196, -1,
      196, 149, 150, -1,
      196, 150, 195, -1,
      195, 150, 151, -1,
      195, 151, 194, -1,
      194, 151, 152, -1,
      194, 152, 193, -1,
      193, 152, 153, -1,
      193, 153, 192, -1,
      192, 153, 154, -1,
      192, 154, 191, -1,
      191, 154, 155, -1,
      191, 155, 190, -1,
      190, 155, 156, -1,
      190, 156, 157, -1,
      148, 197, 147, -1,
      147, 197, 198, -1,
      147, 198, 146, -1,
      144, 140, 143, -1,
      143, 140, 141, -1,
      143, 141, 142, -1,
      142, 141, 139, -1,
      142, 139, 138, -1,
      167, 168, 177, -1,
      177, 168, 169, -1,
      177, 169, 176, -1,
      176, 169, 170, -1,
      176, 170, 175, -1,
      175, 170, 171, -1,
      175, 171, 174, -1,
      174, 171, 172, -1,
      174, 172, 173, -1,
      198, 199, 146, -1,
      146, 199, 200, -1,
      146, 200, 145, -1,
      145, 200, 201, -1,
      145, 201, 144, -1,
      144, 201, 202, -1,
      144, 202, 140, -1,
      179, 180, 165, -1,
      165, 180, 181, -1,
      165, 181, 164, -1,
      164, 181, 182, -1,
      164, 182, 163, -1,
      163, 182, 183, -1,
      163, 183, 162, -1,
      162, 183, 184, -1,
      162, 184, 161, -1,
      161, 184, 185, -1,
      161, 185, 160, -1,
      160, 185, 186, -1,
      160, 186, 159, -1,
      159, 186, 189, -1,
      159, 189, 158, -1,
      158, 189, 188, -1,
      158, 188, 187, -1,
      203, 204, 90, -1,
      90, 204, 91, -1,
      205, 203, 98, -1,
      98, 203, 90, -1,
      205, 98, 99, -1,
      205, 99, 206, -1,
      206, 99, 96, -1,
      206, 96, 207, -1,
      208, 207, 95, -1,
      95, 207, 96, -1,
      209, 208, 94, -1,
      94, 208, 95, -1,
      209, 94, 210, -1,
      210, 94, 97, -1,
      210, 97, 102, -1,
      211, 210, 101, -1,
      101, 210, 102, -1,
      211, 101, 212, -1,
      212, 101, 100, -1,
      212, 100, 103, -1,
      105, 213, 104, -1,
      104, 213, 212, -1,
      104, 212, 103, -1,
      105, 117, 213, -1,
      213, 117, 214, -1,
      117, 116, 214, -1,
      214, 116, 112, -1,
      214, 112, 215, -1,
      215, 112, 111, -1,
      215, 111, 216, -1,
      216, 111, 110, -1,
      216, 110, 217, -1,
      217, 110, 109, -1,
      217, 109, 218, -1,
      218, 109, 108, -1,
      218, 108, 219, -1,
      219, 108, 107, -1,
      219, 107, 220, -1,
      221, 220, 106, -1,
      106, 220, 107, -1,
      221, 106, 115, -1,
      221, 115, 222, -1,
      222, 115, 114, -1,
      222, 114, 223, -1,
      223, 114, 113, -1,
      223, 113, 224, -1,
      224, 113, 1, -1,
      224, 1, 225, -1,
      1, 0, 225, -1,
      225, 0, 118, -1,
      225, 118, 226, -1,
      226, 118, 120, -1,
      226, 120, 227, -1,
      227, 120, 119, -1,
      227, 119, 228, -1,
      91, 204, 93, -1,
      93, 204, 228, -1,
      93, 228, 119, -1,
      206, 207, 228, -1,
      204, 203, 228, -1,
      228, 203, 205, -1,
      228, 205, 206, -1,
      210, 211, 209, -1,
      209, 211, 212, -1,
      209, 212, 208, -1,
      207, 208, 228, -1,
      228, 208, 212, -1,
      228, 212, 227, -1,
      212, 213, 227, -1,
      227, 213, 214, -1,
      227, 214, 226, -1,
      226, 214, 215, -1,
      226, 215, 225, -1,
      225, 215, 216, -1,
      225, 216, 224, -1,
      224, 216, 217, -1,
      224, 217, 223, -1,
      223, 217, 218, -1,
      223, 218, 222, -1,
      222, 218, 219, -1,
      222, 219, 221, -1,
      221, 219, 220, -1,
      229, 230, 9, -1,
      9, 230, 10, -1,
      229, 9, 231, -1,
      231, 9, 8, -1,
      231, 8, 7, -1,
      232, 231, 6, -1,
      6, 231, 7, -1,
      232, 6, 233, -1,
      233, 6, 15, -1,
      233, 15, 14, -1,
      234, 233, 13, -1,
      13, 233, 14, -1,
      19, 235, 17, -1,
      17, 235, 234, -1,
      17, 234, 13, -1,
      236, 235, 18, -1,
      18, 235, 19, -1,
      12, 237, 16, -1,
      16, 237, 236, -1,
      16, 236, 18, -1,
      238, 237, 11, -1,
      11, 237, 12, -1,
      22, 239, 92, -1,
      92, 239, 238, -1,
      92, 238, 11, -1,
      240, 239, 21, -1,
      21, 239, 22, -1,
      240, 21, 230, -1,
      230, 21, 20, -1,
      230, 20, 10, -1,
      240, 230, 229, -1,
      229, 231, 240, -1,
      240, 231, 232, -1,
      240, 232, 239, -1,
      237, 238, 236, -1,
      236, 238, 239, -1,
      236, 239, 235, -1,
      235, 239, 232, -1,
      235, 232, 234, -1,
      234, 232, 233, -1,
      241, 242, 243, -1,
      243, 242, 244, -1,
      243, 244, 245, -1,
      245, 244, 246, -1,
      245, 246, 247, -1,
      247, 246, 248, -1,
      247, 248, 249, -1,
      249, 248, 250, -1,
      249, 250, 251, -1,
      251, 250, 252, -1,
      251, 252, 253, -1,
      253, 252, 254, -1,
      253, 254, 255, -1,
      255, 254, 256, -1,
      255, 256, 257, -1,
      257, 256, 258, -1,
      257, 258, 259, -1,
      259, 258, 260, -1,
      259, 260, 261, -1,
      261, 260, 262, -1,
      261, 262, 263, -1,
      263, 262, 264, -1,
      263, 264, 265, -1,
      265, 264, 266, -1,
      265, 266, 267, -1,
      267, 266, 268, -1,
      267, 268, 269, -1,
      269, 268, 270, -1,
      269, 270, 271, -1,
      271, 270, 272, -1,
      271, 272, 273, -1,
      273, 272, 274, -1,
      273, 274, 275, -1,
      275, 274, 241, -1,
      275, 241, 243, -1,
      249, 251, 123, -1,
      123, 251, 121, -1,
      249, 123, 127, -1,
      249, 127, 247, -1,
      247, 127, 126, -1,
      247, 126, 245, -1,
      245, 126, 125, -1,
      245, 125, 243, -1,
      243, 125, 124, -1,
      243, 124, 275, -1,
      275, 124, 137, -1,
      275, 137, 273, -1,
      273, 137, 136, -1,
      273, 136, 271, -1,
      271, 136, 135, -1,
      271, 135, 269, -1,
      269, 135, 131, -1,
      269, 131, 267, -1,
      267, 131, 130, -1,
      267, 130, 265, -1,
      265, 130, 129, -1,
      265, 129, 263, -1,
      263, 129, 128, -1,
      263, 128, 261, -1,
      261, 128, 134, -1,
      261, 134, 259, -1,
      259, 134, 133, -1,
      259, 133, 257, -1,
      257, 133, 132, -1,
      257, 132, 255, -1,
      253, 255, 122, -1,
      122, 255, 132, -1,
      251, 253, 121, -1,
      121, 253, 122, -1,
      256, 254, 276, -1,
      276, 254, 277, -1,
      254, 252, 277, -1,
      277, 252, 278, -1,
      252, 250, 278, -1,
      278, 250, 279, -1,
      242, 280, 281, -1,
      242, 281, 244, -1,
      244, 281, 282, -1,
      244, 282, 246, -1,
      246, 282, 283, -1,
      246, 283, 248, -1,
      248, 283, 279, -1,
      248, 279, 250, -1,
      270, 284, 285, -1,
      270, 285, 272, -1,
      272, 285, 286, -1,
      272, 286, 274, -1,
      274, 286, 287, -1,
      274, 287, 241, -1,
      241, 287, 280, -1,
      241, 280, 242, -1,
      262, 288, 289, -1,
      262, 289, 264, -1,
      264, 289, 290, -1,
      264, 290, 266, -1,
      266, 290, 291, -1,
      266, 291, 268, -1,
      268, 291, 284, -1,
      268, 284, 270, -1,
      256, 276, 292, -1,
      256, 292, 258, -1,
      258, 292, 293, -1,
      258, 293, 260, -1,
      260, 293, 288, -1,
      260, 288, 262, -1,
    ]
  }
}

Shape {
  appearance Appearance {
    material Material {
      diffuseColor 0.2510 0.2510 0.2510
      specularColor 0.1255 0.1255 0.1255
      ambientIntensity 0.2
      transparency 0.0000
      shininess 0.5
    }
  }
  geometry IndexedFaceSet {
    ccw TRUE
    solid FALSE
    coord DEF co Coordinate {
      point [
        0.393701 0.163610 0.152594,
        0.393701 0.159578 0.152594,
        0.393701 0.159578 0.132017,
        0.393701 0.163454 0.132017,
        0.393701 0.171388 0.134801,
        0.393701 0.170897 0.134355,
        0.393701 0.169130 0.133197,
        0.393701 0.166847 0.132383,
        0.393701 0.174240 0.142565,
        0.393701 0.174152 0.140879,
        0.393701 0.173635 0.138433,
        0.393701 0.172717 0.136450,
        0.393701 0.171313 0.150083,
        0.393701 0.172189 0.149197,
        0.393701 0.173191 0.147661,
        0.393701 0.173910 0.145641,
        0.393701 0.167044 0.152215,
        0.393701 0.169360 0.151380,
      ]
    }
    coordIndex [
      1, 2, 0, -1,
      0, 2, 3, -1,
      0, 3, 7, -1,
      7, 6, 0, -1,
      0, 6, 5, -1,
      0, 5, 4, -1,
      4, 11, 0, -1,
      0, 11, 10, -1,
      0, 10, 9, -1,
      9, 8, 0, -1,
      0, 8, 15, -1,
      0, 15, 14, -1,
      14, 13, 0, -1,
      0, 13, 12, -1,
      0, 12, 16, -1,
      16, 12, 17, -1,
    ]
  }
}

Shape {
  appearance Appearance {
    material Material {
      diffuseColor 0.5020 0.5020 0.5020
      specularColor 0.2510 0.2510 0.2510
      ambientIntensity 0.2
      transparency 0.0000
      shininess 0.5
    }
  }
  geometry IndexedFaceSet {
    ccw TRUE
    solid FALSE
    coord DEF co Coordinate {
      point [
        0.393701 0.189509 0.155664,
        0.393701 0.193193 0.155664,
        0.393701 0.199552 0.128974,
        0.393701 0.203359 0.128974,
        0.393701 0.196829 0.136274,
        0.393701 0.185715 0.136274,
        0.393701 0.183150 0.128974,
        0.393701 0.179343 0.128974,
        0.397638 0.186807 0.139290,
        0.397638 0.185715 0.136274,
        0.397638 0.195765 0.139290,
        0.397638 0.196829 0.136274,
        0.397638 0.190798 0.150383,
        0.397638 0.189509 0.155664,
        0.397638 0.179343 0.128974,
        0.397638 0.183150 0.128974,
        0.397638 0.191029 0.151180,
        0.397638 0.191235 0.152253,
        0.397638 0.193193 0.155664,
        0.397638 0.191317 0.152253,
        0.397638 0.191532 0.151124,
        0.397638 0.191733 0.150383,
        0.397638 0.203359 0.128974,
        0.397638 0.199552 0.128974,
        0.393701 0.186807 0.139290,
        0.393701 0.195765 0.139290,
        0.393701 0.191733 0.150383,
        0.393701 0.191317 0.152253,
        0.393701 0.191532 0.151124,
        0.393701 0.191235 0.152253,
        0.393701 0.190798 0.150383,
        0.393701 0.191029 0.151180,
      ]
    }
    coordIndex [
      8, 9, 10, -1,
      10, 9, 11, -1,
      12, 13, 8, -1,
      8, 13, 14, -1,
      8, 14, 9, -1,
      9, 14, 15, -1,
      12, 16, 13, -1,
      13, 16, 17, -1,
      13, 17, 18, -1,
      18, 17, 19, -1,
      18, 19, 20, -1,
      20, 21, 18, -1,
      18, 21, 10, -1,
      18, 10, 22, -1,
      22, 10, 11, -1,
      22, 11, 23, -1,
      18, 22, 1, -1,
      1, 22, 3, -1,
      13, 18, 0, -1,
      0, 18, 1, -1,
      14, 13, 7, -1,
      7, 13, 0, -1,
      15, 14, 6, -1,
      6, 14, 7, -1,
      9, 15, 5, -1,
      5, 15, 6, -1,
      11, 9, 4, -1,
      4, 9, 5, -1,
      23, 11, 2, -1,
      2, 11, 4, -1,
      22, 23, 3, -1,
      3, 23, 2, -1,
      8, 10, 24, -1,
      24, 10, 25, -1,
      10, 21, 25, -1,
      25, 21, 26, -1,
      19, 27, 28, -1,
      19, 28, 20, -1,
      20, 28, 26, -1,
      20, 26, 21, -1,
      19, 17, 27, -1,
      27, 17, 29, -1,
      12, 30, 31, -1,
      12, 31, 16, -1,
      16, 31, 29, -1,
      16, 29, 17, -1,
      12, 8, 30, -1,
      30, 8, 24, -1,
    ]
  }
}

Shape {
  appearance Appearance {
    material Material {
      diffuseColor 0.2510 0.2510 0.2510
      specularColor 0.1255 0.1255 0.1255
      ambientIntensity 0.2
      transparency 0.0000
      shininess 0.5
    }
  }
  geometry IndexedFaceSet {
    ccw TRUE
    solid FALSE
    coord DEF co Coordinate {
      point [
        0.393701 0.186807 0.139290,
        0.393701 0.195765 0.139290,
        0.393701 0.191733 0.150383,
        0.393701 0.191317 0.152253,
        0.393701 0.191532 0.151124,
        0.393701 0.191235 0.152253,
        0.393701 0.190798 0.150383,
        0.393701 0.191029 0.151180,
      ]
    }
    coordIndex [
      3, 5, 4, -1,
      4, 5, 7, -1,
      4, 7, 2, -1,
      2, 7, 6, -1,
      2, 6, 1, -1,
      1, 6, 0, -1,
    ]
  }
}

Shape {
  appearance Appearance {
    material Material {
      diffuseColor 0.5020 0.5020 0.5020
      specularColor 0.2510 0.2510 0.2510
      ambientIntensity 0.2
      transparency 0.0000
      shininess 0.5
    }
  }
  geometry IndexedFaceSet {
    ccw TRUE
    solid FALSE
    coord DEF co Coordinate {
      point [
        0.393701 -0.080019 0.161369,
        0.393701 -0.079637 0.163265,
        0.393701 0.028997 0.177031,
        0.393701 0.034092 0.172629,
        0.393701 0.007568 0.198230,
        0.393701 0.011929 0.195298,
        0.393701 0.018131 0.188148,
        0.393701 0.022176 0.180307,
        0.393701 0.023375 0.179897,
        0.393701 -0.006058 0.204344,
        0.393701 0.003465 0.200989,
        0.393701 -0.032046 0.200620,
        0.393701 -0.023297 0.204002,
        0.393701 -0.013879 0.205166,
        0.393701 -0.071187 0.180687,
        0.393701 -0.069422 0.182324,
        0.393701 -0.035901 0.198230,
        0.393701 -0.036650 0.197765,
        0.393701 -0.063046 0.186570,
        0.393701 -0.055957 0.189080,
        0.393701 -0.049365 0.189795,
        0.393701 -0.041110 0.193946,
        0.393701 -0.047182 0.189677,
        0.393701 -0.045000 0.189416,
        0.393701 -0.078509 0.168847,
        0.393701 -0.077438 0.171090,
        0.393701 -0.075299 0.175566,
        0.393701 -0.056955 0.129261,
        0.393701 -0.060312 0.130324,
        0.393701 -0.067050 0.133887,
        0.393701 -0.072136 0.138370,
        0.393701 -0.072905 0.139257,
        0.393701 -0.076894 0.145383,
        0.393701 -0.079393 0.152496,
        0.393701 -0.080106 0.159054,
        0.393701 -0.052238 0.121715,
        0.393701 -0.055058 0.125198,
        0.393701 -0.056716 0.128749,
        0.393701 -0.046774 0.118176,
        0.393701 -0.048527 0.118915,
        0.393701 -0.031069 0.118176,
        0.393701 -0.034344 0.116921,
        0.393701 -0.038928 0.116357,
        0.393701 -0.039670 0.116371,
        0.393701 -0.044150 0.117073,
        0.393701 -0.021143 0.128749,
        0.393701 -0.021153 0.128704,
        0.393701 -0.023392 0.124470,
        0.393701 -0.026330 0.121172,
        0.393701 -0.030111 0.118544,
        0.393701 0.037536 0.142359,
        0.393701 0.033941 0.137421,
        0.393701 -0.024696 0.148048,
        0.393701 0.000733 0.161331,
        0.393701 -0.028005 0.151062,
        0.393701 -0.032030 0.153222,
        0.393701 0.028487 0.132864,
        0.393701 0.022669 0.130109,
        0.393701 0.016672 0.128881,
        0.393701 0.029107 0.156894,
        0.393701 0.028222 0.160541,
        0.393701 0.026761 0.163265,
        0.393701 -0.067680 0.163265,
        0.393701 0.004476 0.140481,
        0.393701 0.006615 0.151274,
        0.393701 0.003167 0.139988,
        0.393701 0.001990 0.139182,
        0.393701 0.005477 0.128881,
        0.393701 0.004596 0.129008,
        0.393701 0.003332 0.129456,
        0.393701 0.002071 0.130290,
        0.393701 0.001437 0.130922,
        0.393701 -0.066576 0.151893,
        0.393701 -0.064296 0.148009,
        0.393701 -0.054661 0.146065,
        0.393701 -0.060893 0.144516,
        0.393701 -0.056765 0.141975,
        0.393701 -0.047640 0.152343,
        0.393701 -0.051521 0.149650,
        0.393701 -0.068151 0.159433,
        0.393701 -0.067929 0.156541,
        0.393701 0.040163 0.161379,
        0.393701 0.040962 0.155448,
        0.393701 0.040947 0.154539,
        0.393701 0.039997 0.148325,
        0.393701 -0.043447 0.153944,
        0.393701 -0.038928 0.154500,
        0.393701 -0.036610 0.154361,
        0.393701 0.005856 0.140647,
        0.393701 0.006041 0.140633,
        0.393701 0.006610 0.140507,
        0.393701 -0.000026 0.134764,
        0.393701 -0.000002 0.135296,
        0.393701 -0.019952 0.137231,
        0.393701 0.000324 0.136754,
        0.393701 0.001009 0.138080,
        0.393701 0.000624 0.132120,
        0.393701 0.000139 0.133410,
        0.393701 -0.020051 0.133391,
        0.393701 -0.019952 0.135333,
        0.393701 0.025350 0.145227,
        0.393701 0.027436 0.148187,
        0.393701 0.028743 0.151570,
        0.393701 0.029197 0.155259,
        0.393701 0.006995 0.140457,
        0.393701 0.015534 0.140457,
        0.393701 0.018920 0.141103,
        0.393701 0.022270 0.142650,
        0.393701 0.025080 0.144937,
        0.393701 0.012877 0.170060,
        0.393701 -0.065964 0.168250,
        0.393701 -0.067587 0.164017,
        0.393701 0.014395 0.170060,
        0.393701 0.026463 0.163819,
        0.393701 0.024253 0.166289,
        0.393701 0.021309 0.168343,
        0.393701 0.017996 0.169617,
        0.393701 -0.063990 0.171090,
        0.393701 -0.039117 0.175563,
        0.393701 -0.040512 0.176324,
        0.393701 0.009431 0.180410,
        0.393701 0.005378 0.185722,
        0.393701 0.003722 0.187277,
        0.393701 -0.001655 0.190891,
        0.393701 -0.007634 0.193081,
        0.393701 -0.044769 0.177869,
        0.393701 -0.049175 0.178409,
        0.393701 -0.051118 0.178310,
        0.393701 0.012676 0.171090,
        0.393701 0.012076 0.174163,
        0.393701 -0.013689 0.193780,
        0.393701 -0.014537 0.193767,
        0.393701 -0.036462 0.181182,
        0.393701 -0.020863 0.192830,
        0.393701 -0.032298 0.186333,
        0.393701 -0.027049 0.190269,
        0.393701 -0.055804 0.177208,
        0.393701 -0.060038 0.174969,
        0.393701 -0.063336 0.172031,
        0.393701 0.035172 0.171090,
        0.393701 0.037908 0.167191,
        0.393701 0.039431 0.163265,
        0.397638 -0.055058 0.125198,
        0.397638 -0.052238 0.121715,
        0.397638 -0.056765 0.141975,
        0.397638 -0.023392 0.124470,
        0.397638 -0.021153 0.128704,
        0.397638 -0.020051 0.133391,
        0.397638 -0.044030 0.129614,
        0.397638 -0.042512 0.128572,
        0.397638 -0.048527 0.118915,
        0.397638 -0.040756 0.127928,
        0.397638 0.029197 0.155259,
        0.397638 0.028743 0.151570,
        0.397638 0.039997 0.148325,
        0.397638 0.006615 0.151274,
        0.397638 0.000733 0.161331,
        0.397638 -0.019952 0.137231,
        0.397638 -0.024696 0.148048,
        0.397638 -0.019952 0.135333,
        0.397638 -0.030111 0.118544,
        0.397638 -0.026330 0.121172,
        0.397638 -0.060893 0.144516,
        0.397638 -0.060312 0.130324,
        0.397638 -0.056955 0.129261,
        0.397638 0.012877 0.170060,
        0.397638 0.014395 0.170060,
        0.397638 0.022176 0.180307,
        0.397638 0.017996 0.169617,
        0.397638 0.023375 0.179897,
        0.397638 0.021309 0.168343,
        0.397638 0.028997 0.177031,
        0.397638 0.034092 0.172629,
        0.397638 -0.040512 0.176324,
        0.397638 -0.039117 0.175563,
        0.397638 -0.045000 0.189416,
        0.397638 -0.036462 0.181182,
        0.397638 -0.041110 0.193946,
        0.397638 -0.032298 0.186333,
        0.397638 -0.036650 0.197765,
        0.397638 -0.027049 0.190269,
        0.397638 -0.032046 0.200620,
        0.397638 -0.045242 0.130989,
        0.397638 -0.046053 0.132553,
        0.397638 -0.046471 0.134300,
        0.397638 -0.044150 0.117073,
        0.397638 -0.039670 0.116371,
        0.397638 -0.039117 0.127743,
        0.397638 -0.038928 0.116357,
        0.397638 -0.037534 0.127912,
        0.397638 -0.034344 0.116921,
        0.397638 -0.035861 0.128495,
        0.397638 -0.034380 0.129461,
        0.397638 -0.033125 0.130809,
        0.397638 0.037536 0.142359,
        0.397638 0.027436 0.148187,
        0.397638 0.033941 0.137421,
        0.397638 -0.023297 0.204002,
        0.397638 -0.020863 0.192830,
        0.397638 -0.013879 0.205166,
        0.397638 0.011929 0.195298,
        0.397638 0.005378 0.185722,
        0.397638 0.018131 0.188148,
        0.397638 0.009431 0.180410,
        0.397638 0.012076 0.174163,
        0.397638 -0.064296 0.148009,
        0.397638 -0.072136 0.138370,
        0.397638 -0.067050 0.133887,
        0.397638 -0.067587 0.164017,
        0.397638 -0.080019 0.161369,
        0.397638 -0.068151 0.159433,
        0.397638 -0.080106 0.159054,
        0.397638 -0.067929 0.156541,
        0.397638 -0.079393 0.152496,
        0.397638 -0.066576 0.151893,
        0.397638 -0.076894 0.145383,
        0.397638 -0.072905 0.139257,
        0.397638 -0.032216 0.137826,
        0.397638 -0.031773 0.136068,
        0.397638 -0.031770 0.134256,
        0.397638 -0.032233 0.132437,
        0.397638 0.024253 0.166289,
        0.397638 0.026463 0.163819,
        0.397638 0.037908 0.167191,
        0.397638 0.028222 0.160541,
        0.397638 0.040163 0.161379,
        0.397638 0.029107 0.156894,
        0.397638 0.040962 0.155448,
        0.397638 0.040947 0.154539,
        0.397638 0.025350 0.145227,
        0.397638 0.025080 0.144937,
        0.397638 0.028487 0.132864,
        0.397638 0.022270 0.142650,
        0.397638 0.022669 0.130109,
        0.397638 0.018920 0.141103,
        0.397638 0.016672 0.128881,
        0.397638 0.015534 0.140457,
        0.397638 0.005477 0.128881,
        0.397638 0.006995 0.140457,
        0.397638 0.004596 0.129008,
        0.397638 -0.044769 0.177869,
        0.397638 -0.047182 0.189677,
        0.397638 -0.049175 0.178409,
        0.397638 -0.049365 0.189795,
        0.397638 -0.051118 0.178310,
        0.397638 -0.055957 0.189080,
        0.397638 -0.055804 0.177208,
        0.397638 -0.063046 0.186570,
        0.397638 -0.060038 0.174969,
        0.397638 -0.069422 0.182324,
        0.397638 -0.063336 0.172031,
        0.397638 -0.071187 0.180687,
        0.397638 -0.065964 0.168250,
        0.397638 -0.075299 0.175566,
        0.397638 -0.078509 0.168847,
        0.397638 -0.014537 0.193767,
        0.397638 -0.013689 0.193780,
        0.397638 -0.006058 0.204344,
        0.397638 -0.007634 0.193081,
        0.397638 0.003465 0.200989,
        0.397638 -0.001655 0.190891,
        0.397638 0.003722 0.187277,
        0.397638 -0.046471 0.135987,
        0.397638 -0.046026 0.137808,
        0.397638 -0.054661 0.146065,
        0.397638 -0.045135 0.139451,
        0.397638 -0.051521 0.149650,
        0.397638 -0.043882 0.140800,
        0.397638 -0.047640 0.152343,
        0.397638 -0.042363 0.141790,
        0.397638 -0.043447 0.153944,
        0.397638 -0.040686 0.142375,
        0.397638 -0.038928 0.154500,
        0.397638 -0.039117 0.142544,
        0.397638 -0.036610 0.154361,
        0.397638 -0.037577 0.142381,
        0.397638 -0.032030 0.153222,
        0.397638 -0.035811 0.141760,
        0.397638 -0.028005 0.151062,
        0.397638 -0.034278 0.140737,
        0.397638 -0.033049 0.139379,
        0.397638 0.006041 0.140633,
        0.397638 0.001437 0.130922,
        0.397638 0.002071 0.130290,
        0.397638 0.004476 0.140481,
        0.397638 0.003167 0.139988,
        0.397638 -0.000002 0.135296,
        0.397638 -0.000026 0.134764,
        0.397638 0.000139 0.133410,
        0.397638 0.000624 0.132120,
        0.397638 0.006610 0.140507,
        0.397638 0.003332 0.129456,
        0.397638 0.005856 0.140647,
        0.397638 0.001990 0.139182,
        0.397638 0.001009 0.138080,
        0.397638 0.000324 0.136754,
        0.393701 -0.039117 0.142544,
        0.393701 -0.037577 0.142381,
        0.393701 -0.035811 0.141760,
        0.393701 -0.034278 0.140737,
        0.393701 -0.033049 0.139379,
        0.393701 -0.032216 0.137826,
        0.393701 -0.031773 0.136068,
        0.393701 -0.031770 0.134256,
        0.393701 -0.032233 0.132437,
        0.393701 -0.033125 0.130809,
        0.393701 -0.034380 0.129461,
        0.393701 -0.035861 0.128495,
        0.393701 -0.037534 0.127912,
        0.393701 -0.039117 0.127743,
        0.393701 -0.040756 0.127928,
        0.393701 -0.042512 0.128572,
        0.393701 -0.044030 0.129614,
        0.393701 -0.045242 0.130989,
        0.393701 -0.046053 0.132553,
        0.393701 -0.046471 0.134300,
        0.393701 -0.046471 0.135987,
        0.393701 -0.046026 0.137808,
        0.393701 -0.045135 0.139451,
        0.393701 -0.043882 0.140800,
        0.393701 -0.042363 0.141790,
        0.393701 -0.040686 0.142375,
      ]
    }
    coordIndex [
      142, 143, 144, -1,
      145, 146, 147, -1,
      148, 143, 149, -1,
      149, 143, 150, -1,
      149, 150, 151, -1,
      152, 153, 154, -1,
      155, 156, 157, -1,
      157, 156, 158, -1,
      157, 158, 159, -1,
      159, 158, 160, -1,
      159, 160, 147, -1,
      147, 160, 161, -1,
      147, 161, 145, -1,
      162, 163, 144, -1,
      144, 163, 164, -1,
      144, 164, 142, -1,
      165, 166, 167, -1,
      167, 166, 168, -1,
      167, 168, 169, -1,
      169, 168, 170, -1,
      169, 170, 171, -1,
      171, 170, 172, -1,
      173, 174, 175, -1,
      175, 174, 176, -1,
      175, 176, 177, -1,
      177, 176, 178, -1,
      177, 178, 179, -1,
      179, 178, 180, -1,
      179, 180, 181, -1,
      148, 182, 143, -1,
      143, 182, 183, -1,
      143, 183, 144, -1,
      144, 183, 184, -1,
      150, 185, 151, -1,
      151, 185, 186, -1,
      151, 186, 187, -1,
      187, 186, 188, -1,
      187, 188, 189, -1,
      189, 188, 190, -1,
      189, 190, 191, -1,
      191, 190, 160, -1,
      191, 160, 192, -1,
      192, 160, 193, -1,
      154, 153, 194, -1,
      194, 153, 195, -1,
      194, 195, 196, -1,
      181, 180, 197, -1,
      197, 180, 198, -1,
      197, 198, 199, -1,
      200, 201, 202, -1,
      202, 201, 203, -1,
      202, 203, 167, -1,
      167, 203, 204, -1,
      167, 204, 165, -1,
      205, 206, 162, -1,
      162, 206, 207, -1,
      162, 207, 163, -1,
      208, 209, 210, -1,
      210, 209, 211, -1,
      210, 211, 212, -1,
      212, 211, 213, -1,
      212, 213, 214, -1,
      214, 213, 215, -1,
      214, 215, 205, -1,
      205, 215, 216, -1,
      205, 216, 206, -1,
      217, 218, 158, -1,
      158, 218, 219, -1,
      158, 219, 160, -1,
      160, 219, 220, -1,
      160, 220, 193, -1,
      170, 221, 172, -1,
      172, 221, 222, -1,
      172, 222, 223, -1,
      223, 222, 224, -1,
      223, 224, 225, -1,
      225, 224, 226, -1,
      225, 226, 227, -1,
      227, 226, 152, -1,
      227, 152, 228, -1,
      228, 152, 154, -1,
      195, 229, 196, -1,
      196, 229, 230, -1,
      196, 230, 231, -1,
      231, 230, 232, -1,
      231, 232, 233, -1,
      233, 232, 234, -1,
      233, 234, 235, -1,
      235, 234, 236, -1,
      235, 236, 237, -1,
      237, 236, 238, -1,
      237, 238, 239, -1,
      173, 175, 240, -1,
      240, 175, 241, -1,
      240, 241, 242, -1,
      242, 241, 243, -1,
      242, 243, 244, -1,
      244, 243, 245, -1,
      244, 245, 246, -1,
      246, 245, 247, -1,
      246, 247, 248, -1,
      248, 247, 249, -1,
      248, 249, 250, -1,
      250, 249, 251, -1,
      250, 251, 252, -1,
      252, 251, 253, -1,
      252, 253, 208, -1,
      208, 253, 254, -1,
      208, 254, 209, -1,
      198, 255, 199, -1,
      199, 255, 256, -1,
      199, 256, 257, -1,
      257, 256, 258, -1,
      257, 258, 259, -1,
      259, 258, 260, -1,
      259, 260, 200, -1,
      200, 260, 261, -1,
      200, 261, 201, -1,
      184, 262, 144, -1,
      144, 262, 263, -1,
      144, 263, 264, -1,
      264, 263, 265, -1,
      264, 265, 266, -1,
      266, 265, 267, -1,
      266, 267, 268, -1,
      268, 267, 269, -1,
      268, 269, 270, -1,
      270, 269, 271, -1,
      270, 271, 272, -1,
      272, 271, 273, -1,
      272, 273, 274, -1,
      274, 273, 275, -1,
      274, 275, 276, -1,
      276, 275, 277, -1,
      276, 277, 278, -1,
      278, 277, 279, -1,
      278, 279, 158, -1,
      158, 279, 280, -1,
      158, 280, 217, -1,
      281, 282, 283, -1,
      284, 285, 286, -1,
      287, 288, 281, -1,
      281, 288, 289, -1,
      281, 289, 282, -1,
      238, 290, 239, -1,
      239, 290, 281, -1,
      239, 281, 291, -1,
      291, 281, 283, -1,
      287, 281, 286, -1,
      286, 281, 292, -1,
      286, 292, 284, -1,
      285, 293, 286, -1,
      286, 293, 294, -1,
      286, 294, 295, -1,
      227, 82, 81, -1,
      227, 81, 225, -1,
      225, 81, 141, -1,
      225, 141, 223, -1,
      141, 140, 223, -1,
      223, 140, 139, -1,
      223, 139, 172, -1,
      139, 3, 172, -1,
      172, 3, 2, -1,
      172, 2, 171, -1,
      171, 2, 8, -1,
      171, 8, 169, -1,
      169, 8, 7, -1,
      169, 7, 167, -1,
      167, 7, 6, -1,
      167, 6, 202, -1,
      202, 6, 5, -1,
      202, 5, 200, -1,
      200, 5, 259, -1,
      259, 5, 4, -1,
      4, 10, 259, -1,
      259, 10, 9, -1,
      259, 9, 257, -1,
      257, 9, 13, -1,
      257, 13, 199, -1,
      17, 179, 16, -1,
      16, 179, 181, -1,
      16, 181, 11, -1,
      11, 181, 197, -1,
      11, 197, 12, -1,
      12, 197, 199, -1,
      12, 199, 13, -1,
      179, 17, 21, -1,
      179, 21, 177, -1,
      177, 21, 23, -1,
      177, 23, 175, -1,
      175, 23, 22, -1,
      175, 22, 241, -1,
      241, 22, 20, -1,
      241, 20, 243, -1,
      243, 20, 19, -1,
      243, 19, 245, -1,
      245, 19, 18, -1,
      245, 18, 247, -1,
      247, 18, 15, -1,
      247, 15, 249, -1,
      249, 15, 14, -1,
      249, 14, 251, -1,
      34, 211, 209, -1,
      251, 14, 26, -1,
      25, 254, 26, -1,
      26, 254, 253, -1,
      26, 253, 251, -1,
      25, 24, 254, -1,
      254, 24, 1, -1,
      254, 1, 209, -1,
      209, 1, 0, -1,
      209, 0, 34, -1,
      211, 34, 33, -1,
      211, 33, 213, -1,
      213, 33, 32, -1,
      213, 32, 215, -1,
      215, 32, 31, -1,
      215, 31, 216, -1,
      216, 31, 30, -1,
      216, 30, 206, -1,
      206, 30, 29, -1,
      206, 29, 207, -1,
      207, 29, 28, -1,
      207, 28, 163, -1,
      163, 28, 27, -1,
      163, 27, 164, -1,
      164, 27, 37, -1,
      164, 37, 142, -1,
      37, 36, 142, -1,
      142, 36, 35, -1,
      142, 35, 143, -1,
      143, 35, 39, -1,
      143, 39, 150, -1,
      150, 39, 38, -1,
      150, 38, 185, -1,
      38, 44, 185, -1,
      185, 44, 43, -1,
      185, 43, 186, -1,
      186, 43, 42, -1,
      186, 42, 188, -1,
      99, 159, 147, -1,
      188, 42, 41, -1,
      188, 41, 190, -1,
      190, 41, 40, -1,
      190, 40, 160, -1,
      40, 49, 160, -1,
      160, 49, 48, -1,
      160, 48, 161, -1,
      161, 48, 47, -1,
      161, 47, 145, -1,
      145, 47, 46, -1,
      145, 46, 146, -1,
      146, 46, 45, -1,
      146, 45, 147, -1,
      147, 45, 98, -1,
      147, 98, 99, -1,
      157, 159, 93, -1,
      93, 159, 99, -1,
      155, 157, 64, -1,
      64, 157, 93, -1,
      156, 155, 53, -1,
      53, 155, 64, -1,
      158, 156, 52, -1,
      52, 156, 53, -1,
      158, 52, 54, -1,
      158, 54, 278, -1,
      278, 54, 55, -1,
      278, 55, 276, -1,
      276, 55, 87, -1,
      276, 87, 274, -1,
      274, 87, 86, -1,
      274, 86, 272, -1,
      272, 86, 85, -1,
      272, 85, 270, -1,
      270, 85, 77, -1,
      270, 77, 268, -1,
      268, 77, 78, -1,
      268, 78, 266, -1,
      266, 78, 74, -1,
      266, 74, 264, -1,
      264, 74, 76, -1,
      264, 76, 144, -1,
      144, 76, 75, -1,
      144, 75, 162, -1,
      162, 75, 73, -1,
      162, 73, 205, -1,
      205, 73, 72, -1,
      205, 72, 214, -1,
      214, 72, 80, -1,
      214, 80, 212, -1,
      212, 80, 79, -1,
      212, 79, 210, -1,
      79, 62, 210, -1,
      210, 62, 208, -1,
      62, 111, 208, -1,
      208, 111, 110, -1,
      208, 110, 252, -1,
      252, 110, 117, -1,
      252, 117, 250, -1,
      117, 138, 250, -1,
      250, 138, 137, -1,
      250, 137, 248, -1,
      248, 137, 136, -1,
      248, 136, 246, -1,
      246, 136, 127, -1,
      246, 127, 244, -1,
      244, 127, 126, -1,
      244, 126, 242, -1,
      242, 126, 125, -1,
      242, 125, 240, -1,
      240, 125, 119, -1,
      240, 119, 173, -1,
      173, 119, 118, -1,
      173, 118, 174, -1,
      174, 118, 132, -1,
      174, 132, 176, -1,
      176, 132, 134, -1,
      176, 134, 178, -1,
      178, 134, 135, -1,
      178, 135, 180, -1,
      180, 135, 133, -1,
      180, 133, 198, -1,
      198, 133, 131, -1,
      198, 131, 255, -1,
      255, 131, 130, -1,
      255, 130, 256, -1,
      109, 165, 128, -1,
      128, 165, 204, -1,
      128, 204, 129, -1,
      129, 204, 203, -1,
      129, 203, 120, -1,
      120, 203, 201, -1,
      120, 201, 121, -1,
      121, 201, 261, -1,
      121, 261, 122, -1,
      122, 261, 260, -1,
      122, 260, 123, -1,
      123, 260, 258, -1,
      123, 258, 124, -1,
      124, 258, 256, -1,
      124, 256, 130, -1,
      166, 165, 112, -1,
      112, 165, 109, -1,
      166, 112, 116, -1,
      166, 116, 168, -1,
      168, 116, 115, -1,
      168, 115, 170, -1,
      170, 115, 114, -1,
      170, 114, 221, -1,
      221, 114, 113, -1,
      221, 113, 222, -1,
      222, 113, 61, -1,
      222, 61, 224, -1,
      61, 60, 224, -1,
      224, 60, 59, -1,
      224, 59, 226, -1,
      226, 59, 103, -1,
      226, 103, 152, -1,
      152, 103, 102, -1,
      152, 102, 153, -1,
      153, 102, 101, -1,
      153, 101, 195, -1,
      195, 101, 100, -1,
      195, 100, 229, -1,
      229, 100, 108, -1,
      229, 108, 230, -1,
      230, 108, 107, -1,
      230, 107, 232, -1,
      232, 107, 106, -1,
      232, 106, 234, -1,
      234, 106, 105, -1,
      234, 105, 236, -1,
      238, 236, 104, -1,
      104, 236, 105, -1,
      238, 104, 90, -1,
      238, 90, 290, -1,
      290, 90, 89, -1,
      290, 89, 281, -1,
      281, 89, 88, -1,
      281, 88, 292, -1,
      292, 88, 63, -1,
      292, 63, 284, -1,
      284, 63, 65, -1,
      284, 65, 285, -1,
      285, 65, 66, -1,
      285, 66, 293, -1,
      293, 66, 95, -1,
      293, 95, 294, -1,
      294, 95, 94, -1,
      294, 94, 295, -1,
      295, 94, 92, -1,
      295, 92, 286, -1,
      286, 92, 91, -1,
      286, 91, 287, -1,
      287, 91, 97, -1,
      287, 97, 288, -1,
      288, 97, 96, -1,
      288, 96, 289, -1,
      289, 96, 71, -1,
      289, 71, 282, -1,
      282, 71, 70, -1,
      282, 70, 283, -1,
      283, 70, 69, -1,
      283, 69, 291, -1,
      291, 69, 68, -1,
      291, 68, 239, -1,
      239, 68, 67, -1,
      239, 67, 237, -1,
      235, 237, 58, -1,
      58, 237, 67, -1,
      235, 58, 57, -1,
      235, 57, 233, -1,
      233, 57, 56, -1,
      233, 56, 231, -1,
      231, 56, 51, -1,
      231, 51, 196, -1,
      196, 51, 50, -1,
      196, 50, 194, -1,
      194, 50, 84, -1,
      194, 84, 154, -1,
      154, 84, 83, -1,
      154, 83, 228, -1,
      228, 83, 82, -1,
      228, 82, 227, -1,
      273, 296, 297, -1,
      273, 297, 275, -1,
      275, 297, 298, -1,
      275, 298, 277, -1,
      277, 298, 299, -1,
      277, 299, 279, -1,
      279, 299, 300, -1,
      279, 300, 280, -1,
      280, 300, 301, -1,
      280, 301, 217, -1,
      217, 301, 302, -1,
      217, 302, 218, -1,
      218, 302, 303, -1,
      218, 303, 219, -1,
      219, 303, 304, -1,
      219, 304, 220, -1,
      220, 304, 305, -1,
      220, 305, 193, -1,
      193, 305, 306, -1,
      193, 306, 192, -1,
      192, 306, 307, -1,
      192, 307, 191, -1,
      191, 307, 308, -1,
      191, 308, 189, -1,
      189, 308, 309, -1,
      189, 309, 187, -1,
      187, 309, 310, -1,
      187, 310, 151, -1,
      151, 310, 311, -1,
      151, 311, 149, -1,
      149, 311, 312, -1,
      149, 312, 148, -1,
      148, 312, 313, -1,
      148, 313, 182, -1,
      182, 313, 314, -1,
      182, 314, 183, -1,
      183, 314, 315, -1,
      183, 315, 184, -1,
      184, 315, 316, -1,
      184, 316, 262, -1,
      262, 316, 317, -1,
      262, 317, 263, -1,
      263, 317, 318, -1,
      263, 318, 265, -1,
      265, 318, 319, -1,
      265, 319, 267, -1,
      267, 319, 320, -1,
      267, 320, 269, -1,
      269, 320, 321, -1,
      269, 321, 271, -1,
      271, 321, 296, -1,
      271, 296, 273, -1,
    ]
  }
}

Shape {
  appearance Appearance {
    material Material {
      diffuseColor 0.2510 0.2510 0.2510
      specularColor 0.1255 0.1255 0.1255
      ambientIntensity 0.2
      transparency 0.0000
      shininess 0.5
    }
  }
  geometry IndexedFaceSet {
    ccw TRUE
    solid FALSE
    coord DEF co Coordinate {
      point [
        0.393701 -0.039117 0.142544,
        0.393701 -0.037577 0.142381,
        0.393701 -0.035811 0.141760,
        0.393701 -0.034278 0.140737,
        0.393701 -0.033049 0.139379,
        0.393701 -0.032216 0.137826,
        0.393701 -0.031773 0.136068,
        0.393701 -0.031770 0.134256,
        0.393701 -0.032233 0.132437,
        0.393701 -0.033125 0.130809,
        0.393701 -0.034380 0.129461,
        0.393701 -0.035861 0.128495,
        0.393701 -0.037534 0.127912,
        0.393701 -0.039117 0.127743,
        0.393701 -0.040756 0.127928,
        0.393701 -0.042512 0.128572,
        0.393701 -0.044030 0.129614,
        0.393701 -0.045242 0.130989,
        0.393701 -0.046053 0.132553,
        0.393701 -0.046471 0.134300,
        0.393701 -0.046471 0.135987,
        0.393701 -0.046026 0.137808,
        0.393701 -0.045135 0.139451,
        0.393701 -0.043882 0.140800,
        0.393701 -0.042363 0.141790,
        0.393701 -0.040686 0.142375,
      ]
    }
    coordIndex [
      25, 13, 0, -1,
      0, 13, 12, -1,
      0, 12, 1, -1,
      19, 25, 20, -1,
      20, 25, 24, -1,
      19, 18, 25, -1,
      25, 18, 17, -1,
      25, 17, 16, -1,
      10, 4, 3, -1,
      24, 23, 20, -1,
      20, 23, 22, -1,
      20, 22, 21, -1,
      16, 15, 25, -1,
      25, 15, 14, -1,
      25, 14, 13, -1,
      12, 11, 1, -1,
      1, 11, 10, -1,
      1, 10, 2, -1,
      2, 10, 3, -1,
      8, 7, 9, -1,
      9, 7, 6, -1,
      9, 6, 10, -1,
      10, 6, 5, -1,
      10, 5, 4, -1,
    ]
  }
}
